2026-08-19 16:52:17,667 | INFO | root | Using bot username from Telegram: @WorldMafiaBot
2026-08-19 16:52:17,702 | INFO | apscheduler.scheduler | Scheduler started
2026-08-19 16:52:17,702 | INFO | apscheduler.scheduler | Added job "GameEngine.registration_watchdog" to job store "default"
2026-08-19 16:52:17,708 | INFO | apscheduler.scheduler | Added job "GameEngine.premium_reset_watchdog" to job store "default"
2026-08-19 16:52:17,708 | INFO | apscheduler.scheduler | Added job "GameEngine.send_pending_diamond_logs" to job store "default"
2026-08-19 16:52:17,708 | INFO | apscheduler.scheduler | Added job "CreditService.daily_watchdog" to job store "default"
2026-08-19 16:52:18,326 | INFO | aiogram.dispatcher | Start polling
2026-08-19 16:52:18,451 | INFO | aiogram.dispatcher | Run polling for bot @WorldMafiaBot id=8894100649 - 'WORLD MAFIA BOT \U0001f3c6'
2026-08-19 16:52:22,709 | INFO | apscheduler.executors.default | Running job "GameEngine.registration_watchdog (trigger: interval[0:00:05], next run at: 2026-08-19 11:52:27 UTC)" (scheduled at 2026-08-19 11:52:22.702445+00:00)
2026-08-19 16:52:22,709 | INFO | apscheduler.executors.default | Job "GameEngine.registration_watchdog (trigger: interval[0:00:05], next run at: 2026-08-19 11:52:27 UTC)" executed successfully
2026-08-19 16:52:27,709 | INFO | apscheduler.executors.default | Running job "GameEngine.registration_watchdog (trigger: interval[0:00:05], next run at: 2026-08-19 11:52:32 UTC)" (scheduled at 2026-08-19 11:52:27.702445+00:00)
2026-08-19 16:52:27,709 | INFO | apscheduler.executors.default | Job "GameEngine.registration_watchdog (trigger: interval[0:00:05], next run at: 2026-08-19 11:52:32 UTC)" executed successfully
2026-08-19 16:52:32,710 | INFO | apscheduler.executors.default | Running job "GameEngine.registration_watchdog (trigger: interval[0:00:05], next run at: 2026-08-19 11:52:37 UTC)" (scheduled at 2026-08-19 11:52:32.702445+00:00)
2026-08-19 16:52:32,710 | INFO | apscheduler.executors.default | Job "GameEngine.registration_watchdog (trigger: interval[0:00:05], next run at: 2026-08-19 11:52:37 UTC)" executed successfully
2026-08-19 16:52:35,489 | INFO | root | DEBUG_INCOMING Message from=7526403539 payload=Soxa xujat
2026-08-19 16:52:35,500 | INFO | aiogram.event | Update id=466217121 is handled. Duration 15 ms by bot id=8894100649
2026-08-19 16:52:36,153 | INFO | root | DEBUG_INCOMING Message from=1032523871 payload=Sohta hujat
2026-08-19 16:52:36,160 | INFO | aiogram.event | Update id=466217122 is handled. Duration 15 ms by bot id=8894100649
2026-08-19 16:52:37,451 | INFO | root | DEBUG_INCOMING Message from=5713560695 payload=/givegame 1 3
2026-08-19 16:52:37,708 | INFO | apscheduler.executors.default | Running job "GameEngine.registration_watchdog (trigger: interval[0:00:05], next run at: 2026-08-19 11:52:42 UTC)" (scheduled at 2026-08-19 11:52:37.702445+00:00)
2026-08-19 16:52:37,708 | INFO | apscheduler.executors.default | Job "GameEngine.registration_watchdog (trigger: interval[0:00:05], next run at: 2026-08-19 11:52:42 UTC)" executed successfully
2026-08-19 16:52:37,937 | INFO | aiogram.event | Update id=466217123 is handled. Duration 484 ms by bot id=8894100649
2026-08-19 16:52:42,709 | INFO | apscheduler.executors.default | Running job "GameEngine.registration_watchdog (trigger: interval[0:00:05], next run at: 2026-08-19 11:52:47 UTC)" (scheduled at 2026-08-19 11:52:42.702445+00:00)
2026-08-19 16:52:42,709 | INFO | apscheduler.executors.default | Job "GameEngine.registration_watchdog (trigger: interval[0:00:05], next run at: 2026-08-19 11:52:47 UTC)" executed successfully
2026-08-19 16:52:44,973 | INFO | root | DEBUG_INCOMING Message from=5713560695 payload=/game@ProMafiyaBot
2026-08-19 16:52:45,357 | INFO | aiogram.event | Update id=466217124 is handled. Duration 391 ms by bot id=8894100649
2026-08-19 16:52:45,940 | INFO | root | DEBUG_INCOMING Message from=5713560695 payload=5
2026-08-19 16:52:45,940 | INFO | aiogram.event | Update id=466217125 is handled. Duration 0 ms by bot id=8894100649
2026-08-19 16:52:47,270 | INFO | root | DEBUG_INCOMING Message from=5713560695 payload=4
2026-08-19 16:52:47,278 | INFO | aiogram.event | Update id=466217126 is handled. Duration 15 ms by bot id=8894100649
2026-08-19 16:52:47,708 | INFO | apscheduler.executors.default | Running job "GameEngine.registration_watchdog (trigger: interval[0:00:05], next run at: 2026-08-19 11:52:52 UTC)" (scheduled at 2026-08-19 11:52:47.702445+00:00)
2026-08-19 16:52:47,708 | INFO | apscheduler.executors.default | Running job "GameEngine.send_pending_diamond_logs (trigger: interval[0:00:30], next run at: 2026-08-19 11:53:17 UTC)" (scheduled at 2026-08-19 11:52:47.708289+00:00)
2026-08-19 16:52:47,708 | INFO | apscheduler.executors.default | Job "GameEngine.registration_watchdog (trigger: interval[0:00:05], next run at: 2026-08-19 11:52:52 UTC)" executed successfully
2026-08-19 16:52:47,715 | INFO | apscheduler.executors.default | Job "GameEngine.send_pending_diamond_logs (trigger: interval[0:00:30], next run at: 2026-08-19 11:53:17 UTC)" executed successfully
2026-08-19 16:52:47,799 | INFO | root | DEBUG_INCOMING Message from=8692634539 payload=Чат ккми одамчала
2026-08-19 16:52:47,805 | INFO | aiogram.event | Update id=466217127 is handled. Duration 15 ms by bot id=8894100649
2026-08-19 16:52:48,735 | INFO | root | DEBUG_INCOMING Message from=5713560695 payload=3
2026-08-19 16:52:48,741 | INFO | aiogram.event | Update id=466217128 is handled. Duration 0 ms by bot id=8894100649
2026-08-19 16:52:50,667 | INFO | root | DEBUG_INCOMING Message from=5713560695 payload=2
2026-08-19 16:52:50,667 | INFO | aiogram.event | Update id=466217129 is handled. Duration 0 ms by bot id=8894100649
2026-08-19 16:52:51,840 | INFO | root | DEBUG_INCOMING Message from=5713560695 payload=1
2026-08-19 16:52:51,847 | INFO | aiogram.event | Update id=466217130 is handled. Duration 0 ms by bot id=8894100649
2026-08-19 16:52:52,711 | INFO | apscheduler.executors.default | Running job "GameEngine.registration_watchdog (trigger: interval[0:00:05], next run at: 2026-08-19 11:52:57 UTC)" (scheduled at 2026-08-19 11:52:52.702445+00:00)
2026-08-19 16:52:52,711 | INFO | apscheduler.executors.default | Job "GameEngine.registration_watchdog (trigger: interval[0:00:05], next run at: 2026-08-19 11:52:57 UTC)" executed successfully
2026-08-19 16:52:55,265 | INFO | root | DEBUG_INCOMING Message from=5713560695 payload=Qo\u02bbshl
2026-08-19 16:52:55,274 | INFO | aiogram.event | Update id=466217131 is handled. Duration 0 ms by bot id=8894100649
2026-08-19 16:52:57,711 | INFO | apscheduler.executors.default | Running job "GameEngine.registration_watchdog (trigger: interval[0:00:05], next run at: 2026-08-19 11:53:02 UTC)" (scheduled at 2026-08-19 11:52:57.702445+00:00)
2026-08-19 16:52:57,713 | INFO | apscheduler.executors.default | Job "GameEngine.registration_watchdog (trigger: interval[0:00:05], next run at: 2026-08-19 11:53:02 UTC)" executed successfully
2026-08-19 16:52:58,521 | INFO | root | DEBUG_INCOMING Message from=5713560695 payload=.admin
2026-08-19 16:52:58,532 | INFO | aiogram.event | Update id=466217132 is handled. Duration 15 ms by bot id=8894100649
2026-08-19 16:53:01,198 | INFO | root | DEBUG_INCOMING Message from=7526403539 payload=Km bu
2026-08-19 16:53:01,202 | INFO | aiogram.event | Update id=466217133 is handled. Duration 15 ms by bot id=8894100649
2026-08-19 16:53:02,708 | INFO | apscheduler.executors.default | Running job "GameEngine.registration_watchdog (trigger: interval[0:00:05], next run at: 2026-08-19 11:53:07 UTC)" (scheduled at 2026-08-19 11:53:02.702445+00:00)
2026-08-19 16:53:02,708 | INFO | apscheduler.executors.default | Job "GameEngine.registration_watchdog (trigger: interval[0:00:05], next run at: 2026-08-19 11:53:07 UTC)" executed successfully
2026-08-19 16:53:07,708 | INFO | apscheduler.executors.default | Running job "GameEngine.registration_watchdog (trigger: interval[0:00:05], next run at: 2026-08-19 11:53:12 UTC)" (scheduled at 2026-08-19 11:53:07.702445+00:00)
2026-08-19 16:53:07,708 | INFO | apscheduler.executors.default | Job "GameEngine.registration_watchdog (trigger: interval[0:00:05], next run at: 2026-08-19 11:53:12 UTC)" executed successfully
2026-08-19 16:53:08,325 | INFO | root | DEBUG_INCOMING Message from=8692634539 payload=Рухшона
2026-08-19 16:53:08,325 | INFO | aiogram.event | Update id=466217134 is handled. Duration 0 ms by bot id=8894100649
2026-08-19 16:53:12,708 | INFO | apscheduler.executors.default | Running job "GameEngine.registration_watchdog (trigger: interval[0:00:05], next run at: 2026-08-19 11:53:17 UTC)" (scheduled at 2026-08-19 11:53:12.702445+00:00)
2026-08-19 16:53:12,708 | INFO | apscheduler.executors.default | Job "GameEngine.registration_watchdog (trigger: interval[0:00:05], next run at: 2026-08-19 11:53:17 UTC)" executed successfully
2026-08-19 16:53:17,166 | INFO | root | DEBUG_INCOMING Message from=5713560695 payload=/game@ProMafiyaBot
2026-08-19 16:53:17,366 | INFO | aiogram.event | Update id=466217135 is handled. Duration 203 ms by bot id=8894100649
2026-08-19 16:53:17,710 | INFO | apscheduler.executors.default | Running job "GameEngine.registration_watchdog (trigger: interval[0:00:05], next run at: 2026-08-19 11:53:22 UTC)" (scheduled at 2026-08-19 11:53:17.702445+00:00)
2026-08-19 16:53:17,710 | INFO | apscheduler.executors.default | Running job "GameEngine.send_pending_diamond_logs (trigger: interval[0:00:30], next run at: 2026-08-19 11:53:47 UTC)" (scheduled at 2026-08-19 11:53:17.708289+00:00)
2026-08-19 16:53:17,710 | INFO | apscheduler.executors.default | Running job "GameEngine.premium_reset_watchdog (trigger: interval[0:01:00], next run at: 2026-08-19 11:54:17 UTC)" (scheduled at 2026-08-19 11:53:17.708289+00:00)
2026-08-19 16:53:17,781 | INFO | apscheduler.executors.default | Job "GameEngine.registration_watchdog (trigger: interval[0:00:05], next run at: 2026-08-19 11:53:22 UTC)" executed successfully
2026-08-19 16:53:17,781 | INFO | apscheduler.executors.default | Job "GameEngine.premium_reset_watchdog (trigger: interval[0:01:00], next run at: 2026-08-19 11:54:17 UTC)" executed successfully
2026-08-19 16:53:17,781 | INFO | apscheduler.executors.default | Job "GameEngine.send_pending_diamond_logs (trigger: interval[0:00:30], next run at: 2026-08-19 11:53:47 UTC)" executed successfully
2026-08-19 16:53:18,976 | INFO | root | DEBUG_INCOMING Message from=7526403539 payload=Ruxwonjon \U0001f602
2026-08-19 16:53:18,976 | INFO | root | DEBUG_INCOMING Message from=5713560695 payload=St
2026-08-19 16:53:18,976 | INFO | aiogram.event | Update id=466217136 is handled. Duration 15 ms by bot id=8894100649
2026-08-19 16:53:18,992 | INFO | aiogram.event | Update id=466217137 is handled. Duration 31 ms by bot id=8894100649
2026-08-19 16:53:22,629 | INFO | root | DEBUG_INCOMING Message from=5713560695 payload=/start@ProMafiyaBot
2026-08-19 16:53:22,709 | INFO | apscheduler.executors.default | Running job "GameEngine.registration_watchdog (trigger: interval[0:00:05], next run at: 2026-08-19 11:53:27 UTC)" (scheduled at 2026-08-19 11:53:22.702445+00:00)
2026-08-19 16:53:22,709 | INFO | apscheduler.executors.default | Job "GameEngine.registration_watchdog (trigger: interval[0:00:05], next run at: 2026-08-19 11:53:27 UTC)" executed successfully
2026-08-19 16:53:22,966 | INFO | aiogram.event | Update id=466217138 is handled. Duration 342 ms by bot id=8894100649
2026-08-19 16:53:27,702 | INFO | apscheduler.executors.default | Running job "GameEngine.registration_watchdog (trigger: interval[0:00:05], next run at: 2026-08-19 11:53:32 UTC)" (scheduled at 2026-08-19 11:53:27.702445+00:00)
2026-08-19 16:53:27,705 | INFO | apscheduler.executors.default | Job "GameEngine.registration_watchdog (trigger: interval[0:00:05], next run at: 2026-08-19 11:53:32 UTC)" executed successfully
2026-08-19 16:53:31,425 | INFO | root | DEBUG_INCOMING Message from=5713560695 payload=\U0001f3ad Sizning rolingiz: \U0001f468\U0001f3fc Tinch aholi

Vazifangiz mafiyani topish va ularni shahar yig'ilishida ovoz berib osish.
2026-08-19 16:53:31,441 | INFO | aiogram.event | Update id=466217139 is handled. Duration 16 ms by bot id=8894100649
2026-08-19 16:53:32,713 | INFO | apscheduler.executors.default | Running job "GameEngine.registration_watchdog (trigger: interval[0:00:05], next run at: 2026-08-19 11:53:37 UTC)" (scheduled at 2026-08-19 11:53:32.702445+00:00)
2026-08-19 16:53:32,713 | INFO | apscheduler.executors.default | Job "GameEngine.registration_watchdog (trigger: interval[0:00:05], next run at: 2026-08-19 11:53:37 UTC)" executed successfully
2026-08-19 16:53:35,128 | INFO | root | DEBUG_INCOMING Message from=8692634539 payload=Боррр\U0001f644\U0001f5ff
2026-08-19 16:53:35,143 | INFO | aiogram.event | Update id=466217140 is handled. Duration 15 ms by bot id=8894100649
2026-08-19 16:53:37,587 | INFO | root | DEBUG_INCOMING Message from=5713560695 payload=Otshma
2026-08-19 16:53:37,587 | INFO | aiogram.event | Update id=466217141 is handled. Duration 0 ms by bot id=8894100649
2026-08-19 16:53:37,715 | INFO | apscheduler.executors.default | Running job "GameEngine.registration_watchdog (trigger: interval[0:00:05], next run at: 2026-08-19 11:53:42 UTC)" (scheduled at 2026-08-19 11:53:37.702445+00:00)
2026-08-19 16:53:37,715 | INFO | apscheduler.executors.default | Job "GameEngine.registration_watchdog (trigger: interval[0:00:05], next run at: 2026-08-19 11:53:42 UTC)" executed successfully
2026-08-19 16:53:42,715 | INFO | apscheduler.executors.default | Running job "GameEngine.registration_watchdog (trigger: interval[0:00:05], next run at: 2026-08-19 11:53:47 UTC)" (scheduled at 2026-08-19 11:53:42.702445+00:00)
2026-08-19 16:53:42,717 | INFO | apscheduler.executors.default | Job "GameEngine.registration_watchdog (trigger: interval[0:00:05], next run at: 2026-08-19 11:53:47 UTC)" executed successfully
2026-08-19 16:53:47,716 | INFO | apscheduler.executors.default | Running job "GameEngine.registration_watchdog (trigger: interval[0:00:05], next run at: 2026-08-19 11:53:52 UTC)" (scheduled at 2026-08-19 11:53:47.702445+00:00)
2026-08-19 16:53:47,717 | INFO | apscheduler.executors.default | Running job "GameEngine.send_pending_diamond_logs (trigger: interval[0:00:30], next run at: 2026-08-19 11:54:17 UTC)" (scheduled at 2026-08-19 11:53:47.708289+00:00)
2026-08-19 16:53:47,718 | INFO | apscheduler.executors.default | Job "GameEngine.registration_watchdog (trigger: interval[0:00:05], next run at: 2026-08-19 11:53:52 UTC)" executed successfully
2026-08-19 16:53:47,718 | INFO | apscheduler.executors.default | Job "GameEngine.send_pending_diamond_logs (trigger: interval[0:00:30], next run at: 2026-08-19 11:54:17 UTC)" executed successfully
2026-08-19 16:53:52,562 | INFO | root | DEBUG_INCOMING Message from=7526403539 payload=Quriii
2026-08-19 16:53:52,562 | INFO | aiogram.event | Update id=466217142 is handled. Duration 0 ms by bot id=8894100649
2026-08-19 16:53:52,707 | INFO | apscheduler.executors.default | Running job "GameEngine.registration_watchdog (trigger: interval[0:00:05], next run at: 2026-08-19 11:53:57 UTC)" (scheduled at 2026-08-19 11:53:52.702445+00:00)
2026-08-19 16:53:52,709 | INFO | apscheduler.executors.default | Job "GameEngine.registration_watchdog (trigger: interval[0:00:05], next run at: 2026-08-19 11:53:57 UTC)" executed successfully
2026-08-19 16:53:57,711 | INFO | apscheduler.executors.default | Running job "GameEngine.registration_watchdog (trigger: interval[0:00:05], next run at: 2026-08-19 11:54:02 UTC)" (scheduled at 2026-08-19 11:53:57.702445+00:00)
2026-08-19 16:53:57,711 | INFO | apscheduler.executors.default | Job "GameEngine.registration_watchdog (trigger: interval[0:00:05], next run at: 2026-08-19 11:54:02 UTC)" executed successfully
2026-08-19 16:54:02,703 | INFO | apscheduler.executors.default | Running job "GameEngine.registration_watchdog (trigger: interval[0:00:05], next run at: 2026-08-19 11:54:07 UTC)" (scheduled at 2026-08-19 11:54:02.702445+00:00)
2026-08-19 16:54:02,703 | INFO | apscheduler.executors.default | Job "GameEngine.registration_watchdog (trigger: interval[0:00:05], next run at: 2026-08-19 11:54:07 UTC)" executed successfully
2026-08-19 16:54:07,714 | INFO | apscheduler.executors.default | Running job "GameEngine.registration_watchdog (trigger: interval[0:00:05], next run at: 2026-08-19 11:54:12 UTC)" (scheduled at 2026-08-19 11:54:07.702445+00:00)
2026-08-19 16:54:07,714 | INFO | apscheduler.executors.default | Job "GameEngine.registration_watchdog (trigger: interval[0:00:05], next run at: 2026-08-19 11:54:12 UTC)" executed successfully
2026-08-19 16:54:12,719 | INFO | apscheduler.executors.default | Running job "GameEngine.registration_watchdog (trigger: interval[0:00:05], next run at: 2026-08-19 11:54:17 UTC)" (scheduled at 2026-08-19 11:54:12.702445+00:00)
2026-08-19 16:54:12,721 | INFO | apscheduler.executors.default | Job "GameEngine.registration_watchdog (trigger: interval[0:00:05], next run at: 2026-08-19 11:54:17 UTC)" executed successfully
2026-08-19 16:54:17,714 | INFO | apscheduler.executors.default | Running job "GameEngine.registration_watchdog (trigger: interval[0:00:05], next run at: 2026-08-19 11:54:22 UTC)" (scheduled at 2026-08-19 11:54:17.702445+00:00)
2026-08-19 16:54:17,714 | INFO | apscheduler.executors.default | Running job "GameEngine.send_pending_diamond_logs (trigger: interval[0:00:30], next run at: 2026-08-19 11:54:47 UTC)" (scheduled at 2026-08-19 11:54:17.708289+00:00)
2026-08-19 16:54:17,714 | INFO | apscheduler.executors.default | Running job "GameEngine.premium_reset_watchdog (trigger: interval[0:01:00], next run at: 2026-08-19 11:55:17 UTC)" (scheduled at 2026-08-19 11:54:17.708289+00:00)
2026-08-19 16:54:17,714 | INFO | apscheduler.executors.default | Job "GameEngine.registration_watchdog (trigger: interval[0:00:05], next run at: 2026-08-19 11:54:22 UTC)" executed successfully
2026-08-19 16:54:17,714 | INFO | apscheduler.executors.default | Job "GameEngine.premium_reset_watchdog (trigger: interval[0:01:00], next run at: 2026-08-19 11:55:17 UTC)" executed successfully
2026-08-19 16:54:17,714 | INFO | apscheduler.executors.default | Job "GameEngine.send_pending_diamond_logs (trigger: interval[0:00:30], next run at: 2026-08-19 11:54:47 UTC)" executed successfully
2026-08-19 16:54:17,943 | INFO | root | DEBUG_INCOMING Message from=8643585323 payload=E bolla Br sovol boridi
2026-08-19 16:54:17,943 | INFO | aiogram.event | Update id=466217143 is handled. Duration 0 ms by bot id=8894100649
2026-08-19 16:54:22,713 | INFO | apscheduler.executors.default | Running job "GameEngine.registration_watchdog (trigger: interval[0:00:05], next run at: 2026-08-19 11:54:27 UTC)" (scheduled at 2026-08-19 11:54:22.702445+00:00)
2026-08-19 16:54:22,714 | INFO | apscheduler.executors.default | Job "GameEngine.registration_watchdog (trigger: interval[0:00:05], next run at: 2026-08-19 11:54:27 UTC)" executed successfully
2026-08-19 16:54:23,798 | INFO | root | DEBUG_INCOMING Message from=5713560695 payload=?
2026-08-19 16:54:23,798 | INFO | aiogram.event | Update id=466217144 is handled. Duration 0 ms by bot id=8894100649
2026-08-19 16:54:26,600 | INFO | root | DEBUG_INCOMING Message from=7526403539 payload=\U0001f4dd Tekshirganlaringiz:
• Wakh_696\U0001faef — \U0001f935\U0001f3fb Don
2026-08-19 16:54:26,605 | INFO | aiogram.event | Update id=466217145 is handled. Duration 16 ms by bot id=8894100649
2026-08-19 16:54:27,719 | INFO | apscheduler.executors.default | Running job "GameEngine.registration_watchdog (trigger: interval[0:00:05], next run at: 2026-08-19 11:54:32 UTC)" (scheduled at 2026-08-19 11:54:27.702445+00:00)
2026-08-19 16:54:27,720 | INFO | apscheduler.executors.default | Job "GameEngine.registration_watchdog (trigger: interval[0:00:05], next run at: 2026-08-19 11:54:32 UTC)" executed successfully
2026-08-19 16:54:32,713 | INFO | apscheduler.executors.default | Running job "GameEngine.registration_watchdog (trigger: interval[0:00:05], next run at: 2026-08-19 11:54:37 UTC)" (scheduled at 2026-08-19 11:54:32.702445+00:00)
2026-08-19 16:54:32,713 | INFO | apscheduler.executors.default | Job "GameEngine.registration_watchdog (trigger: interval[0:00:05], next run at: 2026-08-19 11:54:37 UTC)" executed successfully
2026-08-19 16:54:33,388 | INFO | root | DEBUG_INCOMING Message from=5713560695 payload=Ком топ
2026-08-19 16:54:33,388 | INFO | aiogram.event | Update id=466217146 is handled. Duration 0 ms by bot id=8894100649
2026-08-19 16:54:37,718 | INFO | apscheduler.executors.default | Running job "GameEngine.registration_watchdog (trigger: interval[0:00:05], next run at: 2026-08-19 11:54:42 UTC)" (scheduled at 2026-08-19 11:54:37.702445+00:00)
2026-08-19 16:54:37,720 | INFO | apscheduler.executors.default | Job "GameEngine.registration_watchdog (trigger: interval[0:00:05], next run at: 2026-08-19 11:54:42 UTC)" executed successfully
2026-08-19 16:54:38,164 | INFO | root | DEBUG_INCOMING Message from=7526403539 payload=Axaxa\U0001f602
2026-08-19 16:54:38,164 | INFO | aiogram.event | Update id=466217147 is handled. Duration 0 ms by bot id=8894100649
2026-08-19 16:54:42,727 | INFO | apscheduler.executors.default | Running job "GameEngine.registration_watchdog (trigger: interval[0:00:05], next run at: 2026-08-19 11:54:47 UTC)" (scheduled at 2026-08-19 11:54:42.702445+00:00)
2026-08-19 16:54:42,729 | INFO | apscheduler.executors.default | Job "GameEngine.registration_watchdog (trigger: interval[0:00:05], next run at: 2026-08-19 11:54:47 UTC)" executed successfully
2026-08-19 16:54:47,703 | INFO | apscheduler.executors.default | Running job "GameEngine.registration_watchdog (trigger: interval[0:00:05], next run at: 2026-08-19 11:54:52 UTC)" (scheduled at 2026-08-19 11:54:47.702445+00:00)
2026-08-19 16:54:47,706 | INFO | apscheduler.executors.default | Job "GameEngine.registration_watchdog (trigger: interval[0:00:05], next run at: 2026-08-19 11:54:52 UTC)" executed successfully
2026-08-19 16:54:47,720 | INFO | apscheduler.executors.default | Running job "GameEngine.send_pending_diamond_logs (trigger: interval[0:00:30], next run at: 2026-08-19 11:55:17 UTC)" (scheduled at 2026-08-19 11:54:47.708289+00:00)
2026-08-19 16:54:47,720 | INFO | apscheduler.executors.default | Job "GameEngine.send_pending_diamond_logs (trigger: interval[0:00:30], next run at: 2026-08-19 11:55:17 UTC)" executed successfully
2026-08-19 16:54:51,800 | INFO | root | DEBUG_INCOMING Message from=1032523871 payload=Daaa blamiz\U0001f923
2026-08-19 16:54:51,816 | INFO | aiogram.event | Update id=466217148 is handled. Duration 16 ms by bot id=8894100649
2026-08-19 16:54:52,706 | INFO | apscheduler.executors.default | Running job "GameEngine.registration_watchdog (trigger: interval[0:00:05], next run at: 2026-08-19 11:54:57 UTC)" (scheduled at 2026-08-19 11:54:52.702445+00:00)
2026-08-19 16:54:52,706 | INFO | apscheduler.executors.default | Job "GameEngine.registration_watchdog (trigger: interval[0:00:05], next run at: 2026-08-19 11:54:57 UTC)" executed successfully
2026-08-19 16:54:55,067 | INFO | root | DEBUG_INCOMING Message from=8888830251 payload=Ha bildim
2026-08-19 16:54:55,078 | INFO | aiogram.event | Update id=466217149 is handled. Duration 15 ms by bot id=8894100649
2026-08-19 16:54:57,706 | INFO | apscheduler.executors.default | Running job "GameEngine.registration_watchdog (trigger: interval[0:00:05], next run at: 2026-08-19 11:55:02 UTC)" (scheduled at 2026-08-19 11:54:57.702445+00:00)
2026-08-19 16:54:57,706 | INFO | apscheduler.executors.default | Job "GameEngine.registration_watchdog (trigger: interval[0:00:05], next run at: 2026-08-19 11:55:02 UTC)" executed successfully
2026-08-19 16:55:00,378 | INFO | root | DEBUG_INCOMING Message from=8643585323 payload=Nma qldm szga man
2026-08-19 16:55:00,378 | INFO | aiogram.event | Update id=466217150 is handled. Duration 15 ms by bot id=8894100649
2026-08-19 16:55:02,711 | INFO | apscheduler.executors.default | Running job "GameEngine.registration_watchdog (trigger: interval[0:00:05], next run at: 2026-08-19 11:55:07 UTC)" (scheduled at 2026-08-19 11:55:02.702445+00:00)
2026-08-19 16:55:02,714 | INFO | apscheduler.executors.default | Job "GameEngine.registration_watchdog (trigger: interval[0:00:05], next run at: 2026-08-19 11:55:07 UTC)" executed successfully
2026-08-19 16:55:07,717 | INFO | apscheduler.executors.default | Running job "GameEngine.registration_watchdog (trigger: interval[0:00:05], next run at: 2026-08-19 11:55:12 UTC)" (scheduled at 2026-08-19 11:55:07.702445+00:00)
2026-08-19 16:55:07,717 | INFO | apscheduler.executors.default | Job "GameEngine.registration_watchdog (trigger: interval[0:00:05], next run at: 2026-08-19 11:55:12 UTC)" executed successfully
2026-08-19 16:55:12,707 | INFO | apscheduler.executors.default | Running job "GameEngine.registration_watchdog (trigger: interval[0:00:05], next run at: 2026-08-19 11:55:17 UTC)" (scheduled at 2026-08-19 11:55:12.702445+00:00)
2026-08-19 16:55:12,707 | INFO | apscheduler.executors.default | Job "GameEngine.registration_watchdog (trigger: interval[0:00:05], next run at: 2026-08-19 11:55:17 UTC)" executed successfully
2026-08-19 16:55:17,707 | INFO | apscheduler.executors.default | Running job "GameEngine.registration_watchdog (trigger: interval[0:00:05], next run at: 2026-08-19 11:55:22 UTC)" (scheduled at 2026-08-19 11:55:17.702445+00:00)
2026-08-19 16:55:17,707 | INFO | apscheduler.executors.default | Job "GameEngine.registration_watchdog (trigger: interval[0:00:05], next run at: 2026-08-19 11:55:22 UTC)" executed successfully
2026-08-19 16:55:17,723 | INFO | apscheduler.executors.default | Running job "GameEngine.send_pending_diamond_logs (trigger: interval[0:00:30], next run at: 2026-08-19 11:55:47 UTC)" (scheduled at 2026-08-19 11:55:17.708289+00:00)
2026-08-19 16:55:17,723 | INFO | apscheduler.executors.default | Running job "GameEngine.premium_reset_watchdog (trigger: interval[0:01:00], next run at: 2026-08-19 11:56:17 UTC)" (scheduled at 2026-08-19 11:55:17.708289+00:00)
2026-08-19 16:55:17,723 | INFO | apscheduler.executors.default | Job "GameEngine.premium_reset_watchdog (trigger: interval[0:01:00], next run at: 2026-08-19 11:56:17 UTC)" executed successfully
2026-08-19 16:55:17,723 | INFO | apscheduler.executors.default | Job "GameEngine.send_pending_diamond_logs (trigger: interval[0:00:30], next run at: 2026-08-19 11:55:47 UTC)" executed successfully
2026-08-19 16:55:22,713 | INFO | apscheduler.executors.default | Running job "GameEngine.registration_watchdog (trigger: interval[0:00:05], next run at: 2026-08-19 11:55:27 UTC)" (scheduled at 2026-08-19 11:55:22.702445+00:00)
2026-08-19 16:55:22,713 | INFO | apscheduler.executors.default | Job "GameEngine.registration_watchdog (trigger: interval[0:00:05], next run at: 2026-08-19 11:55:27 UTC)" executed successfully
2026-08-19 16:55:27,713 | INFO | apscheduler.executors.default | Running job "GameEngine.registration_watchdog (trigger: interval[0:00:05], next run at: 2026-08-19 11:55:32 UTC)" (scheduled at 2026-08-19 11:55:27.702445+00:00)
2026-08-19 16:55:27,713 | INFO | apscheduler.executors.default | Job "GameEngine.registration_watchdog (trigger: interval[0:00:05], next run at: 2026-08-19 11:55:32 UTC)" executed successfully
2026-08-19 16:55:29,073 | INFO | root | DEBUG_INCOMING Message from=1032523871 payload=Oldrsh uchun nmadur qlsh keremi\U0001f610
2026-08-19 16:55:29,089 | INFO | aiogram.event | Update id=466217151 is handled. Duration 30 ms by bot id=8894100649
2026-08-19 16:55:32,702 | INFO | apscheduler.executors.default | Running job "GameEngine.registration_watchdog (trigger: interval[0:00:05], next run at: 2026-08-19 11:55:37 UTC)" (scheduled at 2026-08-19 11:55:32.702445+00:00)
2026-08-19 16:55:32,704 | INFO | apscheduler.executors.default | Job "GameEngine.registration_watchdog (trigger: interval[0:00:05], next run at: 2026-08-19 11:55:37 UTC)" executed successfully
2026-08-19 16:55:37,718 | INFO | apscheduler.executors.default | Running job "GameEngine.registration_watchdog (trigger: interval[0:00:05], next run at: 2026-08-19 11:55:42 UTC)" (scheduled at 2026-08-19 11:55:37.702445+00:00)
2026-08-19 16:55:37,720 | INFO | apscheduler.executors.default | Job "GameEngine.registration_watchdog (trigger: interval[0:00:05], next run at: 2026-08-19 11:55:42 UTC)" executed successfully
2026-08-19 16:55:42,707 | INFO | apscheduler.executors.default | Running job "GameEngine.registration_watchdog (trigger: interval[0:00:05], next run at: 2026-08-19 11:55:47 UTC)" (scheduled at 2026-08-19 11:55:42.702445+00:00)
2026-08-19 16:55:42,709 | INFO | apscheduler.executors.default | Job "GameEngine.registration_watchdog (trigger: interval[0:00:05], next run at: 2026-08-19 11:55:47 UTC)" executed successfully
2026-08-19 16:55:47,717 | INFO | apscheduler.executors.default | Running job "GameEngine.registration_watchdog (trigger: interval[0:00:05], next run at: 2026-08-19 11:55:52 UTC)" (scheduled at 2026-08-19 11:55:47.702445+00:00)
2026-08-19 16:55:47,718 | INFO | apscheduler.executors.default | Running job "GameEngine.send_pending_diamond_logs (trigger: interval[0:00:30], next run at: 2026-08-19 11:56:17 UTC)" (scheduled at 2026-08-19 11:55:47.708289+00:00)
2026-08-19 16:55:47,720 | INFO | apscheduler.executors.default | Job "GameEngine.registration_watchdog (trigger: interval[0:00:05], next run at: 2026-08-19 11:55:52 UTC)" executed successfully
2026-08-19 16:55:47,723 | INFO | apscheduler.executors.default | Job "GameEngine.send_pending_diamond_logs (trigger: interval[0:00:30], next run at: 2026-08-19 11:56:17 UTC)" executed successfully
2026-08-19 16:55:52,717 | INFO | apscheduler.executors.default | Running job "GameEngine.registration_watchdog (trigger: interval[0:00:05], next run at: 2026-08-19 11:55:57 UTC)" (scheduled at 2026-08-19 11:55:52.702445+00:00)
2026-08-19 16:55:52,717 | INFO | apscheduler.executors.default | Job "GameEngine.registration_watchdog (trigger: interval[0:00:05], next run at: 2026-08-19 11:55:57 UTC)" executed successfully
2026-08-19 16:55:57,716 | INFO | apscheduler.executors.default | Running job "GameEngine.registration_watchdog (trigger: interval[0:00:05], next run at: 2026-08-19 11:56:02 UTC)" (scheduled at 2026-08-19 11:55:57.702445+00:00)
2026-08-19 16:55:57,718 | INFO | apscheduler.executors.default | Job "GameEngine.registration_watchdog (trigger: interval[0:00:05], next run at: 2026-08-19 11:56:02 UTC)" executed successfully
2026-08-19 16:55:58,967 | INFO | root | DEBUG_INCOMING Message from=7526403539 payload=Yaxw kurb qoganda
2026-08-19 16:55:58,977 | INFO | aiogram.event | Update id=466217152 is handled. Duration 0 ms by bot id=8894100649
2026-08-19 16:56:02,720 | INFO | apscheduler.executors.default | Running job "GameEngine.registration_watchdog (trigger: interval[0:00:05], next run at: 2026-08-19 11:56:07 UTC)" (scheduled at 2026-08-19 11:56:02.702445+00:00)
2026-08-19 16:56:02,722 | INFO | apscheduler.executors.default | Job "GameEngine.registration_watchdog (trigger: interval[0:00:05], next run at: 2026-08-19 11:56:07 UTC)" executed successfully
2026-08-19 16:56:06,545 | INFO | root | DEBUG_INCOMING Message from=8643585323 payload=Bolwi mumkn
2026-08-19 16:56:06,558 | INFO | aiogram.event | Update id=466217153 is handled. Duration 16 ms by bot id=8894100649
2026-08-19 16:56:07,703 | INFO | apscheduler.executors.default | Running job "GameEngine.registration_watchdog (trigger: interval[0:00:05], next run at: 2026-08-19 11:56:12 UTC)" (scheduled at 2026-08-19 11:56:07.702445+00:00)
2026-08-19 16:56:07,703 | INFO | apscheduler.executors.default | Job "GameEngine.registration_watchdog (trigger: interval[0:00:05], next run at: 2026-08-19 11:56:12 UTC)" executed successfully
2026-08-19 16:56:08,590 | INFO | root | DEBUG_INCOMING Message from=8643585323 payload=\U0001f602
2026-08-19 16:56:08,590 | INFO | aiogram.event | Update id=466217154 is handled. Duration 0 ms by bot id=8894100649
2026-08-19 16:56:10,321 | INFO | root | DEBUG_INCOMING Message from=1032523871 payload=Yogee fol ochyabszmi
2026-08-19 16:56:10,321 | INFO | aiogram.event | Update id=466217155 is handled. Duration 0 ms by bot id=8894100649
2026-08-19 16:56:12,702 | INFO | apscheduler.executors.default | Running job "GameEngine.registration_watchdog (trigger: interval[0:00:05], next run at: 2026-08-19 11:56:17 UTC)" (scheduled at 2026-08-19 11:56:12.702445+00:00)
2026-08-19 16:56:12,705 | INFO | apscheduler.executors.default | Job "GameEngine.registration_watchdog (trigger: interval[0:00:05], next run at: 2026-08-19 11:56:17 UTC)" executed successfully
2026-08-19 16:56:17,711 | INFO | apscheduler.executors.default | Running job "GameEngine.registration_watchdog (trigger: interval[0:00:05], next run at: 2026-08-19 11:56:22 UTC)" (scheduled at 2026-08-19 11:56:17.702445+00:00)
2026-08-19 16:56:17,712 | INFO | apscheduler.executors.default | Running job "GameEngine.send_pending_diamond_logs (trigger: interval[0:00:30], next run at: 2026-08-19 11:56:47 UTC)" (scheduled at 2026-08-19 11:56:17.708289+00:00)
2026-08-19 16:56:17,712 | INFO | apscheduler.executors.default | Running job "GameEngine.premium_reset_watchdog (trigger: interval[0:01:00], next run at: 2026-08-19 11:57:17 UTC)" (scheduled at 2026-08-19 11:56:17.708289+00:00)
2026-08-19 16:56:17,712 | INFO | apscheduler.executors.default | Job "GameEngine.registration_watchdog (trigger: interval[0:00:05], next run at: 2026-08-19 11:56:22 UTC)" executed successfully
2026-08-19 16:56:17,712 | INFO | apscheduler.executors.default | Job "GameEngine.premium_reset_watchdog (trigger: interval[0:01:00], next run at: 2026-08-19 11:57:17 UTC)" executed successfully
2026-08-19 16:56:17,712 | INFO | apscheduler.executors.default | Job "GameEngine.send_pending_diamond_logs (trigger: interval[0:00:30], next run at: 2026-08-19 11:56:47 UTC)" executed successfully
2026-08-19 16:56:18,223 | INFO | root | DEBUG_INCOMING Message from=1032523871 payload=Krinj
2026-08-19 16:56:18,223 | INFO | aiogram.event | Update id=466217156 is handled. Duration 0 ms by bot id=8894100649
2026-08-19 16:56:22,716 | INFO | apscheduler.executors.default | Running job "GameEngine.registration_watchdog (trigger: interval[0:00:05], next run at: 2026-08-19 11:56:27 UTC)" (scheduled at 2026-08-19 11:56:22.702445+00:00)
2026-08-19 16:56:22,719 | INFO | apscheduler.executors.default | Job "GameEngine.registration_watchdog (trigger: interval[0:00:05], next run at: 2026-08-19 11:56:27 UTC)" executed successfully
2026-08-19 16:56:24,583 | INFO | root | DEBUG_INCOMING Message from=8643585323 payload=Szmi
2026-08-19 16:56:24,583 | INFO | aiogram.event | Update id=466217157 is handled. Duration 0 ms by bot id=8894100649
2026-08-19 16:56:27,715 | INFO | apscheduler.executors.default | Running job "GameEngine.registration_watchdog (trigger: interval[0:00:05], next run at: 2026-08-19 11:56:32 UTC)" (scheduled at 2026-08-19 11:56:27.702445+00:00)
2026-08-19 16:56:27,715 | INFO | apscheduler.executors.default | Job "GameEngine.registration_watchdog (trigger: interval[0:00:05], next run at: 2026-08-19 11:56:32 UTC)" executed successfully
2026-08-19 16:56:30,413 | INFO | root | DEBUG_INCOMING Message from=1032523871 payload=Gapiz
2026-08-19 16:56:30,413 | INFO | aiogram.event | Update id=466217158 is handled. Duration 15 ms by bot id=8894100649
2026-08-19 16:56:32,721 | INFO | apscheduler.executors.default | Running job "GameEngine.registration_watchdog (trigger: interval[0:00:05], next run at: 2026-08-19 11:56:37 UTC)" (scheduled at 2026-08-19 11:56:32.702445+00:00)
2026-08-19 16:56:32,721 | INFO | apscheduler.executors.default | Job "GameEngine.registration_watchdog (trigger: interval[0:00:05], next run at: 2026-08-19 11:56:37 UTC)" executed successfully
2026-08-19 16:56:37,717 | INFO | apscheduler.executors.default | Running job "GameEngine.registration_watchdog (trigger: interval[0:00:05], next run at: 2026-08-19 11:56:42 UTC)" (scheduled at 2026-08-19 11:56:37.702445+00:00)
2026-08-19 16:56:37,719 | INFO | apscheduler.executors.default | Job "GameEngine.registration_watchdog (trigger: interval[0:00:05], next run at: 2026-08-19 11:56:42 UTC)" executed successfully
2026-08-19 16:56:38,717 | INFO | root | DEBUG_INCOMING Message from=1032523871 payload=Qana shundz\U0001f610\U0001f610
2026-08-19 16:56:38,724 | INFO | aiogram.event | Update id=466217159 is handled. Duration 0 ms by bot id=8894100649
2026-08-19 16:56:42,714 | INFO | apscheduler.executors.default | Running job "GameEngine.registration_watchdog (trigger: interval[0:00:05], next run at: 2026-08-19 11:56:47 UTC)" (scheduled at 2026-08-19 11:56:42.702445+00:00)
2026-08-19 16:56:42,716 | INFO | apscheduler.executors.default | Job "GameEngine.registration_watchdog (trigger: interval[0:00:05], next run at: 2026-08-19 11:56:47 UTC)" executed successfully
2026-08-19 16:56:47,715 | INFO | apscheduler.executors.default | Running job "GameEngine.registration_watchdog (trigger: interval[0:00:05], next run at: 2026-08-19 11:56:52 UTC)" (scheduled at 2026-08-19 11:56:47.702445+00:00)
2026-08-19 16:56:47,716 | INFO | apscheduler.executors.default | Running job "GameEngine.send_pending_diamond_logs (trigger: interval[0:00:30], next run at: 2026-08-19 11:57:17 UTC)" (scheduled at 2026-08-19 11:56:47.708289+00:00)
2026-08-19 16:56:47,718 | INFO | apscheduler.executors.default | Job "GameEngine.registration_watchdog (trigger: interval[0:00:05], next run at: 2026-08-19 11:56:52 UTC)" executed successfully
2026-08-19 16:56:47,720 | INFO | apscheduler.executors.default | Job "GameEngine.send_pending_diamond_logs (trigger: interval[0:00:30], next run at: 2026-08-19 11:57:17 UTC)" executed successfully
2026-08-19 16:56:51,423 | INFO | root | DEBUG_INCOMING Message from=8643585323 payload=Zor cundm \U0001f602
2026-08-19 16:56:51,431 | INFO | aiogram.event | Update id=466217160 is handled. Duration 0 ms by bot id=8894100649
2026-08-19 16:56:52,722 | INFO | apscheduler.executors.default | Running job "GameEngine.registration_watchdog (trigger: interval[0:00:05], next run at: 2026-08-19 11:56:57 UTC)" (scheduled at 2026-08-19 11:56:52.702445+00:00)
2026-08-19 16:56:52,724 | INFO | apscheduler.executors.default | Job "GameEngine.registration_watchdog (trigger: interval[0:00:05], next run at: 2026-08-19 11:56:57 UTC)" executed successfully
2026-08-19 16:56:57,720 | INFO | apscheduler.executors.default | Running job "GameEngine.registration_watchdog (trigger: interval[0:00:05], next run at: 2026-08-19 11:57:02 UTC)" (scheduled at 2026-08-19 11:56:57.702445+00:00)
2026-08-19 16:56:57,723 | INFO | apscheduler.executors.default | Job "GameEngine.registration_watchdog (trigger: interval[0:00:05], next run at: 2026-08-19 11:57:02 UTC)" executed successfully
2026-08-19 16:56:59,355 | INFO | root | DEBUG_INCOMING Message from=8643585323 payload=Mayli mayli
2026-08-19 16:56:59,361 | INFO | aiogram.event | Update id=466217161 is handled. Duration 16 ms by bot id=8894100649
2026-08-19 16:57:02,706 | INFO | apscheduler.executors.default | Running job "GameEngine.registration_watchdog (trigger: interval[0:00:05], next run at: 2026-08-19 11:57:07 UTC)" (scheduled at 2026-08-19 11:57:02.702445+00:00)
2026-08-19 16:57:02,708 | INFO | apscheduler.executors.default | Job "GameEngine.registration_watchdog (trigger: interval[0:00:05], next run at: 2026-08-19 11:57:07 UTC)" executed successfully
2026-08-19 16:57:07,707 | INFO | apscheduler.executors.default | Running job "GameEngine.registration_watchdog (trigger: interval[0:00:05], next run at: 2026-08-19 11:57:12 UTC)" (scheduled at 2026-08-19 11:57:07.702445+00:00)
2026-08-19 16:57:07,709 | INFO | apscheduler.executors.default | Job "GameEngine.registration_watchdog (trigger: interval[0:00:05], next run at: 2026-08-19 11:57:12 UTC)" executed successfully
2026-08-19 16:57:12,711 | INFO | apscheduler.executors.default | Running job "GameEngine.registration_watchdog (trigger: interval[0:00:05], next run at: 2026-08-19 11:57:17 UTC)" (scheduled at 2026-08-19 11:57:12.702445+00:00)
2026-08-19 16:57:12,713 | INFO | apscheduler.executors.default | Job "GameEngine.registration_watchdog (trigger: interval[0:00:05], next run at: 2026-08-19 11:57:17 UTC)" executed successfully
2026-08-19 16:57:16,720 | INFO | root | DEBUG_INCOMING Message from=1032523871 payload=Zor
2026-08-19 16:57:16,729 | INFO | aiogram.event | Update id=466217162 is handled. Duration 0 ms by bot id=8894100649
2026-08-19 16:57:17,716 | INFO | apscheduler.executors.default | Running job "GameEngine.registration_watchdog (trigger: interval[0:00:05], next run at: 2026-08-19 11:57:22 UTC)" (scheduled at 2026-08-19 11:57:17.702445+00:00)
2026-08-19 16:57:17,718 | INFO | apscheduler.executors.default | Running job "GameEngine.send_pending_diamond_logs (trigger: interval[0:00:30], next run at: 2026-08-19 11:57:47 UTC)" (scheduled at 2026-08-19 11:57:17.708289+00:00)
2026-08-19 16:57:17,718 | INFO | apscheduler.executors.default | Running job "GameEngine.premium_reset_watchdog (trigger: interval[0:01:00], next run at: 2026-08-19 11:58:17 UTC)" (scheduled at 2026-08-19 11:57:17.708289+00:00)
2026-08-19 16:57:17,721 | INFO | apscheduler.executors.default | Job "GameEngine.registration_watchdog (trigger: interval[0:00:05], next run at: 2026-08-19 11:57:22 UTC)" executed successfully
2026-08-19 16:57:17,722 | INFO | apscheduler.executors.default | Job "GameEngine.premium_reset_watchdog (trigger: interval[0:01:00], next run at: 2026-08-19 11:58:17 UTC)" executed successfully
2026-08-19 16:57:17,724 | INFO | apscheduler.executors.default | Job "GameEngine.send_pending_diamond_logs (trigger: interval[0:00:30], next run at: 2026-08-19 11:57:47 UTC)" executed successfully
2026-08-19 16:57:20,614 | INFO | root | DEBUG_INCOMING Message from=5713560695 payload=/game@ProMafiyaBot
2026-08-19 16:57:20,958 | INFO | aiogram.event | Update id=466217163 is handled. Duration 343 ms by bot id=8894100649
2026-08-19 16:57:22,716 | INFO | apscheduler.executors.default | Running job "GameEngine.registration_watchdog (trigger: interval[0:00:05], next run at: 2026-08-19 11:57:27 UTC)" (scheduled at 2026-08-19 11:57:22.702445+00:00)
2026-08-19 16:57:22,718 | INFO | apscheduler.executors.default | Job "GameEngine.registration_watchdog (trigger: interval[0:00:05], next run at: 2026-08-19 11:57:27 UTC)" executed successfully
2026-08-19 16:57:27,719 | INFO | apscheduler.executors.default | Running job "GameEngine.registration_watchdog (trigger: interval[0:00:05], next run at: 2026-08-19 11:57:32 UTC)" (scheduled at 2026-08-19 11:57:27.702445+00:00)
2026-08-19 16:57:27,721 | INFO | apscheduler.executors.default | Job "GameEngine.registration_watchdog (trigger: interval[0:00:05], next run at: 2026-08-19 11:57:32 UTC)" executed successfully
2026-08-19 16:57:32,714 | INFO | apscheduler.executors.default | Running job "GameEngine.registration_watchdog (trigger: interval[0:00:05], next run at: 2026-08-19 11:57:37 UTC)" (scheduled at 2026-08-19 11:57:32.702445+00:00)
2026-08-19 16:57:32,717 | INFO | apscheduler.executors.default | Job "GameEngine.registration_watchdog (trigger: interval[0:00:05], next run at: 2026-08-19 11:57:37 UTC)" executed successfully
2026-08-19 16:57:33,864 | INFO | root | DEBUG_INCOMING Message from=8692634539 payload=Пул боганда топ ларга тааб берардм
2026-08-19 16:57:33,873 | INFO | aiogram.event | Update id=466217164 is handled. Duration 15 ms by bot id=8894100649
2026-08-19 16:57:37,714 | INFO | apscheduler.executors.default | Running job "GameEngine.registration_watchdog (trigger: interval[0:00:05], next run at: 2026-08-19 11:57:42 UTC)" (scheduled at 2026-08-19 11:57:37.702445+00:00)
2026-08-19 16:57:37,717 | INFO | apscheduler.executors.default | Job "GameEngine.registration_watchdog (trigger: interval[0:00:05], next run at: 2026-08-19 11:57:42 UTC)" executed successfully
2026-08-19 16:57:42,522 | INFO | root | DEBUG_INCOMING Message from=1989147262 payload=Tinch
2026-08-19 16:57:42,531 | INFO | aiogram.event | Update id=466217165 is handled. Duration 15 ms by bot id=8894100649
2026-08-19 16:57:42,708 | INFO | apscheduler.executors.default | Running job "GameEngine.registration_watchdog (trigger: interval[0:00:05], next run at: 2026-08-19 11:57:47 UTC)" (scheduled at 2026-08-19 11:57:42.702445+00:00)
2026-08-19 16:57:42,710 | INFO | apscheduler.executors.default | Job "GameEngine.registration_watchdog (trigger: interval[0:00:05], next run at: 2026-08-19 11:57:47 UTC)" executed successfully
2026-08-19 16:57:46,420 | INFO | root | DEBUG_INCOMING Message from=5713560695 payload=/pulyubor 777
2026-08-19 16:57:46,586 | INFO | aiogram.event | Update id=466217166 is handled. Duration 157 ms by bot id=8894100649
2026-08-19 16:57:47,721 | INFO | apscheduler.executors.default | Running job "GameEngine.registration_watchdog (trigger: interval[0:00:05], next run at: 2026-08-19 11:57:52 UTC)" (scheduled at 2026-08-19 11:57:47.702445+00:00)
2026-08-19 16:57:47,723 | INFO | apscheduler.executors.default | Running job "GameEngine.send_pending_diamond_logs (trigger: interval[0:00:30], next run at: 2026-08-19 11:58:17 UTC)" (scheduled at 2026-08-19 11:57:47.708289+00:00)
2026-08-19 16:57:47,725 | INFO | apscheduler.executors.default | Job "GameEngine.registration_watchdog (trigger: interval[0:00:05], next run at: 2026-08-19 11:57:52 UTC)" executed successfully
2026-08-19 16:57:47,727 | INFO | apscheduler.executors.default | Job "GameEngine.send_pending_diamond_logs (trigger: interval[0:00:30], next run at: 2026-08-19 11:58:17 UTC)" executed successfully
2026-08-19 16:57:49,793 | INFO | root | DEBUG_INCOMING Message from=8967473914 payload=Becora
2026-08-19 16:57:49,802 | INFO | aiogram.event | Update id=466217167 is handled. Duration 15 ms by bot id=8894100649
2026-08-19 16:57:52,715 | INFO | apscheduler.executors.default | Running job "GameEngine.registration_watchdog (trigger: interval[0:00:05], next run at: 2026-08-19 11:57:57 UTC)" (scheduled at 2026-08-19 11:57:52.702445+00:00)
2026-08-19 16:57:52,718 | INFO | apscheduler.executors.default | Job "GameEngine.registration_watchdog (trigger: interval[0:00:05], next run at: 2026-08-19 11:57:57 UTC)" executed successfully
2026-08-19 16:57:53,128 | INFO | root | DEBUG_INCOMING Message from=5713560695 payload=/game@ProMafiyaBot
2026-08-19 16:57:53,504 | INFO | aiogram.event | Update id=466217168 is handled. Duration 375 ms by bot id=8894100649
2026-08-19 16:57:54,162 | INFO | root | DEBUG_INCOMING Message from=5713560695 payload=5
2026-08-19 16:57:54,168 | INFO | aiogram.event | Update id=466217169 is handled. Duration 15 ms by bot id=8894100649
2026-08-19 16:57:55,464 | INFO | root | DEBUG_INCOMING Message from=5713560695 payload=4
2026-08-19 16:57:55,473 | INFO | aiogram.event | Update id=466217170 is handled. Duration 15 ms by bot id=8894100649
2026-08-19 16:57:56,608 | INFO | root | DEBUG_INCOMING Message from=5713560695 payload=3
2026-08-19 16:57:56,614 | INFO | aiogram.event | Update id=466217171 is handled. Duration 0 ms by bot id=8894100649
2026-08-19 16:57:57,522 | INFO | root | DEBUG_INCOMING Message from=5713560695 payload=2
2026-08-19 16:57:57,538 | INFO | aiogram.event | Update id=466217172 is handled. Duration 15 ms by bot id=8894100649
2026-08-19 16:57:57,715 | INFO | apscheduler.executors.default | Running job "GameEngine.registration_watchdog (trigger: interval[0:00:05], next run at: 2026-08-19 11:58:02 UTC)" (scheduled at 2026-08-19 11:57:57.702445+00:00)
2026-08-19 16:57:57,723 | INFO | apscheduler.executors.default | Job "GameEngine.registration_watchdog (trigger: interval[0:00:05], next run at: 2026-08-19 11:58:02 UTC)" executed successfully
2026-08-19 16:57:58,338 | INFO | root | DEBUG_INCOMING Message from=5713560695 payload=1
2026-08-19 16:57:58,365 | INFO | aiogram.event | Update id=466217173 is handled. Duration 31 ms by bot id=8894100649
2026-08-19 16:58:02,704 | INFO | apscheduler.executors.default | Running job "GameEngine.registration_watchdog (trigger: interval[0:00:05], next run at: 2026-08-19 11:58:07 UTC)" (scheduled at 2026-08-19 11:58:02.702445+00:00)
2026-08-19 16:58:02,716 | INFO | apscheduler.executors.default | Job "GameEngine.registration_watchdog (trigger: interval[0:00:05], next run at: 2026-08-19 11:58:07 UTC)" executed successfully
2026-08-19 16:58:03,438 | INFO | root | DEBUG_INCOMING Message from=5713560695 payload=/start@ProMafiyaBot
2026-08-19 16:58:03,765 | INFO | aiogram.event | Update id=466217174 is handled. Duration 327 ms by bot id=8894100649
2026-08-19 16:58:07,719 | INFO | apscheduler.executors.default | Running job "GameEngine.registration_watchdog (trigger: interval[0:00:05], next run at: 2026-08-19 11:58:12 UTC)" (scheduled at 2026-08-19 11:58:07.702445+00:00)
2026-08-19 16:58:07,730 | INFO | apscheduler.executors.default | Job "GameEngine.registration_watchdog (trigger: interval[0:00:05], next run at: 2026-08-19 11:58:12 UTC)" executed successfully
2026-08-19 16:58:12,589 | INFO | root | DEBUG_INCOMING Message from=5713560695 payload=\U0001f3ad Sizning rolingiz: \U0001f468\U0001f3fc Tinch aholi

Vazifangiz mafiyani topish va ularni shahar yig'ilishida ovoz berib osish.
2026-08-19 16:58:12,613 | INFO | aiogram.event | Update id=466217175 is handled. Duration 31 ms by bot id=8894100649
2026-08-19 16:58:12,717 | INFO | apscheduler.executors.default | Running job "GameEngine.registration_watchdog (trigger: interval[0:00:05], next run at: 2026-08-19 11:58:17 UTC)" (scheduled at 2026-08-19 11:58:12.702445+00:00)
2026-08-19 16:58:12,727 | INFO | apscheduler.executors.default | Job "GameEngine.registration_watchdog (trigger: interval[0:00:05], next run at: 2026-08-19 11:58:17 UTC)" executed successfully
2026-08-19 16:58:16,021 | INFO | root | DEBUG_INCOMING Message from=1989147262 payload=/profile
2026-08-19 16:58:16,024 | INFO | root | DEBUG_INCOMING Message from=1989147262 payload=/profile
2026-08-19 16:58:16,367 | INFO | aiogram.event | Update id=466217177 is handled. Duration 344 ms by bot id=8894100649
2026-08-19 16:58:16,605 | INFO | root | DEBUG_INCOMING Message from=5713560695 payload=Отшма
2026-08-19 16:58:16,624 | INFO | aiogram.event | Update id=466217178 is handled. Duration 32 ms by bot id=8894100649
2026-08-19 16:58:16,775 | INFO | aiogram.event | Update id=466217176 is handled. Duration 750 ms by bot id=8894100649
2026-08-19 16:58:17,710 | INFO | apscheduler.executors.default | Running job "GameEngine.registration_watchdog (trigger: interval[0:00:05], next run at: 2026-08-19 11:58:22 UTC)" (scheduled at 2026-08-19 11:58:17.702445+00:00)
2026-08-19 16:58:17,712 | INFO | apscheduler.executors.default | Running job "GameEngine.send_pending_diamond_logs (trigger: interval[0:00:30], next run at: 2026-08-19 11:58:47 UTC)" (scheduled at 2026-08-19 11:58:17.708289+00:00)
2026-08-19 16:58:17,713 | INFO | apscheduler.executors.default | Running job "GameEngine.premium_reset_watchdog (trigger: interval[0:01:00], next run at: 2026-08-19 11:59:17 UTC)" (scheduled at 2026-08-19 11:58:17.708289+00:00)
2026-08-19 16:58:17,722 | INFO | apscheduler.executors.default | Job "GameEngine.registration_watchdog (trigger: interval[0:00:05], next run at: 2026-08-19 11:58:22 UTC)" executed successfully
2026-08-19 16:58:17,725 | INFO | apscheduler.executors.default | Job "GameEngine.premium_reset_watchdog (trigger: interval[0:01:00], next run at: 2026-08-19 11:59:17 UTC)" executed successfully
2026-08-19 16:58:17,731 | INFO | apscheduler.executors.default | Job "GameEngine.send_pending_diamond_logs (trigger: interval[0:00:30], next run at: 2026-08-19 11:58:47 UTC)" executed successfully
2026-08-19 16:58:22,714 | INFO | apscheduler.executors.default | Running job "GameEngine.registration_watchdog (trigger: interval[0:00:05], next run at: 2026-08-19 11:58:27 UTC)" (scheduled at 2026-08-19 11:58:22.702445+00:00)
2026-08-19 16:58:22,723 | INFO | apscheduler.executors.default | Job "GameEngine.registration_watchdog (trigger: interval[0:00:05], next run at: 2026-08-19 11:58:27 UTC)" executed successfully
2026-08-19 16:58:25,787 | INFO | root | DEBUG_INCOMING CallbackQuery from=1989147262 payload=hero:panel
2026-08-19 16:58:26,364 | INFO | aiogram.event | Update id=466217179 is handled. Duration 609 ms by bot id=8894100649
2026-08-19 16:58:27,703 | INFO | apscheduler.executors.default | Running job "GameEngine.registration_watchdog (trigger: interval[0:00:05], next run at: 2026-08-19 11:58:32 UTC)" (scheduled at 2026-08-19 11:58:27.702445+00:00)
2026-08-19 16:58:27,716 | INFO | apscheduler.executors.default | Job "GameEngine.registration_watchdog (trigger: interval[0:00:05], next run at: 2026-08-19 11:58:32 UTC)" executed successfully
2026-08-19 16:58:32,716 | INFO | apscheduler.executors.default | Running job "GameEngine.registration_watchdog (trigger: interval[0:00:05], next run at: 2026-08-19 11:58:37 UTC)" (scheduled at 2026-08-19 11:58:32.702445+00:00)
2026-08-19 16:58:32,720 | INFO | apscheduler.executors.default | Job "GameEngine.registration_watchdog (trigger: interval[0:00:05], next run at: 2026-08-19 11:58:37 UTC)" executed successfully
2026-08-19 16:58:37,722 | INFO | apscheduler.executors.default | Running job "GameEngine.registration_watchdog (trigger: interval[0:00:05], next run at: 2026-08-19 11:58:42 UTC)" (scheduled at 2026-08-19 11:58:37.702445+00:00)
2026-08-19 16:58:37,735 | INFO | apscheduler.executors.default | Job "GameEngine.registration_watchdog (trigger: interval[0:00:05], next run at: 2026-08-19 11:58:42 UTC)" executed successfully
2026-08-19 16:58:39,520 | INFO | root | DEBUG_INCOMING Message from=1032523871 payload=Shoxiz bomi
2026-08-19 16:58:39,556 | INFO | aiogram.event | Update id=466217180 is handled. Duration 30 ms by bot id=8894100649
2026-08-19 16:58:42,725 | INFO | apscheduler.executors.default | Running job "GameEngine.registration_watchdog (trigger: interval[0:00:05], next run at: 2026-08-19 11:58:47 UTC)" (scheduled at 2026-08-19 11:58:42.702445+00:00)
2026-08-19 16:58:42,738 | INFO | apscheduler.executors.default | Job "GameEngine.registration_watchdog (trigger: interval[0:00:05], next run at: 2026-08-19 11:58:47 UTC)" executed successfully
2026-08-19 16:58:47,716 | INFO | apscheduler.executors.default | Running job "GameEngine.registration_watchdog (trigger: interval[0:00:05], next run at: 2026-08-19 11:58:52 UTC)" (scheduled at 2026-08-19 11:58:47.702445+00:00)
2026-08-19 16:58:47,724 | INFO | apscheduler.executors.default | Running job "GameEngine.send_pending_diamond_logs (trigger: interval[0:00:30], next run at: 2026-08-19 11:59:17 UTC)" (scheduled at 2026-08-19 11:58:47.708289+00:00)
2026-08-19 16:58:47,732 | INFO | apscheduler.executors.default | Job "GameEngine.registration_watchdog (trigger: interval[0:00:05], next run at: 2026-08-19 11:58:52 UTC)" executed successfully
2026-08-19 16:58:47,738 | INFO | apscheduler.executors.default | Job "GameEngine.send_pending_diamond_logs (trigger: interval[0:00:30], next run at: 2026-08-19 11:59:17 UTC)" executed successfully
2026-08-19 16:58:52,717 | INFO | apscheduler.executors.default | Running job "GameEngine.registration_watchdog (trigger: interval[0:00:05], next run at: 2026-08-19 11:58:57 UTC)" (scheduled at 2026-08-19 11:58:52.702445+00:00)
2026-08-19 16:58:52,723 | INFO | apscheduler.executors.default | Job "GameEngine.registration_watchdog (trigger: interval[0:00:05], next run at: 2026-08-19 11:58:57 UTC)" executed successfully
2026-08-19 16:58:57,723 | INFO | apscheduler.executors.default | Running job "GameEngine.registration_watchdog (trigger: interval[0:00:05], next run at: 2026-08-19 11:59:02 UTC)" (scheduled at 2026-08-19 11:58:57.702445+00:00)
2026-08-19 16:58:57,736 | INFO | apscheduler.executors.default | Job "GameEngine.registration_watchdog (trigger: interval[0:00:05], next run at: 2026-08-19 11:59:02 UTC)" executed successfully
2026-08-19 16:59:02,705 | INFO | apscheduler.executors.default | Running job "GameEngine.registration_watchdog (trigger: interval[0:00:05], next run at: 2026-08-19 11:59:07 UTC)" (scheduled at 2026-08-19 11:59:02.702445+00:00)
2026-08-19 16:59:02,718 | INFO | apscheduler.executors.default | Job "GameEngine.registration_watchdog (trigger: interval[0:00:05], next run at: 2026-08-19 11:59:07 UTC)" executed successfully
2026-08-19 16:59:07,725 | INFO | apscheduler.executors.default | Running job "GameEngine.registration_watchdog (trigger: interval[0:00:05], next run at: 2026-08-19 11:59:12 UTC)" (scheduled at 2026-08-19 11:59:07.702445+00:00)
2026-08-19 16:59:07,738 | INFO | apscheduler.executors.default | Job "GameEngine.registration_watchdog (trigger: interval[0:00:05], next run at: 2026-08-19 11:59:12 UTC)" executed successfully
2026-08-19 16:59:12,706 | INFO | apscheduler.executors.default | Running job "GameEngine.registration_watchdog (trigger: interval[0:00:05], next run at: 2026-08-19 11:59:17 UTC)" (scheduled at 2026-08-19 11:59:12.702445+00:00)
2026-08-19 16:59:12,719 | INFO | apscheduler.executors.default | Job "GameEngine.registration_watchdog (trigger: interval[0:00:05], next run at: 2026-08-19 11:59:17 UTC)" executed successfully
2026-08-19 16:59:13,677 | INFO | root | DEBUG_INCOMING Message from=5713560695 payload=message_id=234458 date=datetime.datetime(2026, 8, 19, 11, 59, 14, tzinfo=TzInfo(UTC)) chat=Chat(id=-1003992490466, type='supergroup', title='GHOST • mafia', username=None, first_name=None, last_name=None, is_forum=None, is_direct_messages=None, accent_color_id=None, active_usernames=None, available_reactions=None, background_custom_emoji_id=None, bio=None, birthdate=None, business_intro=None, business_location=None, business_opening_hours=None, can_set_sticker_set=None, custom_emoji_sticker_set_name=None, description=None, emoji_status_custom_emoji_id=None, emoji_status_expiration_date=None, has_aggressive_anti_spam_enabled=None, has_hidden_members=None, has_private_forwards=None, has_protected_content=None, has_restricted_voice_and_video_messages=None, has_visible_history=None, invite_link=None, join_by_request=None, join_to_send_messages=None, linked_chat_id=None, location=None, message_auto_delete_time=None, permissions=None, personal_chat=None, photo=None, pinned_message=None, profile_accent_color_id=None, profile_background_custom_emoji_id=None, slow_mode_delay=None, sticker_set_name=None, unrestrict_boost_count=None) message_thread_id=234455 direct_messages_topic=None from_user=User(id=5713560695, is_bot=False, first_name='\u1d0f\u029f\u029f\u1d0f\u028f\u1d0f\u0280\u3164', last_name='|\u3164 owner', username='gafforovvv_o7', language_code='uz', is_premium=None, added_to_attachment_menu=None, can_join_groups=None, can_read_all_group_messages=None, supports_inline_queries=None, can_connect_to_business=None, has_main_web_app=None) sender_chat=None sender_boost_count=None sender_business_bot=None business_connection_id=None forward_origin=None is_topic_message=None is_automatic_forward=None reply_to_message=Message(message_id=234455, date=datetime.datetime(2026, 8, 19, 11, 59, 7, tzinfo=TzInfo(UTC)), chat=Chat(id=-1003992490466, type='supergroup', title='GHOST • mafia', username=None, first_name=None, last_name=None, is_forum=None, is_direct_messages=None, accent_color_id=None, active_usernames=None, available_reactions=None, background_custom_emoji_id=None, bio=None, birthdate=None, business_intro=None, business_location=None, business_opening_hours=None, can_set_sticker_set=None, custom_emoji_sticker_set_name=None, description=None, emoji_status_custom_emoji_id=None, emoji_status_expiration_date=None, has_aggressive_anti_spam_enabled=None, has_hidden_members=None, has_private_forwards=None, has_protected_content=None, has_restricted_voice_and_video_messages=None, has_visible_history=None, invite_link=None, join_by_request=None, join_to_send_messages=None, linked_chat_id=None, location=None, message_auto_delete_time=None, permissions=None, personal_chat=None, photo=None, pinned_message=None, profile_accent_color_id=None, profile_background_custom_emoji_id=None, slow_mode_delay=None, sticker_set_name=None, unrestrict_boost_count=None), message_thread_id=None, direct_messages_topic=None, from_user=User(id=8802835655, is_bot=True, first_name='ProMafiyaBot', last_name=None, username='ProMafiyaBot', language_code=None, is_premium=None, added_to_attachment_menu=None, can_join_groups=None, can_read_all_group_messages=None, supports_inline_queries=None, can_connect_to_business=None, has_main_web_app=None), sender_chat=None, sender_boost_count=None, sender_business_bot=None, business_connection_id=None, forward_origin=None, is_topic_message=None, is_automatic_forward=None, reply_to_message=None, external_reply=None, quote=None, reply_to_story=None, reply_to_checklist_task_id=None, via_bot=None, edit_date=None, has_protected_content=True, is_from_offline=None, is_paid_post=None, media_group_id=None, author_signature=None, paid_star_count=None, text="\U0001f319 owner - \U0001f4e4 \U0001f468\U0001f3fc Tinch aholi...\nvahshiylarcha o'ldirildi. Aytishlaricha unikiga \U0001f935\U0001f3fb Don kelgan.", entities=[MessageEntity(type='custom_emoji', offset=0, length=2, url=None, user=None, language=None, custom_emoji_id='5238162283368035495'), MessageEntity(type='text_mention', offset=3, length=5, url=None, user=User(id=5713560695, is_bot=False, first_name='\u1d0f\u029f\u029f\u1d0f\u028f\u1d0f\u0280\u3164', last_name='|\u3164 owner', username='gafforovvv_o7', language_code='uz', is_premium=None, added_to_attachment_menu=None, can_join_groups=None, can_read_all_group_messages=None, supports_inline_queries=None, can_connect_to_business=None, has_main_web_app=None), language=None, custom_emoji_id=None), MessageEntity(type='bold', offset=3, length=5, url=None, user=None, language=None, custom_emoji_id=None), MessageEntity(type='bold', offset=8, length=3, url=None, user=None, language=None, custom_emoji_id=None), MessageEntity(type='bold', offset=11, length=2, url=None, user=None, language=None, custom_emoji_id=None), MessageEntity(type='custom_emoji', offset=11, length=2, url=None, user=None, language=None, custom_emoji_id='5335060117115137913'), MessageEntity(type='custom_emoji', offset=14, length=4, url=None, user=None, language=None, custom_emoji_id='5388927455207661480'), MessageEntity(type='custom_emoji', offset=82, length=4, url=None, user=None, language=None, custom_emoji_id='5325849345000513113'), MessageEntity(type='bold', offset=87, length=3, url=None, user=None, language=None, custom_emoji_id=None)], link_preview_options=None, suggested_post_info=None, effect_id=None, animation=None, audio=None, document=None, paid_media=None, photo=None, sticker=None, story=None, video=None, video_note=None, voice=None, caption=None, caption_entities=None, show_caption_above_media=None, has_media_spoiler=None, checklist=None, contact=None, dice=None, game=None, poll=None, venue=None, location=None, new_chat_members=None, left_chat_member=None, new_chat_title=None, new_chat_photo=None, delete_chat_photo=None, group_chat_created=None, supergroup_chat_created=None, channel_chat_created=None, message_auto_delete_timer_changed=None, migrate_to_chat_id=None, migrate_from_chat_id=None, pinned_message=None, invoice=None, successful_payment=None, refunded_payment=None, users_shared=None, chat_shared=None, gift=None, unique_gift=None, connected_website=None, write_access_allowed=None, passport_data=None, proximity_alert_triggered=None, boost_added=None, chat_background_set=None, checklist_tasks_done=None, checklist_tasks_added=None, direct_message_price_changed=None, forum_topic_created=None, forum_topic_edited=None, forum_topic_closed=None, forum_topic_reopened=None, general_forum_topic_hidden=None, general_forum_topic_unhidden=None, giveaway_created=None, giveaway=None, giveaway_winners=None, giveaway_completed=None, paid_message_price_changed=None, suggested_post_approved=None, suggested_post_approval_failed=None, suggested_post_declined=None, suggested_post_paid=None, suggested_post_refunded=None, video_chat_scheduled=None, video_chat_started=None, video_chat_ended=None, video_chat_participants_invited=None, web_app_data=None, reply_markup=None, forward_date=None, forward_from=None, forward_from_chat=None, forward_from_message_id=None, forward_sender_name=None, forward_signature=None, user_shared=None) external_reply=None quote=None reply_to_story=None reply_to_checklist_task_id=None via_bot=None edit_date=None has_protected_content=True is_from_offline=None is_paid_post=None media_group_id=None author_signature=None paid_star_count=None text=None entities=None link_preview_options=None suggested_post_info=None effect_id=None animation=None audio=None document=None paid_media=None photo=None sticker=Sticker(file_id='CAACAgIAAyEFAATt-JHiAAEDk9pqhZqS_JMFFdO56J0-Msz3C-LjdAACh6AAApZRCEoq2yENKhI00z0E', file_unique_id='AgADh6AAApZRCEo', type='regular', width=512, height=512, is_animated=False, is_video=True, thumbnail=PhotoSize(file_id='AAMCAgADIQUABO34keIAAQOT2mqFmpL8kwUV07nonT4yzPcL4uN0AAKHoAACllEISirbIQ0qEjTTAQAHbQADPQQ', file_unique_id='AQADh6AAApZRCEpy', width=320, height=320, file_size=10892), emoji='\U0001fae5', set_name='Sghsgsgah_by_fStikBot', premium_animation=None, mask_position=None, custom_emoji_id=None, needs_repainting=None, file_size=125487, thumb={'file_id': 'AAMCAgADIQUABO34keIAAQOT2mqFmpL8kwUV07nonT4yzPcL4uN0AAKHoAACllEISirbIQ0qEjTTAQAHbQADPQQ', 'file_unique_id': 'AQADh6AAApZRCEpy', 'file_size': 10892, 'width': 320, 'height': 320}) story=None video=None video_note=None voice=None caption=None caption_entities=None show_caption_above_media=None has_media_spoiler=None checklist=None contact=None dice=None game=None poll=None venue=None location=None new_chat_members=None left_chat_member=None new_chat_title=None new_chat_photo=None delete_chat_photo=None group_chat_created=None supergroup_chat_created=None channel_chat_created=None message_auto_delete_timer_changed=None migrate_to_chat_id=None migrate_from_chat_id=None pinned_message=None invoice=None successful_payment=None refunded_payment=None users_shared=None chat_shared=None gift=None unique_gift=None connected_website=None write_access_allowed=None passport_data=None proximity_alert_triggered=None boost_added=None chat_background_set=None checklist_tasks_done=None checklist_tasks_added=None direct_message_price_changed=None forum_topic_created=None forum_topic_edited=None forum_topic_closed=None forum_topic_reopened=None general_forum_topic_hidden=None general_forum_topic_unhidden=None giveaway_created=None giveaway=None giveaway_winners=None giveaway_completed=None paid_message_price_changed=None suggested_post_approved=None suggested_post_approval_failed=None suggested_post_declined=None suggested_post_paid=None suggested_post_refunded=None video_chat_scheduled=None video_chat_started=None video_chat_ended=None video_chat_participants_invited=None web_app_data=None reply_markup=None forward_date=None forward_from=None forward_from_chat=None forward_from_message_id=None forward_sender_name=None forward_signature=None user_shared=None sender_tag='гаффоров'
2026-08-19 16:59:13,702 | INFO | aiogram.event | Update id=466217181 is handled. Duration 32 ms by bot id=8894100649
2026-08-19 16:59:15,415 | INFO | root | DEBUG_INCOMING Message from=5713560695 payload=Дон
2026-08-19 16:59:15,441 | INFO | aiogram.event | Update id=466217182 is handled. Duration 31 ms by bot id=8894100649
2026-08-19 16:59:17,718 | INFO | apscheduler.executors.default | Running job "GameEngine.registration_watchdog (trigger: interval[0:00:05], next run at: 2026-08-19 11:59:22 UTC)" (scheduled at 2026-08-19 11:59:17.702445+00:00)
2026-08-19 16:59:17,727 | INFO | apscheduler.executors.default | Running job "GameEngine.send_pending_diamond_logs (trigger: interval[0:00:30], next run at: 2026-08-19 11:59:47 UTC)" (scheduled at 2026-08-19 11:59:17.708289+00:00)
2026-08-19 16:59:17,728 | INFO | apscheduler.executors.default | Running job "GameEngine.premium_reset_watchdog (trigger: interval[0:01:00], next run at: 2026-08-19 12:00:17 UTC)" (scheduled at 2026-08-19 11:59:17.708289+00:00)
2026-08-19 16:59:17,737 | INFO | apscheduler.executors.default | Job "GameEngine.registration_watchdog (trigger: interval[0:00:05], next run at: 2026-08-19 11:59:22 UTC)" executed successfully
2026-08-19 16:59:17,741 | INFO | apscheduler.executors.default | Job "GameEngine.premium_reset_watchdog (trigger: interval[0:01:00], next run at: 2026-08-19 12:00:17 UTC)" executed successfully
2026-08-19 16:59:17,745 | INFO | apscheduler.executors.default | Job "GameEngine.send_pending_diamond_logs (trigger: interval[0:00:30], next run at: 2026-08-19 11:59:47 UTC)" executed successfully
2026-08-19 16:59:22,715 | INFO | apscheduler.executors.default | Running job "GameEngine.registration_watchdog (trigger: interval[0:00:05], next run at: 2026-08-19 11:59:27 UTC)" (scheduled at 2026-08-19 11:59:22.702445+00:00)
2026-08-19 16:59:22,729 | INFO | apscheduler.executors.default | Job "GameEngine.registration_watchdog (trigger: interval[0:00:05], next run at: 2026-08-19 11:59:27 UTC)" executed successfully
2026-08-19 16:59:27,713 | INFO | apscheduler.executors.default | Running job "GameEngine.registration_watchdog (trigger: interval[0:00:05], next run at: 2026-08-19 11:59:32 UTC)" (scheduled at 2026-08-19 11:59:27.702445+00:00)
2026-08-19 16:59:27,727 | INFO | apscheduler.executors.default | Job "GameEngine.registration_watchdog (trigger: interval[0:00:05], next run at: 2026-08-19 11:59:32 UTC)" executed successfully
2026-08-19 16:59:32,713 | INFO | apscheduler.executors.default | Running job "GameEngine.registration_watchdog (trigger: interval[0:00:05], next run at: 2026-08-19 11:59:37 UTC)" (scheduled at 2026-08-19 11:59:32.702445+00:00)
2026-08-19 16:59:32,726 | INFO | apscheduler.executors.default | Job "GameEngine.registration_watchdog (trigger: interval[0:00:05], next run at: 2026-08-19 11:59:37 UTC)" executed successfully
2026-08-19 16:59:34,246 | INFO | root | DEBUG_INCOMING Message from=8643585323 payload=Erke bosaci Oka\U0001f602
2026-08-19 16:59:34,276 | INFO | aiogram.event | Update id=466217183 is handled. Duration 30 ms by bot id=8894100649
2026-08-19 16:59:37,702 | INFO | apscheduler.executors.default | Running job "GameEngine.registration_watchdog (trigger: interval[0:00:05], next run at: 2026-08-19 11:59:42 UTC)" (scheduled at 2026-08-19 11:59:37.702445+00:00)
2026-08-19 16:59:37,715 | INFO | apscheduler.executors.default | Job "GameEngine.registration_watchdog (trigger: interval[0:00:05], next run at: 2026-08-19 11:59:42 UTC)" executed successfully
2026-08-19 16:59:42,718 | INFO | apscheduler.executors.default | Running job "GameEngine.registration_watchdog (trigger: interval[0:00:05], next run at: 2026-08-19 11:59:47 UTC)" (scheduled at 2026-08-19 11:59:42.702445+00:00)
2026-08-19 16:59:42,731 | INFO | apscheduler.executors.default | Job "GameEngine.registration_watchdog (trigger: interval[0:00:05], next run at: 2026-08-19 11:59:47 UTC)" executed successfully
2026-08-19 16:59:47,706 | INFO | apscheduler.executors.default | Running job "GameEngine.registration_watchdog (trigger: interval[0:00:05], next run at: 2026-08-19 11:59:52 UTC)" (scheduled at 2026-08-19 11:59:47.702445+00:00)
2026-08-19 16:59:47,716 | INFO | apscheduler.executors.default | Running job "GameEngine.send_pending_diamond_logs (trigger: interval[0:00:30], next run at: 2026-08-19 12:00:17 UTC)" (scheduled at 2026-08-19 11:59:47.708289+00:00)
2026-08-19 16:59:47,722 | INFO | apscheduler.executors.default | Job "GameEngine.registration_watchdog (trigger: interval[0:00:05], next run at: 2026-08-19 11:59:52 UTC)" executed successfully
2026-08-19 16:59:47,728 | INFO | apscheduler.executors.default | Job "GameEngine.send_pending_diamond_logs (trigger: interval[0:00:30], next run at: 2026-08-19 12:00:17 UTC)" executed successfully
2026-08-19 16:59:52,711 | INFO | apscheduler.executors.default | Running job "GameEngine.registration_watchdog (trigger: interval[0:00:05], next run at: 2026-08-19 11:59:57 UTC)" (scheduled at 2026-08-19 11:59:52.702445+00:00)
2026-08-19 16:59:52,724 | INFO | apscheduler.executors.default | Job "GameEngine.registration_watchdog (trigger: interval[0:00:05], next run at: 2026-08-19 11:59:57 UTC)" executed successfully
2026-08-19 16:59:53,816 | INFO | root | DEBUG_INCOMING Message from=1032523871 payload=Men dokmaaaan gumon qmila
2026-08-19 16:59:53,841 | INFO | aiogram.event | Update id=466217184 is handled. Duration 30 ms by bot id=8894100649
2026-08-19 16:59:57,706 | INFO | apscheduler.executors.default | Running job "GameEngine.registration_watchdog (trigger: interval[0:00:05], next run at: 2026-08-19 12:00:02 UTC)" (scheduled at 2026-08-19 11:59:57.702445+00:00)
2026-08-19 16:59:57,718 | INFO | apscheduler.executors.default | Job "GameEngine.registration_watchdog (trigger: interval[0:00:05], next run at: 2026-08-19 12:00:02 UTC)" executed successfully
2026-08-19 17:00:02,712 | INFO | apscheduler.executors.default | Running job "GameEngine.registration_watchdog (trigger: interval[0:00:05], next run at: 2026-08-19 12:00:07 UTC)" (scheduled at 2026-08-19 12:00:02.702445+00:00)
2026-08-19 17:00:02,726 | INFO | apscheduler.executors.default | Job "GameEngine.registration_watchdog (trigger: interval[0:00:05], next run at: 2026-08-19 12:00:07 UTC)" executed successfully
2026-08-19 17:00:07,707 | INFO | apscheduler.executors.default | Running job "GameEngine.registration_watchdog (trigger: interval[0:00:05], next run at: 2026-08-19 12:00:12 UTC)" (scheduled at 2026-08-19 12:00:07.702445+00:00)
2026-08-19 17:00:07,721 | INFO | apscheduler.executors.default | Job "GameEngine.registration_watchdog (trigger: interval[0:00:05], next run at: 2026-08-19 12:00:12 UTC)" executed successfully
2026-08-19 17:00:12,718 | INFO | apscheduler.executors.default | Running job "GameEngine.registration_watchdog (trigger: interval[0:00:05], next run at: 2026-08-19 12:00:17 UTC)" (scheduled at 2026-08-19 12:00:12.702445+00:00)
2026-08-19 17:00:12,732 | INFO | apscheduler.executors.default | Job "GameEngine.registration_watchdog (trigger: interval[0:00:05], next run at: 2026-08-19 12:00:17 UTC)" executed successfully
2026-08-19 17:00:17,712 | INFO | apscheduler.executors.default | Running job "GameEngine.registration_watchdog (trigger: interval[0:00:05], next run at: 2026-08-19 12:00:22 UTC)" (scheduled at 2026-08-19 12:00:17.702445+00:00)
2026-08-19 17:00:17,721 | INFO | apscheduler.executors.default | Running job "GameEngine.send_pending_diamond_logs (trigger: interval[0:00:30], next run at: 2026-08-19 12:00:47 UTC)" (scheduled at 2026-08-19 12:00:17.708289+00:00)
2026-08-19 17:00:17,722 | INFO | apscheduler.executors.default | Running job "GameEngine.premium_reset_watchdog (trigger: interval[0:01:00], next run at: 2026-08-19 12:01:17 UTC)" (scheduled at 2026-08-19 12:00:17.708289+00:00)
2026-08-19 17:00:17,745 | INFO | apscheduler.executors.default | Job "GameEngine.registration_watchdog (trigger: interval[0:00:05], next run at: 2026-08-19 12:00:22 UTC)" executed successfully
2026-08-19 17:00:17,747 | INFO | apscheduler.executors.default | Job "GameEngine.premium_reset_watchdog (trigger: interval[0:01:00], next run at: 2026-08-19 12:01:17 UTC)" executed successfully
2026-08-19 17:00:17,765 | INFO | apscheduler.executors.default | Job "GameEngine.send_pending_diamond_logs (trigger: interval[0:00:30], next run at: 2026-08-19 12:00:47 UTC)" executed successfully
2026-08-19 17:00:19,956 | INFO | root | DEBUG_INCOMING Message from=1032523871 payload=Kezzzzmisz
2026-08-19 17:00:19,981 | INFO | aiogram.event | Update id=466217185 is handled. Duration 31 ms by bot id=8894100649
2026-08-19 17:00:22,711 | INFO | apscheduler.executors.default | Running job "GameEngine.registration_watchdog (trigger: interval[0:00:05], next run at: 2026-08-19 12:00:27 UTC)" (scheduled at 2026-08-19 12:00:22.702445+00:00)
2026-08-19 17:00:22,724 | INFO | apscheduler.executors.default | Job "GameEngine.registration_watchdog (trigger: interval[0:00:05], next run at: 2026-08-19 12:00:27 UTC)" executed successfully
2026-08-19 17:00:27,708 | INFO | apscheduler.executors.default | Running job "GameEngine.registration_watchdog (trigger: interval[0:00:05], next run at: 2026-08-19 12:00:32 UTC)" (scheduled at 2026-08-19 12:00:27.702445+00:00)
2026-08-19 17:00:27,720 | INFO | apscheduler.executors.default | Job "GameEngine.registration_watchdog (trigger: interval[0:00:05], next run at: 2026-08-19 12:00:32 UTC)" executed successfully
2026-08-19 17:00:32,710 | INFO | apscheduler.executors.default | Running job "GameEngine.registration_watchdog (trigger: interval[0:00:05], next run at: 2026-08-19 12:00:37 UTC)" (scheduled at 2026-08-19 12:00:32.702445+00:00)
2026-08-19 17:00:32,723 | INFO | apscheduler.executors.default | Job "GameEngine.registration_watchdog (trigger: interval[0:00:05], next run at: 2026-08-19 12:00:37 UTC)" executed successfully
2026-08-19 17:00:37,717 | INFO | apscheduler.executors.default | Running job "GameEngine.registration_watchdog (trigger: interval[0:00:05], next run at: 2026-08-19 12:00:42 UTC)" (scheduled at 2026-08-19 12:00:37.702445+00:00)
2026-08-19 17:00:37,729 | INFO | apscheduler.executors.default | Job "GameEngine.registration_watchdog (trigger: interval[0:00:05], next run at: 2026-08-19 12:00:42 UTC)" executed successfully
2026-08-19 17:00:40,270 | INFO | root | DEBUG_INCOMING Message from=1032523871 payload=Info
2026-08-19 17:00:40,299 | INFO | aiogram.event | Update id=466217186 is handled. Duration 30 ms by bot id=8894100649
2026-08-19 17:00:42,707 | INFO | apscheduler.executors.default | Running job "GameEngine.registration_watchdog (trigger: interval[0:00:05], next run at: 2026-08-19 12:00:47 UTC)" (scheduled at 2026-08-19 12:00:42.702445+00:00)
2026-08-19 17:00:42,720 | INFO | apscheduler.executors.default | Job "GameEngine.registration_watchdog (trigger: interval[0:00:05], next run at: 2026-08-19 12:00:47 UTC)" executed successfully
2026-08-19 17:00:47,713 | INFO | apscheduler.executors.default | Running job "GameEngine.registration_watchdog (trigger: interval[0:00:05], next run at: 2026-08-19 12:00:52 UTC)" (scheduled at 2026-08-19 12:00:47.702445+00:00)
2026-08-19 17:00:47,721 | INFO | apscheduler.executors.default | Running job "GameEngine.send_pending_diamond_logs (trigger: interval[0:00:30], next run at: 2026-08-19 12:01:17 UTC)" (scheduled at 2026-08-19 12:00:47.708289+00:00)
2026-08-19 17:00:47,731 | INFO | apscheduler.executors.default | Job "GameEngine.registration_watchdog (trigger: interval[0:00:05], next run at: 2026-08-19 12:00:52 UTC)" executed successfully
2026-08-19 17:00:47,737 | INFO | apscheduler.executors.default | Job "GameEngine.send_pending_diamond_logs (trigger: interval[0:00:30], next run at: 2026-08-19 12:01:17 UTC)" executed successfully
2026-08-19 17:00:48,173 | INFO | root | DEBUG_INCOMING Message from=7526403539 payload=Don
2026-08-19 17:00:48,181 | INFO | root | DEBUG_INCOMING Message from=5713560695 payload=пешона\U0001f923
2026-08-19 17:00:48,249 | INFO | aiogram.event | Update id=466217188 is handled. Duration 94 ms by bot id=8894100649
2026-08-19 17:00:48,251 | INFO | aiogram.event | Update id=466217187 is handled. Duration 94 ms by bot id=8894100649
2026-08-19 17:00:49,661 | INFO | root | DEBUG_INCOMING Message from=8992081887 payload=/clan@WorldMafiaBot
2026-08-19 17:00:49,688 | INFO | app.handlers.clan | cmd_clan triggered by 8992081887 (malikavips)
2026-08-19 17:00:51,133 | INFO | aiogram.event | Update id=466217189 is handled. Duration 1469 ms by bot id=8894100649
2026-08-19 17:00:52,703 | INFO | apscheduler.executors.default | Running job "GameEngine.registration_watchdog (trigger: interval[0:00:05], next run at: 2026-08-19 12:00:57 UTC)" (scheduled at 2026-08-19 12:00:52.702445+00:00)
2026-08-19 17:00:52,712 | INFO | apscheduler.executors.default | Job "GameEngine.registration_watchdog (trigger: interval[0:00:05], next run at: 2026-08-19 12:00:57 UTC)" executed successfully
2026-08-19 17:00:52,844 | INFO | root | DEBUG_INCOMING Message from=8888830251 payload=Komman
2026-08-19 17:00:52,872 | INFO | aiogram.event | Update id=466217190 is handled. Duration 32 ms by bot id=8894100649
2026-08-19 17:00:54,530 | INFO | root | DEBUG_INCOMING Message from=1032523871 payload=Iyyyu
2026-08-19 17:00:54,549 | INFO | aiogram.event | Update id=466217191 is handled. Duration 30 ms by bot id=8894100649
2026-08-19 17:00:56,167 | INFO | root | DEBUG_INCOMING Message from=8643585323 payload=Da
2026-08-19 17:00:56,196 | INFO | aiogram.event | Update id=466217192 is handled. Duration 31 ms by bot id=8894100649
2026-08-19 17:00:57,726 | INFO | apscheduler.executors.default | Running job "GameEngine.registration_watchdog (trigger: interval[0:00:05], next run at: 2026-08-19 12:01:02 UTC)" (scheduled at 2026-08-19 12:00:57.702445+00:00)
2026-08-19 17:00:57,731 | INFO | apscheduler.executors.default | Job "GameEngine.registration_watchdog (trigger: interval[0:00:05], next run at: 2026-08-19 12:01:02 UTC)" executed successfully
2026-08-19 17:01:02,711 | INFO | apscheduler.executors.default | Running job "GameEngine.registration_watchdog (trigger: interval[0:00:05], next run at: 2026-08-19 12:01:07 UTC)" (scheduled at 2026-08-19 12:01:02.702445+00:00)
2026-08-19 17:01:02,716 | INFO | apscheduler.executors.default | Job "GameEngine.registration_watchdog (trigger: interval[0:00:05], next run at: 2026-08-19 12:01:07 UTC)" executed successfully
2026-08-19 17:01:03,380 | INFO | root | DEBUG_INCOMING Message from=1032523871 payload=Ozi don
2026-08-19 17:01:03,403 | INFO | aiogram.event | Update id=466217193 is handled. Duration 30 ms by bot id=8894100649
2026-08-19 17:01:07,711 | INFO | apscheduler.executors.default | Running job "GameEngine.registration_watchdog (trigger: interval[0:00:05], next run at: 2026-08-19 12:01:12 UTC)" (scheduled at 2026-08-19 12:01:07.702445+00:00)
2026-08-19 17:01:07,716 | INFO | apscheduler.executors.default | Job "GameEngine.registration_watchdog (trigger: interval[0:00:05], next run at: 2026-08-19 12:01:12 UTC)" executed successfully
2026-08-19 17:01:12,718 | INFO | apscheduler.executors.default | Running job "GameEngine.registration_watchdog (trigger: interval[0:00:05], next run at: 2026-08-19 12:01:17 UTC)" (scheduled at 2026-08-19 12:01:12.702445+00:00)
2026-08-19 17:01:12,724 | INFO | apscheduler.executors.default | Job "GameEngine.registration_watchdog (trigger: interval[0:00:05], next run at: 2026-08-19 12:01:17 UTC)" executed successfully
2026-08-19 17:01:13,852 | INFO | root | DEBUG_INCOMING Message from=7526403539 payload=Bidr bidr qilormaa
2026-08-19 17:01:13,875 | INFO | aiogram.event | Update id=466217194 is handled. Duration 32 ms by bot id=8894100649
2026-08-19 17:01:14,977 | INFO | root | DEBUG_INCOMING Message from=8888830251 payload=\U0001f3ad Sizning rolingiz: \U0001f575\U0001f3fb\u200d\u2642 Komissar Kattani

Vazifangiz - mafiyani topish va ovoz berish paytida ularni osish. Har kecha bir kishini tekshirasiz yoki otasiz.
2026-08-19 17:01:14,996 | INFO | aiogram.event | Update id=466217195 is handled. Duration 32 ms by bot id=8894100649
2026-08-19 17:01:17,705 | INFO | apscheduler.executors.default | Running job "GameEngine.registration_watchdog (trigger: interval[0:00:05], next run at: 2026-08-19 12:01:22 UTC)" (scheduled at 2026-08-19 12:01:17.702445+00:00)
2026-08-19 17:01:17,713 | INFO | apscheduler.executors.default | Running job "GameEngine.send_pending_diamond_logs (trigger: interval[0:00:30], next run at: 2026-08-19 12:01:47 UTC)" (scheduled at 2026-08-19 12:01:17.708289+00:00)
2026-08-19 17:01:17,714 | INFO | apscheduler.executors.default | Running job "GameEngine.premium_reset_watchdog (trigger: interval[0:01:00], next run at: 2026-08-19 12:02:17 UTC)" (scheduled at 2026-08-19 12:01:17.708289+00:00)
2026-08-19 17:01:17,722 | INFO | apscheduler.executors.default | Job "GameEngine.registration_watchdog (trigger: interval[0:00:05], next run at: 2026-08-19 12:01:22 UTC)" executed successfully
2026-08-19 17:01:17,726 | INFO | apscheduler.executors.default | Job "GameEngine.premium_reset_watchdog (trigger: interval[0:01:00], next run at: 2026-08-19 12:02:17 UTC)" executed successfully
2026-08-19 17:01:17,730 | INFO | apscheduler.executors.default | Job "GameEngine.send_pending_diamond_logs (trigger: interval[0:00:30], next run at: 2026-08-19 12:01:47 UTC)" executed successfully
2026-08-19 17:01:22,708 | INFO | apscheduler.executors.default | Running job "GameEngine.registration_watchdog (trigger: interval[0:00:05], next run at: 2026-08-19 12:01:27 UTC)" (scheduled at 2026-08-19 12:01:22.702445+00:00)
2026-08-19 17:01:22,720 | INFO | apscheduler.executors.default | Job "GameEngine.registration_watchdog (trigger: interval[0:00:05], next run at: 2026-08-19 12:01:27 UTC)" executed successfully
2026-08-19 17:01:27,715 | INFO | apscheduler.executors.default | Running job "GameEngine.registration_watchdog (trigger: interval[0:00:05], next run at: 2026-08-19 12:01:32 UTC)" (scheduled at 2026-08-19 12:01:27.702445+00:00)
2026-08-19 17:01:27,727 | INFO | apscheduler.executors.default | Job "GameEngine.registration_watchdog (trigger: interval[0:00:05], next run at: 2026-08-19 12:01:32 UTC)" executed successfully
2026-08-19 17:01:29,693 | INFO | root | DEBUG_INCOMING Message from=7526403539 payload=Dzz
2026-08-19 17:01:29,701 | INFO | root | DEBUG_INCOMING Message from=8888830251 payload=100
2026-08-19 17:01:29,784 | INFO | aiogram.event | Update id=466217197 is handled. Duration 93 ms by bot id=8894100649
2026-08-19 17:01:29,784 | INFO | aiogram.event | Update id=466217196 is handled. Duration 93 ms by bot id=8894100649
2026-08-19 17:01:32,726 | INFO | apscheduler.executors.default | Running job "GameEngine.registration_watchdog (trigger: interval[0:00:05], next run at: 2026-08-19 12:01:37 UTC)" (scheduled at 2026-08-19 12:01:32.702445+00:00)
2026-08-19 17:01:32,732 | INFO | apscheduler.executors.default | Job "GameEngine.registration_watchdog (trigger: interval[0:00:05], next run at: 2026-08-19 12:01:37 UTC)" executed successfully
2026-08-19 17:01:37,703 | INFO | apscheduler.executors.default | Running job "GameEngine.registration_watchdog (trigger: interval[0:00:05], next run at: 2026-08-19 12:01:42 UTC)" (scheduled at 2026-08-19 12:01:37.702445+00:00)
2026-08-19 17:01:37,714 | INFO | apscheduler.executors.default | Job "GameEngine.registration_watchdog (trigger: interval[0:00:05], next run at: 2026-08-19 12:01:42 UTC)" executed successfully
2026-08-19 17:01:42,721 | INFO | apscheduler.executors.default | Running job "GameEngine.registration_watchdog (trigger: interval[0:00:05], next run at: 2026-08-19 12:01:47 UTC)" (scheduled at 2026-08-19 12:01:42.702445+00:00)
2026-08-19 17:01:42,732 | INFO | apscheduler.executors.default | Job "GameEngine.registration_watchdog (trigger: interval[0:00:05], next run at: 2026-08-19 12:01:47 UTC)" executed successfully
2026-08-19 17:01:47,481 | INFO | root | DEBUG_INCOMING Message from=7526403539 payload=\U0001f3ad Sizning rolingiz: \U0001f37e Daydi

\U0001f468\U0001f3fc Tinch aholi tomonidasiz.

Har kecha bitta o'yinchini tanlaysiz va aroq izlab uning oldiga borasiz \U0001f37e\U0001f602. Agar tanlagan odamingiz oldida shu tunda qotillik sodir bo'lsa, mast holingizda buni ko'rib qolasiz (natija faqat sizga yuboriladi). Hech kimni o'ldira yoki himoya qila olmaysiz.

\u26a0\ufe0f Diqqat: agar bilmasdan \U0001f468\U0001f3fb\u200d\U0001f9b2 Tentakning uyiga borsangiz - u sizni sezib, sizni o'ldiradi! Bu o'limdan FAQAT \U0001f468\U0001f3fb\u200d\u2695 Doktor qutqarishi mumkin (boshqa himoya buyumlari va Omadli ishlamaydi).
2026-08-19 17:01:47,501 | INFO | aiogram.event | Update id=466217198 is handled. Duration 32 ms by bot id=8894100649
2026-08-19 17:01:47,715 | INFO | apscheduler.executors.default | Running job "GameEngine.registration_watchdog (trigger: interval[0:00:05], next run at: 2026-08-19 12:01:52 UTC)" (scheduled at 2026-08-19 12:01:47.702445+00:00)
2026-08-19 17:01:47,722 | INFO | apscheduler.executors.default | Running job "GameEngine.send_pending_diamond_logs (trigger: interval[0:00:30], next run at: 2026-08-19 12:02:17 UTC)" (scheduled at 2026-08-19 12:01:47.708289+00:00)
2026-08-19 17:01:47,727 | INFO | apscheduler.executors.default | Job "GameEngine.registration_watchdog (trigger: interval[0:00:05], next run at: 2026-08-19 12:01:52 UTC)" executed successfully
2026-08-19 17:01:47,732 | INFO | apscheduler.executors.default | Job "GameEngine.send_pending_diamond_logs (trigger: interval[0:00:30], next run at: 2026-08-19 12:02:17 UTC)" executed successfully
2026-08-19 17:01:52,704 | INFO | apscheduler.executors.default | Running job "GameEngine.registration_watchdog (trigger: interval[0:00:05], next run at: 2026-08-19 12:01:57 UTC)" (scheduled at 2026-08-19 12:01:52.702445+00:00)
2026-08-19 17:01:52,719 | INFO | apscheduler.executors.default | Job "GameEngine.registration_watchdog (trigger: interval[0:00:05], next run at: 2026-08-19 12:01:57 UTC)" executed successfully
2026-08-19 17:01:57,709 | INFO | apscheduler.executors.default | Running job "GameEngine.registration_watchdog (trigger: interval[0:00:05], next run at: 2026-08-19 12:02:02 UTC)" (scheduled at 2026-08-19 12:01:57.702445+00:00)
2026-08-19 17:01:57,715 | INFO | apscheduler.executors.default | Job "GameEngine.registration_watchdog (trigger: interval[0:00:05], next run at: 2026-08-19 12:02:02 UTC)" executed successfully
2026-08-19 17:02:02,710 | INFO | apscheduler.executors.default | Running job "GameEngine.registration_watchdog (trigger: interval[0:00:05], next run at: 2026-08-19 12:02:07 UTC)" (scheduled at 2026-08-19 12:02:02.702445+00:00)
2026-08-19 17:02:02,716 | INFO | apscheduler.executors.default | Job "GameEngine.registration_watchdog (trigger: interval[0:00:05], next run at: 2026-08-19 12:02:07 UTC)" executed successfully
2026-08-19 17:02:03,046 | INFO | root | DEBUG_INCOMING Message from=1032523871 payload=\U0001f3ad Sizning rolingiz: \U0001f468\U0001f3fb\u200d\u2695 Doktor

Vazifangiz - har kecha bir kishini davolash orqali o'limdan saqlash.

\u26a0\ufe0f Davolashingiz FAQAT tungi hujumlardan (Don/Mafiya, Komissar, Qotil) saqlaydi - kunduzgi ovoz bilan osilishdan qutqara olmaysiz.
2026-08-19 17:02:03,070 | INFO | aiogram.event | Update id=466217199 is handled. Duration 31 ms by bot id=8894100649
2026-08-19 17:02:05,735 | INFO | root | DEBUG_INCOMING Message from=7526403539 payload=Don busam dz bosmema
2026-08-19 17:02:05,762 | INFO | aiogram.event | Update id=466217200 is handled. Duration 47 ms by bot id=8894100649
2026-08-19 17:02:07,712 | INFO | apscheduler.executors.default | Running job "GameEngine.registration_watchdog (trigger: interval[0:00:05], next run at: 2026-08-19 12:02:12 UTC)" (scheduled at 2026-08-19 12:02:07.702445+00:00)
2026-08-19 17:02:07,726 | INFO | apscheduler.executors.default | Job "GameEngine.registration_watchdog (trigger: interval[0:00:05], next run at: 2026-08-19 12:02:12 UTC)" executed successfully
2026-08-19 17:02:11,803 | INFO | root | DEBUG_INCOMING Message from=8692634539 payload=Хамма ролини ташаб берсин
2026-08-19 17:02:11,820 | INFO | aiogram.event | Update id=466217201 is handled. Duration 16 ms by bot id=8894100649
2026-08-19 17:02:12,711 | INFO | apscheduler.executors.default | Running job "GameEngine.registration_watchdog (trigger: interval[0:00:05], next run at: 2026-08-19 12:02:17 UTC)" (scheduled at 2026-08-19 12:02:12.702445+00:00)
2026-08-19 17:02:12,725 | INFO | apscheduler.executors.default | Job "GameEngine.registration_watchdog (trigger: interval[0:00:05], next run at: 2026-08-19 12:02:17 UTC)" executed successfully
2026-08-19 17:02:17,704 | INFO | apscheduler.executors.default | Running job "GameEngine.registration_watchdog (trigger: interval[0:00:05], next run at: 2026-08-19 12:02:22 UTC)" (scheduled at 2026-08-19 12:02:17.702445+00:00)
2026-08-19 17:02:17,708 | INFO | apscheduler.executors.default | Running job "GameEngine.send_pending_diamond_logs (trigger: interval[0:00:30], next run at: 2026-08-19 12:02:47 UTC)" (scheduled at 2026-08-19 12:02:17.708289+00:00)
2026-08-19 17:02:17,709 | INFO | apscheduler.executors.default | Running job "GameEngine.premium_reset_watchdog (trigger: interval[0:01:00], next run at: 2026-08-19 12:03:17 UTC)" (scheduled at 2026-08-19 12:02:17.708289+00:00)
2026-08-19 17:02:17,714 | INFO | apscheduler.executors.default | Job "GameEngine.registration_watchdog (trigger: interval[0:00:05], next run at: 2026-08-19 12:02:22 UTC)" executed successfully
2026-08-19 17:02:17,740 | INFO | apscheduler.executors.default | Job "GameEngine.premium_reset_watchdog (trigger: interval[0:01:00], next run at: 2026-08-19 12:03:17 UTC)" executed successfully
2026-08-19 17:02:17,745 | INFO | apscheduler.executors.default | Job "GameEngine.send_pending_diamond_logs (trigger: interval[0:00:30], next run at: 2026-08-19 12:02:47 UTC)" executed successfully
2026-08-19 17:02:22,720 | INFO | apscheduler.executors.default | Running job "GameEngine.registration_watchdog (trigger: interval[0:00:05], next run at: 2026-08-19 12:02:27 UTC)" (scheduled at 2026-08-19 12:02:22.702445+00:00)
2026-08-19 17:02:22,730 | INFO | apscheduler.executors.default | Job "GameEngine.registration_watchdog (trigger: interval[0:00:05], next run at: 2026-08-19 12:02:27 UTC)" executed successfully
2026-08-19 17:02:27,703 | INFO | apscheduler.executors.default | Running job "GameEngine.registration_watchdog (trigger: interval[0:00:05], next run at: 2026-08-19 12:02:32 UTC)" (scheduled at 2026-08-19 12:02:27.702445+00:00)
2026-08-19 17:02:27,717 | INFO | apscheduler.executors.default | Job "GameEngine.registration_watchdog (trigger: interval[0:00:05], next run at: 2026-08-19 12:02:32 UTC)" executed successfully
2026-08-19 17:02:32,710 | INFO | apscheduler.executors.default | Running job "GameEngine.registration_watchdog (trigger: interval[0:00:05], next run at: 2026-08-19 12:02:37 UTC)" (scheduled at 2026-08-19 12:02:32.702445+00:00)
2026-08-19 17:02:32,720 | INFO | apscheduler.executors.default | Job "GameEngine.registration_watchdog (trigger: interval[0:00:05], next run at: 2026-08-19 12:02:37 UTC)" executed successfully
2026-08-19 17:02:37,711 | INFO | apscheduler.executors.default | Running job "GameEngine.registration_watchdog (trigger: interval[0:00:05], next run at: 2026-08-19 12:02:42 UTC)" (scheduled at 2026-08-19 12:02:37.702445+00:00)
2026-08-19 17:02:37,716 | INFO | apscheduler.executors.default | Job "GameEngine.registration_watchdog (trigger: interval[0:00:05], next run at: 2026-08-19 12:02:42 UTC)" executed successfully
2026-08-19 17:02:42,710 | INFO | apscheduler.executors.default | Running job "GameEngine.registration_watchdog (trigger: interval[0:00:05], next run at: 2026-08-19 12:02:47 UTC)" (scheduled at 2026-08-19 12:02:42.702445+00:00)
2026-08-19 17:02:42,721 | INFO | apscheduler.executors.default | Job "GameEngine.registration_watchdog (trigger: interval[0:00:05], next run at: 2026-08-19 12:02:47 UTC)" executed successfully
2026-08-19 17:02:47,705 | INFO | apscheduler.executors.default | Running job "GameEngine.registration_watchdog (trigger: interval[0:00:05], next run at: 2026-08-19 12:02:52 UTC)" (scheduled at 2026-08-19 12:02:47.702445+00:00)
2026-08-19 17:02:47,708 | INFO | apscheduler.executors.default | Running job "GameEngine.send_pending_diamond_logs (trigger: interval[0:00:30], next run at: 2026-08-19 12:03:17 UTC)" (scheduled at 2026-08-19 12:02:47.708289+00:00)
2026-08-19 17:02:47,712 | INFO | apscheduler.executors.default | Job "GameEngine.registration_watchdog (trigger: interval[0:00:05], next run at: 2026-08-19 12:02:52 UTC)" executed successfully
2026-08-19 17:02:47,718 | INFO | apscheduler.executors.default | Job "GameEngine.send_pending_diamond_logs (trigger: interval[0:00:30], next run at: 2026-08-19 12:03:17 UTC)" executed successfully
2026-08-19 17:02:52,718 | INFO | apscheduler.executors.default | Running job "GameEngine.registration_watchdog (trigger: interval[0:00:05], next run at: 2026-08-19 12:02:57 UTC)" (scheduled at 2026-08-19 12:02:52.702445+00:00)
2026-08-19 17:02:52,724 | INFO | apscheduler.executors.default | Job "GameEngine.registration_watchdog (trigger: interval[0:00:05], next run at: 2026-08-19 12:02:57 UTC)" executed successfully
2026-08-19 17:02:57,715 | INFO | apscheduler.executors.default | Running job "GameEngine.registration_watchdog (trigger: interval[0:00:05], next run at: 2026-08-19 12:03:02 UTC)" (scheduled at 2026-08-19 12:02:57.702445+00:00)
2026-08-19 17:02:57,721 | INFO | apscheduler.executors.default | Job "GameEngine.registration_watchdog (trigger: interval[0:00:05], next run at: 2026-08-19 12:03:02 UTC)" executed successfully
2026-08-19 17:03:02,714 | INFO | apscheduler.executors.default | Running job "GameEngine.registration_watchdog (trigger: interval[0:00:05], next run at: 2026-08-19 12:03:07 UTC)" (scheduled at 2026-08-19 12:03:02.702445+00:00)
2026-08-19 17:03:02,720 | INFO | apscheduler.executors.default | Job "GameEngine.registration_watchdog (trigger: interval[0:00:05], next run at: 2026-08-19 12:03:07 UTC)" executed successfully
2026-08-19 17:03:07,719 | INFO | apscheduler.executors.default | Running job "GameEngine.registration_watchdog (trigger: interval[0:00:05], next run at: 2026-08-19 12:03:12 UTC)" (scheduled at 2026-08-19 12:03:07.702445+00:00)
2026-08-19 17:03:07,733 | INFO | apscheduler.executors.default | Job "GameEngine.registration_watchdog (trigger: interval[0:00:05], next run at: 2026-08-19 12:03:12 UTC)" executed successfully
2026-08-19 17:03:12,710 | INFO | apscheduler.executors.default | Running job "GameEngine.registration_watchdog (trigger: interval[0:00:05], next run at: 2026-08-19 12:03:17 UTC)" (scheduled at 2026-08-19 12:03:12.702445+00:00)
2026-08-19 17:03:12,723 | INFO | apscheduler.executors.default | Job "GameEngine.registration_watchdog (trigger: interval[0:00:05], next run at: 2026-08-19 12:03:17 UTC)" executed successfully
2026-08-19 17:03:17,716 | INFO | apscheduler.executors.default | Running job "GameEngine.registration_watchdog (trigger: interval[0:00:05], next run at: 2026-08-19 12:03:22 UTC)" (scheduled at 2026-08-19 12:03:17.702445+00:00)
2026-08-19 17:03:17,718 | INFO | apscheduler.executors.default | Running job "GameEngine.send_pending_diamond_logs (trigger: interval[0:00:30], next run at: 2026-08-19 12:03:47 UTC)" (scheduled at 2026-08-19 12:03:17.708289+00:00)
2026-08-19 17:03:17,719 | INFO | apscheduler.executors.default | Running job "GameEngine.premium_reset_watchdog (trigger: interval[0:01:00], next run at: 2026-08-19 12:04:17 UTC)" (scheduled at 2026-08-19 12:03:17.708289+00:00)
2026-08-19 17:03:17,738 | INFO | apscheduler.executors.default | Job "GameEngine.registration_watchdog (trigger: interval[0:00:05], next run at: 2026-08-19 12:03:22 UTC)" executed successfully
2026-08-19 17:03:17,743 | INFO | apscheduler.executors.default | Job "GameEngine.premium_reset_watchdog (trigger: interval[0:01:00], next run at: 2026-08-19 12:04:17 UTC)" executed successfully
2026-08-19 17:03:17,748 | INFO | apscheduler.executors.default | Job "GameEngine.send_pending_diamond_logs (trigger: interval[0:00:30], next run at: 2026-08-19 12:03:47 UTC)" executed successfully
2026-08-19 17:03:22,710 | INFO | apscheduler.executors.default | Running job "GameEngine.registration_watchdog (trigger: interval[0:00:05], next run at: 2026-08-19 12:03:27 UTC)" (scheduled at 2026-08-19 12:03:22.702445+00:00)
2026-08-19 17:03:22,728 | INFO | apscheduler.executors.default | Job "GameEngine.registration_watchdog (trigger: interval[0:00:05], next run at: 2026-08-19 12:03:27 UTC)" executed successfully
2026-08-19 17:03:27,703 | INFO | apscheduler.executors.default | Running job "GameEngine.registration_watchdog (trigger: interval[0:00:05], next run at: 2026-08-19 12:03:32 UTC)" (scheduled at 2026-08-19 12:03:27.702445+00:00)
2026-08-19 17:03:27,716 | INFO | apscheduler.executors.default | Job "GameEngine.registration_watchdog (trigger: interval[0:00:05], next run at: 2026-08-19 12:03:32 UTC)" executed successfully
2026-08-19 17:03:30,398 | INFO | root | DEBUG_INCOMING Message from=7526403539 payload=Nma bo mankida
2026-08-19 17:03:30,427 | INFO | aiogram.event | Update id=466217202 is handled. Duration 30 ms by bot id=8894100649
2026-08-19 17:03:32,712 | INFO | apscheduler.executors.default | Running job "GameEngine.registration_watchdog (trigger: interval[0:00:05], next run at: 2026-08-19 12:03:37 UTC)" (scheduled at 2026-08-19 12:03:32.702445+00:00)
2026-08-19 17:03:32,727 | INFO | apscheduler.executors.default | Job "GameEngine.registration_watchdog (trigger: interval[0:00:05], next run at: 2026-08-19 12:03:37 UTC)" executed successfully
2026-08-19 17:03:37,715 | INFO | apscheduler.executors.default | Running job "GameEngine.registration_watchdog (trigger: interval[0:00:05], next run at: 2026-08-19 12:03:42 UTC)" (scheduled at 2026-08-19 12:03:37.702445+00:00)
2026-08-19 17:03:37,723 | INFO | apscheduler.executors.default | Job "GameEngine.registration_watchdog (trigger: interval[0:00:05], next run at: 2026-08-19 12:03:42 UTC)" executed successfully
2026-08-19 17:03:41,016 | INFO | root | DEBUG_INCOMING Message from=8692634539 payload=\U0001f923\U0001f923\U0001f923\U0001f602
2026-08-19 17:03:41,040 | INFO | aiogram.event | Update id=466217203 is handled. Duration 15 ms by bot id=8894100649
2026-08-19 17:03:42,725 | INFO | apscheduler.executors.default | Running job "GameEngine.registration_watchdog (trigger: interval[0:00:05], next run at: 2026-08-19 12:03:47 UTC)" (scheduled at 2026-08-19 12:03:42.702445+00:00)
2026-08-19 17:03:42,733 | INFO | apscheduler.executors.default | Job "GameEngine.registration_watchdog (trigger: interval[0:00:05], next run at: 2026-08-19 12:03:47 UTC)" executed successfully
2026-08-19 17:03:47,705 | INFO | apscheduler.executors.default | Running job "GameEngine.registration_watchdog (trigger: interval[0:00:05], next run at: 2026-08-19 12:03:52 UTC)" (scheduled at 2026-08-19 12:03:47.702445+00:00)
2026-08-19 17:03:47,712 | INFO | apscheduler.executors.default | Running job "GameEngine.send_pending_diamond_logs (trigger: interval[0:00:30], next run at: 2026-08-19 12:04:17 UTC)" (scheduled at 2026-08-19 12:03:47.708289+00:00)
2026-08-19 17:03:47,721 | INFO | apscheduler.executors.default | Job "GameEngine.registration_watchdog (trigger: interval[0:00:05], next run at: 2026-08-19 12:03:52 UTC)" executed successfully
2026-08-19 17:03:47,721 | INFO | apscheduler.executors.default | Job "GameEngine.send_pending_diamond_logs (trigger: interval[0:00:30], next run at: 2026-08-19 12:04:17 UTC)" executed successfully
2026-08-19 17:03:49,895 | INFO | root | DEBUG_INCOMING Message from=1032523871 payload=Men boshida blodm
2026-08-19 17:03:49,923 | INFO | aiogram.event | Update id=466217204 is handled. Duration 30 ms by bot id=8894100649
2026-08-19 17:03:52,707 | INFO | apscheduler.executors.default | Running job "GameEngine.registration_watchdog (trigger: interval[0:00:05], next run at: 2026-08-19 12:03:57 UTC)" (scheduled at 2026-08-19 12:03:52.702445+00:00)
2026-08-19 17:03:52,713 | INFO | apscheduler.executors.default | Job "GameEngine.registration_watchdog (trigger: interval[0:00:05], next run at: 2026-08-19 12:03:57 UTC)" executed successfully
2026-08-19 17:03:53,519 | INFO | root | DEBUG_INCOMING Message from=8643585323 payload=Zerkkandan Oka\U0001f602
2026-08-19 17:03:53,550 | INFO | aiogram.event | Update id=466217205 is handled. Duration 30 ms by bot id=8894100649
2026-08-19 17:03:57,710 | INFO | apscheduler.executors.default | Running job "GameEngine.registration_watchdog (trigger: interval[0:00:05], next run at: 2026-08-19 12:04:02 UTC)" (scheduled at 2026-08-19 12:03:57.702445+00:00)
2026-08-19 17:03:57,713 | INFO | apscheduler.executors.default | Job "GameEngine.registration_watchdog (trigger: interval[0:00:05], next run at: 2026-08-19 12:04:02 UTC)" executed successfully
2026-08-19 17:04:01,418 | INFO | root | DEBUG_INCOMING Message from=8643585323 payload=Ettima wunaqa db
2026-08-19 17:04:01,432 | INFO | aiogram.event | Update id=466217206 is handled. Duration 15 ms by bot id=8894100649
2026-08-19 17:04:02,710 | INFO | apscheduler.executors.default | Running job "GameEngine.registration_watchdog (trigger: interval[0:00:05], next run at: 2026-08-19 12:04:07 UTC)" (scheduled at 2026-08-19 12:04:02.702445+00:00)
2026-08-19 17:04:02,710 | INFO | apscheduler.executors.default | Job "GameEngine.registration_watchdog (trigger: interval[0:00:05], next run at: 2026-08-19 12:04:07 UTC)" executed successfully
2026-08-19 17:04:07,715 | INFO | apscheduler.executors.default | Running job "GameEngine.registration_watchdog (trigger: interval[0:00:05], next run at: 2026-08-19 12:04:12 UTC)" (scheduled at 2026-08-19 12:04:07.702445+00:00)
2026-08-19 17:04:07,721 | INFO | apscheduler.executors.default | Job "GameEngine.registration_watchdog (trigger: interval[0:00:05], next run at: 2026-08-19 12:04:12 UTC)" executed successfully
2026-08-19 17:04:12,564 | INFO | root | DEBUG_INCOMING Message from=7526403539 payload=Hamma narsan bilasanda saan
2026-08-19 17:04:12,589 | INFO | aiogram.event | Update id=466217207 is handled. Duration 30 ms by bot id=8894100649
2026-08-19 17:04:12,710 | INFO | apscheduler.executors.default | Running job "GameEngine.registration_watchdog (trigger: interval[0:00:05], next run at: 2026-08-19 12:04:17 UTC)" (scheduled at 2026-08-19 12:04:12.702445+00:00)
2026-08-19 17:04:12,712 | INFO | apscheduler.executors.default | Job "GameEngine.registration_watchdog (trigger: interval[0:00:05], next run at: 2026-08-19 12:04:17 UTC)" executed successfully
2026-08-19 17:04:17,707 | INFO | apscheduler.executors.default | Running job "GameEngine.registration_watchdog (trigger: interval[0:00:05], next run at: 2026-08-19 12:04:22 UTC)" (scheduled at 2026-08-19 12:04:17.702445+00:00)
2026-08-19 17:04:17,714 | INFO | apscheduler.executors.default | Running job "GameEngine.send_pending_diamond_logs (trigger: interval[0:00:30], next run at: 2026-08-19 12:04:47 UTC)" (scheduled at 2026-08-19 12:04:17.708289+00:00)
2026-08-19 17:04:17,717 | INFO | apscheduler.executors.default | Running job "GameEngine.premium_reset_watchdog (trigger: interval[0:01:00], next run at: 2026-08-19 12:05:17 UTC)" (scheduled at 2026-08-19 12:04:17.708289+00:00)
2026-08-19 17:04:17,760 | INFO | apscheduler.executors.default | Job "GameEngine.registration_watchdog (trigger: interval[0:00:05], next run at: 2026-08-19 12:04:22 UTC)" executed successfully
2026-08-19 17:04:17,761 | INFO | apscheduler.executors.default | Job "GameEngine.premium_reset_watchdog (trigger: interval[0:01:00], next run at: 2026-08-19 12:05:17 UTC)" executed successfully
2026-08-19 17:04:17,767 | INFO | apscheduler.executors.default | Job "GameEngine.send_pending_diamond_logs (trigger: interval[0:00:30], next run at: 2026-08-19 12:04:47 UTC)" executed successfully
2026-08-19 17:04:22,716 | INFO | apscheduler.executors.default | Running job "GameEngine.registration_watchdog (trigger: interval[0:00:05], next run at: 2026-08-19 12:04:27 UTC)" (scheduled at 2026-08-19 12:04:22.702445+00:00)
2026-08-19 17:04:22,723 | INFO | apscheduler.executors.default | Job "GameEngine.registration_watchdog (trigger: interval[0:00:05], next run at: 2026-08-19 12:04:27 UTC)" executed successfully
2026-08-19 17:04:24,358 | INFO | root | DEBUG_INCOMING Message from=7526403539 payload=Walolan osela
2026-08-19 17:04:24,376 | INFO | aiogram.event | Update id=466217208 is handled. Duration 32 ms by bot id=8894100649
2026-08-19 17:04:27,707 | INFO | apscheduler.executors.default | Running job "GameEngine.registration_watchdog (trigger: interval[0:00:05], next run at: 2026-08-19 12:04:32 UTC)" (scheduled at 2026-08-19 12:04:27.702445+00:00)
2026-08-19 17:04:27,714 | INFO | apscheduler.executors.default | Job "GameEngine.registration_watchdog (trigger: interval[0:00:05], next run at: 2026-08-19 12:04:32 UTC)" executed successfully
2026-08-19 17:04:32,711 | INFO | apscheduler.executors.default | Running job "GameEngine.registration_watchdog (trigger: interval[0:00:05], next run at: 2026-08-19 12:04:37 UTC)" (scheduled at 2026-08-19 12:04:32.702445+00:00)
2026-08-19 17:04:32,721 | INFO | apscheduler.executors.default | Job "GameEngine.registration_watchdog (trigger: interval[0:00:05], next run at: 2026-08-19 12:04:37 UTC)" executed successfully
2026-08-19 17:04:33,575 | INFO | root | DEBUG_INCOMING Message from=1032523871 payload=Ok
2026-08-19 17:04:33,593 | INFO | aiogram.event | Update id=466217209 is handled. Duration 30 ms by bot id=8894100649
2026-08-19 17:04:37,707 | INFO | apscheduler.executors.default | Running job "GameEngine.registration_watchdog (trigger: interval[0:00:05], next run at: 2026-08-19 12:04:42 UTC)" (scheduled at 2026-08-19 12:04:37.702445+00:00)
2026-08-19 17:04:37,718 | INFO | apscheduler.executors.default | Job "GameEngine.registration_watchdog (trigger: interval[0:00:05], next run at: 2026-08-19 12:04:42 UTC)" executed successfully
2026-08-19 17:04:42,710 | INFO | apscheduler.executors.default | Running job "GameEngine.registration_watchdog (trigger: interval[0:00:05], next run at: 2026-08-19 12:04:47 UTC)" (scheduled at 2026-08-19 12:04:42.702445+00:00)
2026-08-19 17:04:42,717 | INFO | apscheduler.executors.default | Job "GameEngine.registration_watchdog (trigger: interval[0:00:05], next run at: 2026-08-19 12:04:47 UTC)" executed successfully
2026-08-19 17:04:44,086 | INFO | root | DEBUG_INCOMING Message from=1032523871 payload=R bosach
2026-08-19 17:04:44,114 | INFO | aiogram.event | Update id=466217210 is handled. Duration 31 ms by bot id=8894100649
2026-08-19 17:04:47,703 | INFO | apscheduler.executors.default | Running job "GameEngine.registration_watchdog (trigger: interval[0:00:05], next run at: 2026-08-19 12:04:52 UTC)" (scheduled at 2026-08-19 12:04:47.702445+00:00)
2026-08-19 17:04:47,710 | INFO | apscheduler.executors.default | Running job "GameEngine.send_pending_diamond_logs (trigger: interval[0:00:30], next run at: 2026-08-19 12:05:17 UTC)" (scheduled at 2026-08-19 12:04:47.708289+00:00)
2026-08-19 17:04:47,717 | INFO | apscheduler.executors.default | Job "GameEngine.registration_watchdog (trigger: interval[0:00:05], next run at: 2026-08-19 12:04:52 UTC)" executed successfully
2026-08-19 17:04:47,724 | INFO | apscheduler.executors.default | Job "GameEngine.send_pending_diamond_logs (trigger: interval[0:00:30], next run at: 2026-08-19 12:05:17 UTC)" executed successfully
2026-08-19 17:04:50,977 | INFO | root | DEBUG_INCOMING Message from=7526403539 payload=Don walola
2026-08-19 17:04:50,997 | INFO | aiogram.event | Update id=466217211 is handled. Duration 32 ms by bot id=8894100649
2026-08-19 17:04:52,658 | INFO | root | DEBUG_INCOMING Message from=8263830135 payload=+
2026-08-19 17:04:52,695 | INFO | aiogram.event | Update id=466217212 is handled. Duration 47 ms by bot id=8894100649
2026-08-19 17:04:52,718 | INFO | apscheduler.executors.default | Running job "GameEngine.registration_watchdog (trigger: interval[0:00:05], next run at: 2026-08-19 12:04:57 UTC)" (scheduled at 2026-08-19 12:04:52.702445+00:00)
2026-08-19 17:04:52,718 | INFO | apscheduler.executors.default | Job "GameEngine.registration_watchdog (trigger: interval[0:00:05], next run at: 2026-08-19 12:04:57 UTC)" executed successfully
2026-08-19 17:04:52,823 | INFO | root | DEBUG_INCOMING Message from=8692634539 payload=Афсунгарманде
2026-08-19 17:04:52,846 | INFO | aiogram.event | Update id=466217213 is handled. Duration 30 ms by bot id=8894100649
2026-08-19 17:04:53,641 | INFO | root | DEBUG_INCOMING Message from=7526403539 payload=Afs u
2026-08-19 17:04:53,664 | INFO | aiogram.event | Update id=466217214 is handled. Duration 30 ms by bot id=8894100649
2026-08-19 17:04:57,727 | INFO | apscheduler.executors.default | Running job "GameEngine.registration_watchdog (trigger: interval[0:00:05], next run at: 2026-08-19 12:05:02 UTC)" (scheduled at 2026-08-19 12:04:57.702445+00:00)
2026-08-19 17:04:57,730 | INFO | apscheduler.executors.default | Job "GameEngine.registration_watchdog (trigger: interval[0:00:05], next run at: 2026-08-19 12:05:02 UTC)" executed successfully
2026-08-19 17:05:00,814 | INFO | root | DEBUG_INCOMING Message from=1032523871 payload=Haaa
2026-08-19 17:05:00,835 | INFO | aiogram.event | Update id=466217215 is handled. Duration 32 ms by bot id=8894100649
2026-08-19 17:05:02,709 | INFO | apscheduler.executors.default | Running job "GameEngine.registration_watchdog (trigger: interval[0:00:05], next run at: 2026-08-19 12:05:07 UTC)" (scheduled at 2026-08-19 12:05:02.702445+00:00)
2026-08-19 17:05:02,716 | INFO | apscheduler.executors.default | Job "GameEngine.registration_watchdog (trigger: interval[0:00:05], next run at: 2026-08-19 12:05:07 UTC)" executed successfully
2026-08-19 17:05:03,065 | INFO | root | DEBUG_INCOMING Message from=8692634539 payload=Анаа
2026-08-19 17:05:03,095 | INFO | aiogram.event | Update id=466217216 is handled. Duration 30 ms by bot id=8894100649
2026-08-19 17:05:04,090 | INFO | root | DEBUG_INCOMING Message from=7526403539 payload=Osss
2026-08-19 17:05:04,113 | INFO | aiogram.event | Update id=466217217 is handled. Duration 31 ms by bot id=8894100649
2026-08-19 17:05:06,453 | INFO | root | DEBUG_INCOMING Message from=1032523871 payload=Iib chi
2026-08-19 17:05:06,468 | INFO | aiogram.event | Update id=466217218 is handled. Duration 30 ms by bot id=8894100649
2026-08-19 17:05:07,703 | INFO | apscheduler.executors.default | Running job "GameEngine.registration_watchdog (trigger: interval[0:00:05], next run at: 2026-08-19 12:05:12 UTC)" (scheduled at 2026-08-19 12:05:07.702445+00:00)
2026-08-19 17:05:07,713 | INFO | apscheduler.executors.default | Job "GameEngine.registration_watchdog (trigger: interval[0:00:05], next run at: 2026-08-19 12:05:12 UTC)" executed successfully
2026-08-19 17:05:09,414 | INFO | root | DEBUG_INCOMING Message from=7526403539 payload=Ossss
2026-08-19 17:05:09,433 | INFO | aiogram.event | Update id=466217219 is handled. Duration 31 ms by bot id=8894100649
2026-08-19 17:05:12,718 | INFO | apscheduler.executors.default | Running job "GameEngine.registration_watchdog (trigger: interval[0:00:05], next run at: 2026-08-19 12:05:17 UTC)" (scheduled at 2026-08-19 12:05:12.702445+00:00)
2026-08-19 17:05:12,725 | INFO | apscheduler.executors.default | Job "GameEngine.registration_watchdog (trigger: interval[0:00:05], next run at: 2026-08-19 12:05:17 UTC)" executed successfully
2026-08-19 17:05:17,721 | INFO | apscheduler.executors.default | Running job "GameEngine.registration_watchdog (trigger: interval[0:00:05], next run at: 2026-08-19 12:05:22 UTC)" (scheduled at 2026-08-19 12:05:17.702445+00:00)
2026-08-19 17:05:17,721 | INFO | apscheduler.executors.default | Running job "GameEngine.send_pending_diamond_logs (trigger: interval[0:00:30], next run at: 2026-08-19 12:05:47 UTC)" (scheduled at 2026-08-19 12:05:17.708289+00:00)
2026-08-19 17:05:17,721 | INFO | apscheduler.executors.default | Running job "GameEngine.premium_reset_watchdog (trigger: interval[0:01:00], next run at: 2026-08-19 12:06:17 UTC)" (scheduled at 2026-08-19 12:05:17.708289+00:00)
2026-08-19 17:05:17,737 | INFO | apscheduler.executors.default | Job "GameEngine.registration_watchdog (trigger: interval[0:00:05], next run at: 2026-08-19 12:05:22 UTC)" executed successfully
2026-08-19 17:05:17,737 | INFO | apscheduler.executors.default | Job "GameEngine.premium_reset_watchdog (trigger: interval[0:01:00], next run at: 2026-08-19 12:06:17 UTC)" executed successfully
2026-08-19 17:05:17,737 | INFO | apscheduler.executors.default | Job "GameEngine.send_pending_diamond_logs (trigger: interval[0:00:30], next run at: 2026-08-19 12:05:47 UTC)" executed successfully
2026-08-19 17:05:18,386 | INFO | root | DEBUG_INCOMING Message from=7526403539 payload=Walolani oss ufff
2026-08-19 17:05:18,404 | INFO | aiogram.event | Update id=466217220 is handled. Duration 30 ms by bot id=8894100649
2026-08-19 17:05:22,707 | INFO | apscheduler.executors.default | Running job "GameEngine.registration_watchdog (trigger: interval[0:00:05], next run at: 2026-08-19 12:05:27 UTC)" (scheduled at 2026-08-19 12:05:22.702445+00:00)
2026-08-19 17:05:22,720 | INFO | apscheduler.executors.default | Job "GameEngine.registration_watchdog (trigger: interval[0:00:05], next run at: 2026-08-19 12:05:27 UTC)" executed successfully
2026-08-19 17:05:22,991 | INFO | root | DEBUG_INCOMING Message from=8263830135 payload=Blmam
2026-08-19 17:05:23,015 | INFO | aiogram.event | Update id=466217221 is handled. Duration 30 ms by bot id=8894100649
2026-08-19 17:05:27,714 | INFO | apscheduler.executors.default | Running job "GameEngine.registration_watchdog (trigger: interval[0:00:05], next run at: 2026-08-19 12:05:32 UTC)" (scheduled at 2026-08-19 12:05:27.702445+00:00)
2026-08-19 17:05:27,717 | INFO | apscheduler.executors.default | Job "GameEngine.registration_watchdog (trigger: interval[0:00:05], next run at: 2026-08-19 12:05:32 UTC)" executed successfully
2026-08-19 17:05:29,364 | INFO | root | DEBUG_INCOMING Message from=1032523871 payload=Vaaaay
2026-08-19 17:05:29,391 | INFO | aiogram.event | Update id=466217222 is handled. Duration 30 ms by bot id=8894100649
2026-08-19 17:05:29,692 | INFO | root | DEBUG_INCOMING Message from=8643585323 payload=Tori qvossla
2026-08-19 17:05:29,718 | INFO | aiogram.event | Update id=466217223 is handled. Duration 47 ms by bot id=8894100649
2026-08-19 17:05:32,715 | INFO | apscheduler.executors.default | Running job "GameEngine.registration_watchdog (trigger: interval[0:00:05], next run at: 2026-08-19 12:05:37 UTC)" (scheduled at 2026-08-19 12:05:32.702445+00:00)
2026-08-19 17:05:32,722 | INFO | apscheduler.executors.default | Job "GameEngine.registration_watchdog (trigger: interval[0:00:05], next run at: 2026-08-19 12:05:37 UTC)" executed successfully
2026-08-19 17:05:33,273 | INFO | root | DEBUG_INCOMING Message from=7526403539 payload=Kup gapirasa bilasami
2026-08-19 17:05:33,287 | INFO | aiogram.event | Update id=466217224 is handled. Duration 30 ms by bot id=8894100649
2026-08-19 17:05:34,711 | INFO | root | DEBUG_INCOMING Message from=1032523871 payload=Berb bome qoldi bliiiiin
2026-08-19 17:05:34,732 | INFO | aiogram.event | Update id=466217225 is handled. Duration 31 ms by bot id=8894100649
2026-08-19 17:05:37,710 | INFO | apscheduler.executors.default | Running job "GameEngine.registration_watchdog (trigger: interval[0:00:05], next run at: 2026-08-19 12:05:42 UTC)" (scheduled at 2026-08-19 12:05:37.702445+00:00)
2026-08-19 17:05:37,710 | INFO | apscheduler.executors.default | Job "GameEngine.registration_watchdog (trigger: interval[0:00:05], next run at: 2026-08-19 12:05:42 UTC)" executed successfully
2026-08-19 17:05:42,705 | INFO | apscheduler.executors.default | Running job "GameEngine.registration_watchdog (trigger: interval[0:00:05], next run at: 2026-08-19 12:05:47 UTC)" (scheduled at 2026-08-19 12:05:42.702445+00:00)
2026-08-19 17:05:42,705 | INFO | apscheduler.executors.default | Job "GameEngine.registration_watchdog (trigger: interval[0:00:05], next run at: 2026-08-19 12:05:47 UTC)" executed successfully
2026-08-19 17:05:47,706 | INFO | apscheduler.executors.default | Running job "GameEngine.registration_watchdog (trigger: interval[0:00:05], next run at: 2026-08-19 12:05:52 UTC)" (scheduled at 2026-08-19 12:05:47.702445+00:00)
2026-08-19 17:05:47,706 | INFO | apscheduler.executors.default | Job "GameEngine.registration_watchdog (trigger: interval[0:00:05], next run at: 2026-08-19 12:05:52 UTC)" executed successfully
2026-08-19 17:05:47,722 | INFO | apscheduler.executors.default | Running job "GameEngine.send_pending_diamond_logs (trigger: interval[0:00:30], next run at: 2026-08-19 12:06:17 UTC)" (scheduled at 2026-08-19 12:05:47.708289+00:00)
2026-08-19 17:05:47,722 | INFO | apscheduler.executors.default | Job "GameEngine.send_pending_diamond_logs (trigger: interval[0:00:30], next run at: 2026-08-19 12:06:17 UTC)" executed successfully
2026-08-19 17:05:50,420 | INFO | root | DEBUG_INCOMING Message from=1032523871 payload=Infosz osme ddm aholi bosa
2026-08-19 17:05:50,461 | INFO | aiogram.event | Update id=466217226 is handled. Duration 47 ms by bot id=8894100649
2026-08-19 17:05:52,710 | INFO | apscheduler.executors.default | Running job "GameEngine.registration_watchdog (trigger: interval[0:00:05], next run at: 2026-08-19 12:05:57 UTC)" (scheduled at 2026-08-19 12:05:52.702445+00:00)
2026-08-19 17:05:52,717 | INFO | apscheduler.executors.default | Job "GameEngine.registration_watchdog (trigger: interval[0:00:05], next run at: 2026-08-19 12:05:57 UTC)" executed successfully
2026-08-19 17:05:57,704 | INFO | apscheduler.executors.default | Running job "GameEngine.registration_watchdog (trigger: interval[0:00:05], next run at: 2026-08-19 12:06:02 UTC)" (scheduled at 2026-08-19 12:05:57.702445+00:00)
2026-08-19 17:05:57,708 | INFO | apscheduler.executors.default | Job "GameEngine.registration_watchdog (trigger: interval[0:00:05], next run at: 2026-08-19 12:06:02 UTC)" executed successfully
2026-08-19 17:06:00,066 | INFO | root | DEBUG_INCOMING Message from=1032523871 payload=Shalolaaaaaa\U0001f90d\U0001f90d
2026-08-19 17:06:00,082 | INFO | aiogram.event | Update id=466217227 is handled. Duration 32 ms by bot id=8894100649
2026-08-19 17:06:00,859 | INFO | root | DEBUG_INCOMING Message from=7526403539 payload=Man aytb turippanku
2026-08-19 17:06:00,890 | INFO | aiogram.event | Update id=466217228 is handled. Duration 30 ms by bot id=8894100649
2026-08-19 17:06:02,706 | INFO | apscheduler.executors.default | Running job "GameEngine.registration_watchdog (trigger: interval[0:00:05], next run at: 2026-08-19 12:06:07 UTC)" (scheduled at 2026-08-19 12:06:02.702445+00:00)
2026-08-19 17:06:02,724 | INFO | apscheduler.executors.default | Job "GameEngine.registration_watchdog (trigger: interval[0:00:05], next run at: 2026-08-19 12:06:07 UTC)" executed successfully
2026-08-19 17:06:07,709 | INFO | apscheduler.executors.default | Running job "GameEngine.registration_watchdog (trigger: interval[0:00:05], next run at: 2026-08-19 12:06:12 UTC)" (scheduled at 2026-08-19 12:06:07.702445+00:00)
2026-08-19 17:06:07,716 | INFO | apscheduler.executors.default | Job "GameEngine.registration_watchdog (trigger: interval[0:00:05], next run at: 2026-08-19 12:06:12 UTC)" executed successfully
2026-08-19 17:06:10,667 | INFO | root | DEBUG_INCOMING Message from=1032523871 payload=Qaytan blbman
2026-08-19 17:06:10,675 | INFO | aiogram.event | Update id=466217229 is handled. Duration 15 ms by bot id=8894100649
2026-08-19 17:06:12,709 | INFO | apscheduler.executors.default | Running job "GameEngine.registration_watchdog (trigger: interval[0:00:05], next run at: 2026-08-19 12:06:17 UTC)" (scheduled at 2026-08-19 12:06:12.702445+00:00)
2026-08-19 17:06:12,709 | INFO | apscheduler.executors.default | Job "GameEngine.registration_watchdog (trigger: interval[0:00:05], next run at: 2026-08-19 12:06:17 UTC)" executed successfully
2026-08-19 17:06:17,707 | INFO | apscheduler.executors.default | Running job "GameEngine.registration_watchdog (trigger: interval[0:00:05], next run at: 2026-08-19 12:06:22 UTC)" (scheduled at 2026-08-19 12:06:17.702445+00:00)
2026-08-19 17:06:17,714 | INFO | apscheduler.executors.default | Running job "GameEngine.send_pending_diamond_logs (trigger: interval[0:00:30], next run at: 2026-08-19 12:06:47 UTC)" (scheduled at 2026-08-19 12:06:17.708289+00:00)
2026-08-19 17:06:17,714 | INFO | apscheduler.executors.default | Running job "GameEngine.premium_reset_watchdog (trigger: interval[0:01:00], next run at: 2026-08-19 12:07:17 UTC)" (scheduled at 2026-08-19 12:06:17.708289+00:00)
2026-08-19 17:06:17,723 | INFO | apscheduler.executors.default | Job "GameEngine.registration_watchdog (trigger: interval[0:00:05], next run at: 2026-08-19 12:06:22 UTC)" executed successfully
2026-08-19 17:06:17,723 | INFO | apscheduler.executors.default | Job "GameEngine.premium_reset_watchdog (trigger: interval[0:01:00], next run at: 2026-08-19 12:07:17 UTC)" executed successfully
2026-08-19 17:06:17,723 | INFO | apscheduler.executors.default | Job "GameEngine.send_pending_diamond_logs (trigger: interval[0:00:30], next run at: 2026-08-19 12:06:47 UTC)" executed successfully
2026-08-19 17:06:21,654 | INFO | root | DEBUG_INCOMING Message from=7526403539 payload=Uldn yo man yo san
2026-08-19 17:06:21,682 | INFO | aiogram.event | Update id=466217230 is handled. Duration 30 ms by bot id=8894100649
2026-08-19 17:06:22,727 | INFO | apscheduler.executors.default | Running job "GameEngine.registration_watchdog (trigger: interval[0:00:05], next run at: 2026-08-19 12:06:27 UTC)" (scheduled at 2026-08-19 12:06:22.702445+00:00)
2026-08-19 17:06:22,740 | INFO | apscheduler.executors.default | Job "GameEngine.registration_watchdog (trigger: interval[0:00:05], next run at: 2026-08-19 12:06:27 UTC)" executed successfully
2026-08-19 17:06:27,705 | INFO | apscheduler.executors.default | Running job "GameEngine.registration_watchdog (trigger: interval[0:00:05], next run at: 2026-08-19 12:06:32 UTC)" (scheduled at 2026-08-19 12:06:27.702445+00:00)
2026-08-19 17:06:27,710 | INFO | apscheduler.executors.default | Job "GameEngine.registration_watchdog (trigger: interval[0:00:05], next run at: 2026-08-19 12:06:32 UTC)" executed successfully
2026-08-19 17:06:32,710 | INFO | apscheduler.executors.default | Running job "GameEngine.registration_watchdog (trigger: interval[0:00:05], next run at: 2026-08-19 12:06:37 UTC)" (scheduled at 2026-08-19 12:06:32.702445+00:00)
2026-08-19 17:06:32,722 | INFO | apscheduler.executors.default | Job "GameEngine.registration_watchdog (trigger: interval[0:00:05], next run at: 2026-08-19 12:06:37 UTC)" executed successfully
2026-08-19 17:06:35,024 | INFO | root | DEBUG_INCOMING Message from=1032523871 payload=Davoladm\U0001f929
2026-08-19 17:06:35,053 | INFO | aiogram.event | Update id=466217231 is handled. Duration 30 ms by bot id=8894100649
2026-08-19 17:06:37,709 | INFO | apscheduler.executors.default | Running job "GameEngine.registration_watchdog (trigger: interval[0:00:05], next run at: 2026-08-19 12:06:42 UTC)" (scheduled at 2026-08-19 12:06:37.702445+00:00)
2026-08-19 17:06:37,716 | INFO | apscheduler.executors.default | Job "GameEngine.registration_watchdog (trigger: interval[0:00:05], next run at: 2026-08-19 12:06:42 UTC)" executed successfully
2026-08-19 17:06:42,717 | INFO | apscheduler.executors.default | Running job "GameEngine.registration_watchdog (trigger: interval[0:00:05], next run at: 2026-08-19 12:06:47 UTC)" (scheduled at 2026-08-19 12:06:42.702445+00:00)
2026-08-19 17:06:42,717 | INFO | apscheduler.executors.default | Job "GameEngine.registration_watchdog (trigger: interval[0:00:05], next run at: 2026-08-19 12:06:47 UTC)" executed successfully
2026-08-19 17:06:47,728 | INFO | apscheduler.executors.default | Running job "GameEngine.registration_watchdog (trigger: interval[0:00:05], next run at: 2026-08-19 12:06:52 UTC)" (scheduled at 2026-08-19 12:06:47.702445+00:00)
2026-08-19 17:06:47,737 | INFO | apscheduler.executors.default | Running job "GameEngine.send_pending_diamond_logs (trigger: interval[0:00:30], next run at: 2026-08-19 12:07:17 UTC)" (scheduled at 2026-08-19 12:06:47.708289+00:00)
2026-08-19 17:06:47,745 | INFO | apscheduler.executors.default | Job "GameEngine.registration_watchdog (trigger: interval[0:00:05], next run at: 2026-08-19 12:06:52 UTC)" executed successfully
2026-08-19 17:06:47,749 | INFO | apscheduler.executors.default | Job "GameEngine.send_pending_diamond_logs (trigger: interval[0:00:30], next run at: 2026-08-19 12:07:17 UTC)" executed successfully
2026-08-19 17:06:52,711 | INFO | apscheduler.executors.default | Running job "GameEngine.registration_watchdog (trigger: interval[0:00:05], next run at: 2026-08-19 12:06:57 UTC)" (scheduled at 2026-08-19 12:06:52.702445+00:00)
2026-08-19 17:06:52,718 | INFO | apscheduler.executors.default | Job "GameEngine.registration_watchdog (trigger: interval[0:00:05], next run at: 2026-08-19 12:06:57 UTC)" executed successfully
2026-08-19 17:06:57,711 | INFO | apscheduler.executors.default | Running job "GameEngine.registration_watchdog (trigger: interval[0:00:05], next run at: 2026-08-19 12:07:02 UTC)" (scheduled at 2026-08-19 12:06:57.702445+00:00)
2026-08-19 17:06:57,717 | INFO | apscheduler.executors.default | Job "GameEngine.registration_watchdog (trigger: interval[0:00:05], next run at: 2026-08-19 12:07:02 UTC)" executed successfully
2026-08-19 17:07:02,705 | INFO | apscheduler.executors.default | Running job "GameEngine.registration_watchdog (trigger: interval[0:00:05], next run at: 2026-08-19 12:07:07 UTC)" (scheduled at 2026-08-19 12:07:02.702445+00:00)
2026-08-19 17:07:02,712 | INFO | apscheduler.executors.default | Job "GameEngine.registration_watchdog (trigger: interval[0:00:05], next run at: 2026-08-19 12:07:07 UTC)" executed successfully
2026-08-19 17:07:07,718 | INFO | apscheduler.executors.default | Running job "GameEngine.registration_watchdog (trigger: interval[0:00:05], next run at: 2026-08-19 12:07:12 UTC)" (scheduled at 2026-08-19 12:07:07.702445+00:00)
2026-08-19 17:07:07,720 | INFO | apscheduler.executors.default | Job "GameEngine.registration_watchdog (trigger: interval[0:00:05], next run at: 2026-08-19 12:07:12 UTC)" executed successfully
2026-08-19 17:07:12,706 | INFO | apscheduler.executors.default | Running job "GameEngine.registration_watchdog (trigger: interval[0:00:05], next run at: 2026-08-19 12:07:17 UTC)" (scheduled at 2026-08-19 12:07:12.702445+00:00)
2026-08-19 17:07:12,712 | INFO | apscheduler.executors.default | Job "GameEngine.registration_watchdog (trigger: interval[0:00:05], next run at: 2026-08-19 12:07:17 UTC)" executed successfully
2026-08-19 17:07:15,789 | INFO | root | DEBUG_INCOMING Message from=1032523871 payload=Uuuf
2026-08-19 17:07:15,815 | INFO | aiogram.event | Update id=466217232 is handled. Duration 31 ms by bot id=8894100649
2026-08-19 17:07:17,716 | INFO | apscheduler.executors.default | Running job "GameEngine.registration_watchdog (trigger: interval[0:00:05], next run at: 2026-08-19 12:07:22 UTC)" (scheduled at 2026-08-19 12:07:17.702445+00:00)
2026-08-19 17:07:17,723 | INFO | apscheduler.executors.default | Running job "GameEngine.send_pending_diamond_logs (trigger: interval[0:00:30], next run at: 2026-08-19 12:07:47 UTC)" (scheduled at 2026-08-19 12:07:17.708289+00:00)
2026-08-19 17:07:17,723 | INFO | apscheduler.executors.default | Running job "GameEngine.premium_reset_watchdog (trigger: interval[0:01:00], next run at: 2026-08-19 12:08:17 UTC)" (scheduled at 2026-08-19 12:07:17.708289+00:00)
2026-08-19 17:07:17,732 | INFO | apscheduler.executors.default | Job "GameEngine.registration_watchdog (trigger: interval[0:00:05], next run at: 2026-08-19 12:07:22 UTC)" executed successfully
2026-08-19 17:07:17,732 | INFO | apscheduler.executors.default | Job "GameEngine.premium_reset_watchdog (trigger: interval[0:01:00], next run at: 2026-08-19 12:08:17 UTC)" executed successfully
2026-08-19 17:07:17,732 | INFO | apscheduler.executors.default | Job "GameEngine.send_pending_diamond_logs (trigger: interval[0:00:30], next run at: 2026-08-19 12:07:47 UTC)" executed successfully
2026-08-19 17:07:19,977 | INFO | root | DEBUG_INCOMING Message from=8263830135 payload=Ha azizlar
2026-08-19 17:07:19,998 | INFO | aiogram.event | Update id=466217233 is handled. Duration 32 ms by bot id=8894100649
2026-08-19 17:07:22,704 | INFO | apscheduler.executors.default | Running job "GameEngine.registration_watchdog (trigger: interval[0:00:05], next run at: 2026-08-19 12:07:27 UTC)" (scheduled at 2026-08-19 12:07:22.702445+00:00)
2026-08-19 17:07:22,711 | INFO | apscheduler.executors.default | Job "GameEngine.registration_watchdog (trigger: interval[0:00:05], next run at: 2026-08-19 12:07:27 UTC)" executed successfully
2026-08-19 17:07:27,723 | INFO | apscheduler.executors.default | Running job "GameEngine.registration_watchdog (trigger: interval[0:00:05], next run at: 2026-08-19 12:07:32 UTC)" (scheduled at 2026-08-19 12:07:27.702445+00:00)
2026-08-19 17:07:27,729 | INFO | apscheduler.executors.default | Job "GameEngine.registration_watchdog (trigger: interval[0:00:05], next run at: 2026-08-19 12:07:32 UTC)" executed successfully
2026-08-19 17:07:29,929 | INFO | root | DEBUG_INCOMING Message from=7526403539 payload=Cicb quydz yurecam
2026-08-19 17:07:29,929 | INFO | root | DEBUG_INCOMING Message from=1032523871 payload=Olsina olsinaaa
2026-08-19 17:07:29,958 | INFO | aiogram.event | Update id=466217235 is handled. Duration 47 ms by bot id=8894100649
2026-08-19 17:07:29,958 | INFO | aiogram.event | Update id=466217234 is handled. Duration 47 ms by bot id=8894100649
2026-08-19 17:07:32,707 | INFO | apscheduler.executors.default | Running job "GameEngine.registration_watchdog (trigger: interval[0:00:05], next run at: 2026-08-19 12:07:37 UTC)" (scheduled at 2026-08-19 12:07:32.702445+00:00)
2026-08-19 17:07:32,714 | INFO | apscheduler.executors.default | Job "GameEngine.registration_watchdog (trigger: interval[0:00:05], next run at: 2026-08-19 12:07:37 UTC)" executed successfully
2026-08-19 17:07:37,713 | INFO | apscheduler.executors.default | Running job "GameEngine.registration_watchdog (trigger: interval[0:00:05], next run at: 2026-08-19 12:07:42 UTC)" (scheduled at 2026-08-19 12:07:37.702445+00:00)
2026-08-19 17:07:37,719 | INFO | apscheduler.executors.default | Job "GameEngine.registration_watchdog (trigger: interval[0:00:05], next run at: 2026-08-19 12:07:42 UTC)" executed successfully
2026-08-19 17:07:42,708 | INFO | apscheduler.executors.default | Running job "GameEngine.registration_watchdog (trigger: interval[0:00:05], next run at: 2026-08-19 12:07:47 UTC)" (scheduled at 2026-08-19 12:07:42.702445+00:00)
2026-08-19 17:07:42,715 | INFO | apscheduler.executors.default | Job "GameEngine.registration_watchdog (trigger: interval[0:00:05], next run at: 2026-08-19 12:07:47 UTC)" executed successfully
2026-08-19 17:07:47,706 | INFO | apscheduler.executors.default | Running job "GameEngine.registration_watchdog (trigger: interval[0:00:05], next run at: 2026-08-19 12:07:52 UTC)" (scheduled at 2026-08-19 12:07:47.702445+00:00)
2026-08-19 17:07:47,713 | INFO | apscheduler.executors.default | Running job "GameEngine.send_pending_diamond_logs (trigger: interval[0:00:30], next run at: 2026-08-19 12:08:17 UTC)" (scheduled at 2026-08-19 12:07:47.708289+00:00)
2026-08-19 17:07:47,722 | INFO | apscheduler.executors.default | Job "GameEngine.registration_watchdog (trigger: interval[0:00:05], next run at: 2026-08-19 12:07:52 UTC)" executed successfully
2026-08-19 17:07:47,722 | INFO | apscheduler.executors.default | Job "GameEngine.send_pending_diamond_logs (trigger: interval[0:00:30], next run at: 2026-08-19 12:08:17 UTC)" executed successfully
2026-08-19 17:07:48,152 | INFO | root | DEBUG_INCOMING Message from=8888830251 payload=Biludim jim oynaganizdan
2026-08-19 17:07:48,199 | INFO | aiogram.event | Update id=466217236 is handled. Duration 47 ms by bot id=8894100649
2026-08-19 17:07:51,210 | INFO | root | DEBUG_INCOMING Message from=8263830135 payload=message_id=234544 date=datetime.datetime(2026, 8, 19, 12, 7, 51, tzinfo=TzInfo(UTC)) chat=Chat(id=-1003992490466, type='supergroup', title='GHOST • mafia', username=None, first_name=None, last_name=None, is_forum=None, is_direct_messages=None, accent_color_id=None, active_usernames=None, available_reactions=None, background_custom_emoji_id=None, bio=None, birthdate=None, business_intro=None, business_location=None, business_opening_hours=None, can_set_sticker_set=None, custom_emoji_sticker_set_name=None, description=None, emoji_status_custom_emoji_id=None, emoji_status_expiration_date=None, has_aggressive_anti_spam_enabled=None, has_hidden_members=None, has_private_forwards=None, has_protected_content=None, has_restricted_voice_and_video_messages=None, has_visible_history=None, invite_link=None, join_by_request=None, join_to_send_messages=None, linked_chat_id=None, location=None, message_auto_delete_time=None, permissions=None, personal_chat=None, photo=None, pinned_message=None, profile_accent_color_id=None, profile_background_custom_emoji_id=None, slow_mode_delay=None, sticker_set_name=None, unrestrict_boost_count=None) message_thread_id=234538 direct_messages_topic=None from_user=User(id=8263830135, is_bot=False, first_name='Shalola', last_name=None, username=None, language_code='uz', is_premium=True, added_to_attachment_menu=None, can_join_groups=None, can_read_all_group_messages=None, supports_inline_queries=None, can_connect_to_business=None, has_main_web_app=None) sender_chat=None sender_boost_count=None sender_business_bot=None business_connection_id=None forward_origin=None is_topic_message=None is_automatic_forward=None reply_to_message=Message(message_id=234542, date=datetime.datetime(2026, 8, 19, 12, 7, 30, tzinfo=TzInfo(UTC)), chat=Chat(id=-1003992490466, type='supergroup', title='GHOST • mafia', username=None, first_name=None, last_name=None, is_forum=None, is_direct_messages=None, accent_color_id=None, active_usernames=None, available_reactions=None, background_custom_emoji_id=None, bio=None, birthdate=None, business_intro=None, business_location=None, business_opening_hours=None, can_set_sticker_set=None, custom_emoji_sticker_set_name=None, description=None, emoji_status_custom_emoji_id=None, emoji_status_expiration_date=None, has_aggressive_anti_spam_enabled=None, has_hidden_members=None, has_private_forwards=None, has_protected_content=None, has_restricted_voice_and_video_messages=None, has_visible_history=None, invite_link=None, join_by_request=None, join_to_send_messages=None, linked_chat_id=None, location=None, message_auto_delete_time=None, permissions=None, personal_chat=None, photo=None, pinned_message=None, profile_accent_color_id=None, profile_background_custom_emoji_id=None, slow_mode_delay=None, sticker_set_name=None, unrestrict_boost_count=None), message_thread_id=234538, direct_messages_topic=None, from_user=User(id=1032523871, is_bot=False, first_name='Wakh_696\U0001faef', last_name=None, username='Wakh_696', language_code='ru', is_premium=True, added_to_attachment_menu=None, can_join_groups=None, can_read_all_group_messages=None, supports_inline_queries=None, can_connect_to_business=None, has_main_web_app=None), sender_chat=None, sender_boost_count=None, sender_business_bot=None, business_connection_id=None, forward_origin=None, is_topic_message=None, is_automatic_forward=None, reply_to_message=None, external_reply=None, quote=None, reply_to_story=None, reply_to_checklist_task_id=None, via_bot=None, edit_date=None, has_protected_content=True, is_from_offline=None, is_paid_post=None, media_group_id=None, author_signature=None, paid_star_count=None, text='Olsina olsinaaa', entities=None, link_preview_options=None, suggested_post_info=None, effect_id=None, animation=None, audio=None, document=None, paid_media=None, photo=None, sticker=None, story=None, video=None, video_note=None, voice=None, caption=None, caption_entities=None, show_caption_above_media=None, has_media_spoiler=None, checklist=None, contact=None, dice=None, game=None, poll=None, venue=None, location=None, new_chat_members=None, left_chat_member=None, new_chat_title=None, new_chat_photo=None, delete_chat_photo=None, group_chat_created=None, supergroup_chat_created=None, channel_chat_created=None, message_auto_delete_timer_changed=None, migrate_to_chat_id=None, migrate_from_chat_id=None, pinned_message=None, invoice=None, successful_payment=None, refunded_payment=None, users_shared=None, chat_shared=None, gift=None, unique_gift=None, connected_website=None, write_access_allowed=None, passport_data=None, proximity_alert_triggered=None, boost_added=None, chat_background_set=None, checklist_tasks_done=None, checklist_tasks_added=None, direct_message_price_changed=None, forum_topic_created=None, forum_topic_edited=None, forum_topic_closed=None, forum_topic_reopened=None, general_forum_topic_hidden=None, general_forum_topic_unhidden=None, giveaway_created=None, giveaway=None, giveaway_winners=None, giveaway_completed=None, paid_message_price_changed=None, suggested_post_approved=None, suggested_post_approval_failed=None, suggested_post_declined=None, suggested_post_paid=None, suggested_post_refunded=None, video_chat_scheduled=None, video_chat_started=None, video_chat_ended=None, video_chat_participants_invited=None, web_app_data=None, reply_markup=None, forward_date=None, forward_from=None, forward_from_chat=None, forward_from_message_id=None, forward_sender_name=None, forward_signature=None, user_shared=None, sender_tag='GHOST • SINOVDA') external_reply=None quote=None reply_to_story=None reply_to_checklist_task_id=None via_bot=None edit_date=None has_protected_content=True is_from_offline=None is_paid_post=None media_group_id=None author_signature=None paid_star_count=None text=None entities=None link_preview_options=None suggested_post_info=None effect_id=None animation=None audio=None document=None paid_media=None photo=None sticker=Sticker(file_id='CAACAgIAAyEFAATt-JHiAAEDlDBqhZyXkpJ1Ipm7rYmh3XsdSbyewQACIFUAAjm_cUvBa3nW6u29xj0E', file_unique_id='AgADIFUAAjm_cUs', type='regular', width=512, height=512, is_animated=True, is_video=False, thumbnail=PhotoSize(file_id='AAMCAgADIQUABO34keIAAQOUMGqFnJeSknUimbutiaHdex1JvJ7BAAIgVQACOb9xS8Fredbq7b3GAQAHbQADPQQ', file_unique_id='AQADIFUAAjm_cUty', width=128, height=128, file_size=3180), emoji='\U0001f92a', set_name='stiker01783755022_by_StikerYaratishbot', premium_animation=None, mask_position=None, custom_emoji_id=None, needs_repainting=None, file_size=30188, thumb={'file_id': 'AAMCAgADIQUABO34keIAAQOUMGqFnJeSknUimbutiaHdex1JvJ7BAAIgVQACOb9xS8Fredbq7b3GAQAHbQADPQQ', 'file_unique_id': 'AQADIFUAAjm_cUty', 'file_size': 3180, 'width': 128, 'height': 128}) story=None video=None video_note=None voice=None caption=None caption_entities=None show_caption_above_media=None has_media_spoiler=None checklist=None contact=None dice=None game=None poll=None venue=None location=None new_chat_members=None left_chat_member=None new_chat_title=None new_chat_photo=None delete_chat_photo=None group_chat_created=None supergroup_chat_created=None channel_chat_created=None message_auto_delete_timer_changed=None migrate_to_chat_id=None migrate_from_chat_id=None pinned_message=None invoice=None successful_payment=None refunded_payment=None users_shared=None chat_shared=None gift=None unique_gift=None connected_website=None write_access_allowed=None passport_data=None proximity_alert_triggered=None boost_added=None chat_background_set=None checklist_tasks_done=None checklist_tasks_added=None direct_message_price_changed=None forum_topic_created=None forum_topic_edited=None forum_topic_closed=None forum_topic_reopened=None general_forum_topic_hidden=None general_forum_topic_unhidden=None giveaway_created=None giveaway=None giveaway_winners=None giveaway_completed=None paid_message_price_changed=None suggested_post_approved=None suggested_post_approval_failed=None suggested_post_declined=None suggested_post_paid=None suggested_post_refunded=None video_chat_scheduled=None video_chat_started=None video_chat_ended=None video_chat_participants_invited=None web_app_data=None reply_markup=None forward_date=None forward_from=None forward_from_chat=None forward_from_message_id=None forward_sender_name=None forward_signature=None user_shared=None sender_tag='GHOST • SHALOLA'
2026-08-19 17:07:51,234 | INFO | aiogram.event | Update id=466217237 is handled. Duration 31 ms by bot id=8894100649
2026-08-19 17:07:52,707 | INFO | apscheduler.executors.default | Running job "GameEngine.registration_watchdog (trigger: interval[0:00:05], next run at: 2026-08-19 12:07:57 UTC)" (scheduled at 2026-08-19 12:07:52.702445+00:00)
2026-08-19 17:07:52,713 | INFO | apscheduler.executors.default | Job "GameEngine.registration_watchdog (trigger: interval[0:00:05], next run at: 2026-08-19 12:07:57 UTC)" executed successfully
2026-08-19 17:07:57,714 | INFO | apscheduler.executors.default | Running job "GameEngine.registration_watchdog (trigger: interval[0:00:05], next run at: 2026-08-19 12:08:02 UTC)" (scheduled at 2026-08-19 12:07:57.702445+00:00)
2026-08-19 17:07:57,721 | INFO | apscheduler.executors.default | Job "GameEngine.registration_watchdog (trigger: interval[0:00:05], next run at: 2026-08-19 12:08:02 UTC)" executed successfully
2026-08-19 17:07:59,925 | INFO | root | DEBUG_INCOMING Message from=8692634539 payload=/start@ProMafiyaBot
2026-08-19 17:08:00,088 | INFO | aiogram.event | Update id=466217238 is handled. Duration 157 ms by bot id=8894100649
2026-08-19 17:08:02,724 | INFO | apscheduler.executors.default | Running job "GameEngine.registration_watchdog (trigger: interval[0:00:05], next run at: 2026-08-19 12:08:07 UTC)" (scheduled at 2026-08-19 12:08:02.702445+00:00)
2026-08-19 17:08:02,724 | INFO | apscheduler.executors.default | Job "GameEngine.registration_watchdog (trigger: interval[0:00:05], next run at: 2026-08-19 12:08:07 UTC)" executed successfully
2026-08-19 17:08:05,430 | INFO | root | DEBUG_INCOMING Message from=8263830135 payload=Ja unaqa jm utrmadmu
2026-08-19 17:08:05,461 | INFO | aiogram.event | Update id=466217239 is handled. Duration 32 ms by bot id=8894100649
2026-08-19 17:08:07,718 | INFO | apscheduler.executors.default | Running job "GameEngine.registration_watchdog (trigger: interval[0:00:05], next run at: 2026-08-19 12:08:12 UTC)" (scheduled at 2026-08-19 12:08:07.702445+00:00)
2026-08-19 17:08:07,718 | INFO | apscheduler.executors.default | Job "GameEngine.registration_watchdog (trigger: interval[0:00:05], next run at: 2026-08-19 12:08:12 UTC)" executed successfully
2026-08-19 17:08:12,707 | INFO | apscheduler.executors.default | Running job "GameEngine.registration_watchdog (trigger: interval[0:00:05], next run at: 2026-08-19 12:08:17 UTC)" (scheduled at 2026-08-19 12:08:12.702445+00:00)
2026-08-19 17:08:12,730 | INFO | root | DEBUG_INCOMING Message from=8692634539 payload=Жоин асалчаларм
2026-08-19 17:08:12,732 | INFO | apscheduler.executors.default | Job "GameEngine.registration_watchdog (trigger: interval[0:00:05], next run at: 2026-08-19 12:08:17 UTC)" executed successfully
2026-08-19 17:08:12,746 | INFO | aiogram.event | Update id=466217240 is handled. Duration 47 ms by bot id=8894100649
2026-08-19 17:08:17,710 | INFO | apscheduler.executors.default | Running job "GameEngine.registration_watchdog (trigger: interval[0:00:05], next run at: 2026-08-19 12:08:22 UTC)" (scheduled at 2026-08-19 12:08:17.702445+00:00)
2026-08-19 17:08:17,717 | INFO | apscheduler.executors.default | Running job "GameEngine.send_pending_diamond_logs (trigger: interval[0:00:30], next run at: 2026-08-19 12:08:47 UTC)" (scheduled at 2026-08-19 12:08:17.708289+00:00)
2026-08-19 17:08:17,717 | INFO | apscheduler.executors.default | Running job "GameEngine.premium_reset_watchdog (trigger: interval[0:01:00], next run at: 2026-08-19 12:09:17 UTC)" (scheduled at 2026-08-19 12:08:17.708289+00:00)
2026-08-19 17:08:17,725 | INFO | apscheduler.executors.default | Job "GameEngine.registration_watchdog (trigger: interval[0:00:05], next run at: 2026-08-19 12:08:22 UTC)" executed successfully
2026-08-19 17:08:17,725 | INFO | apscheduler.executors.default | Job "GameEngine.premium_reset_watchdog (trigger: interval[0:01:00], next run at: 2026-08-19 12:09:17 UTC)" executed successfully
2026-08-19 17:08:17,734 | INFO | apscheduler.executors.default | Job "GameEngine.send_pending_diamond_logs (trigger: interval[0:00:30], next run at: 2026-08-19 12:08:47 UTC)" executed successfully
2026-08-19 17:08:22,703 | INFO | apscheduler.executors.default | Running job "GameEngine.registration_watchdog (trigger: interval[0:00:05], next run at: 2026-08-19 12:08:27 UTC)" (scheduled at 2026-08-19 12:08:22.702445+00:00)
2026-08-19 17:08:22,710 | INFO | apscheduler.executors.default | Job "GameEngine.registration_watchdog (trigger: interval[0:00:05], next run at: 2026-08-19 12:08:27 UTC)" executed successfully
2026-08-19 17:08:27,717 | INFO | apscheduler.executors.default | Running job "GameEngine.registration_watchdog (trigger: interval[0:00:05], next run at: 2026-08-19 12:08:32 UTC)" (scheduled at 2026-08-19 12:08:27.702445+00:00)
2026-08-19 17:08:27,723 | INFO | apscheduler.executors.default | Job "GameEngine.registration_watchdog (trigger: interval[0:00:05], next run at: 2026-08-19 12:08:32 UTC)" executed successfully
2026-08-19 17:08:28,850 | INFO | root | DEBUG_INCOMING Message from=8888830251 payload=Man oynaganimda aralashmadz
2026-08-19 17:08:28,886 | INFO | aiogram.event | Update id=466217241 is handled. Duration 47 ms by bot id=8894100649
2026-08-19 17:08:32,267 | INFO | root | DEBUG_INCOMING Message from=8263830135 payload=Yeng admnmisz
2026-08-19 17:08:32,295 | INFO | aiogram.event | Update id=466217242 is handled. Duration 30 ms by bot id=8894100649
2026-08-19 17:08:32,709 | INFO | apscheduler.executors.default | Running job "GameEngine.registration_watchdog (trigger: interval[0:00:05], next run at: 2026-08-19 12:08:37 UTC)" (scheduled at 2026-08-19 12:08:32.702445+00:00)
2026-08-19 17:08:32,715 | INFO | apscheduler.executors.default | Job "GameEngine.registration_watchdog (trigger: interval[0:00:05], next run at: 2026-08-19 12:08:37 UTC)" executed successfully
2026-08-19 17:08:37,709 | INFO | apscheduler.executors.default | Running job "GameEngine.registration_watchdog (trigger: interval[0:00:05], next run at: 2026-08-19 12:08:42 UTC)" (scheduled at 2026-08-19 12:08:37.702445+00:00)
2026-08-19 17:08:37,709 | INFO | apscheduler.executors.default | Job "GameEngine.registration_watchdog (trigger: interval[0:00:05], next run at: 2026-08-19 12:08:42 UTC)" executed successfully
2026-08-19 17:08:42,712 | INFO | apscheduler.executors.default | Running job "GameEngine.registration_watchdog (trigger: interval[0:00:05], next run at: 2026-08-19 12:08:47 UTC)" (scheduled at 2026-08-19 12:08:42.702445+00:00)
2026-08-19 17:08:42,719 | INFO | apscheduler.executors.default | Job "GameEngine.registration_watchdog (trigger: interval[0:00:05], next run at: 2026-08-19 12:08:47 UTC)" executed successfully
2026-08-19 17:08:44,345 | INFO | root | DEBUG_INCOMING Message from=8692634539 payload=Рухшонама просто бошка акк
2026-08-19 17:08:44,376 | INFO | aiogram.event | Update id=466217243 is handled. Duration 32 ms by bot id=8894100649
2026-08-19 17:08:47,716 | INFO | apscheduler.executors.default | Running job "GameEngine.registration_watchdog (trigger: interval[0:00:05], next run at: 2026-08-19 12:08:52 UTC)" (scheduled at 2026-08-19 12:08:47.702445+00:00)
2026-08-19 17:08:47,723 | INFO | apscheduler.executors.default | Running job "GameEngine.send_pending_diamond_logs (trigger: interval[0:00:30], next run at: 2026-08-19 12:09:17 UTC)" (scheduled at 2026-08-19 12:08:47.708289+00:00)
2026-08-19 17:08:47,723 | INFO | apscheduler.executors.default | Job "GameEngine.registration_watchdog (trigger: interval[0:00:05], next run at: 2026-08-19 12:08:52 UTC)" executed successfully
2026-08-19 17:08:47,732 | INFO | apscheduler.executors.default | Job "GameEngine.send_pending_diamond_logs (trigger: interval[0:00:30], next run at: 2026-08-19 12:09:17 UTC)" executed successfully
2026-08-19 17:08:52,340 | INFO | root | DEBUG_INCOMING Message from=8263830135 payload=Da iname like bosdm \U0001f602
2026-08-19 17:08:52,351 | INFO | aiogram.event | Update id=466217244 is handled. Duration 15 ms by bot id=8894100649
2026-08-19 17:08:52,718 | INFO | apscheduler.executors.default | Running job "GameEngine.registration_watchdog (trigger: interval[0:00:05], next run at: 2026-08-19 12:08:57 UTC)" (scheduled at 2026-08-19 12:08:52.702445+00:00)
2026-08-19 17:08:52,725 | INFO | apscheduler.executors.default | Job "GameEngine.registration_watchdog (trigger: interval[0:00:05], next run at: 2026-08-19 12:08:57 UTC)" executed successfully
2026-08-19 17:08:57,714 | INFO | apscheduler.executors.default | Running job "GameEngine.registration_watchdog (trigger: interval[0:00:05], next run at: 2026-08-19 12:09:02 UTC)" (scheduled at 2026-08-19 12:08:57.702445+00:00)
2026-08-19 17:08:57,721 | INFO | apscheduler.executors.default | Job "GameEngine.registration_watchdog (trigger: interval[0:00:05], next run at: 2026-08-19 12:09:02 UTC)" executed successfully
2026-08-19 17:09:01,856 | INFO | root | DEBUG_INCOMING Message from=8692634539 payload=Танидзми
2026-08-19 17:09:01,886 | INFO | aiogram.event | Update id=466217245 is handled. Duration 30 ms by bot id=8894100649
2026-08-19 17:09:02,703 | INFO | apscheduler.executors.default | Running job "GameEngine.registration_watchdog (trigger: interval[0:00:05], next run at: 2026-08-19 12:09:07 UTC)" (scheduled at 2026-08-19 12:09:02.702445+00:00)
2026-08-19 17:09:02,709 | INFO | apscheduler.executors.default | Job "GameEngine.registration_watchdog (trigger: interval[0:00:05], next run at: 2026-08-19 12:09:07 UTC)" executed successfully
2026-08-19 17:09:05,449 | INFO | root | DEBUG_INCOMING Message from=8888830251 payload=\U0001f44d\U0001f44d\U0001f44d
2026-08-19 17:09:05,465 | INFO | aiogram.event | Update id=466217246 is handled. Duration 30 ms by bot id=8894100649
2026-08-19 17:09:07,401 | INFO | root | DEBUG_INCOMING Message from=8263830135 payload=Axaxaxxaxa tanmabma\U0001f602
2026-08-19 17:09:07,431 | INFO | aiogram.event | Update id=466217247 is handled. Duration 15 ms by bot id=8894100649
2026-08-19 17:09:07,715 | INFO | apscheduler.executors.default | Running job "GameEngine.registration_watchdog (trigger: interval[0:00:05], next run at: 2026-08-19 12:09:12 UTC)" (scheduled at 2026-08-19 12:09:07.702445+00:00)
2026-08-19 17:09:07,721 | INFO | apscheduler.executors.default | Job "GameEngine.registration_watchdog (trigger: interval[0:00:05], next run at: 2026-08-19 12:09:12 UTC)" executed successfully
2026-08-19 17:09:10,347 | INFO | root | DEBUG_INCOMING Message from=8263830135 payload=Da
2026-08-19 17:09:10,357 | INFO | aiogram.event | Update id=466217248 is handled. Duration 16 ms by bot id=8894100649
2026-08-19 17:09:12,716 | INFO | apscheduler.executors.default | Running job "GameEngine.registration_watchdog (trigger: interval[0:00:05], next run at: 2026-08-19 12:09:17 UTC)" (scheduled at 2026-08-19 12:09:12.702445+00:00)
2026-08-19 17:09:12,722 | INFO | apscheduler.executors.default | Job "GameEngine.registration_watchdog (trigger: interval[0:00:05], next run at: 2026-08-19 12:09:17 UTC)" executed successfully
2026-08-19 17:09:16,814 | INFO | root | DEBUG_INCOMING Message from=8692634539 payload=Хаа молодецц
2026-08-19 17:09:16,833 | INFO | aiogram.event | Update id=466217249 is handled. Duration 32 ms by bot id=8894100649
2026-08-19 17:09:17,724 | INFO | apscheduler.executors.default | Running job "GameEngine.registration_watchdog (trigger: interval[0:00:05], next run at: 2026-08-19 12:09:22 UTC)" (scheduled at 2026-08-19 12:09:17.702445+00:00)
2026-08-19 17:09:17,731 | INFO | apscheduler.executors.default | Running job "GameEngine.send_pending_diamond_logs (trigger: interval[0:00:30], next run at: 2026-08-19 12:09:47 UTC)" (scheduled at 2026-08-19 12:09:17.708289+00:00)
2026-08-19 17:09:17,731 | INFO | apscheduler.executors.default | Running job "GameEngine.premium_reset_watchdog (trigger: interval[0:01:00], next run at: 2026-08-19 12:10:17 UTC)" (scheduled at 2026-08-19 12:09:17.708289+00:00)
2026-08-19 17:09:17,740 | INFO | apscheduler.executors.default | Job "GameEngine.registration_watchdog (trigger: interval[0:00:05], next run at: 2026-08-19 12:09:22 UTC)" executed successfully
2026-08-19 17:09:17,740 | INFO | apscheduler.executors.default | Job "GameEngine.premium_reset_watchdog (trigger: interval[0:01:00], next run at: 2026-08-19 12:10:17 UTC)" executed successfully
2026-08-19 17:09:17,740 | INFO | apscheduler.executors.default | Job "GameEngine.send_pending_diamond_logs (trigger: interval[0:00:30], next run at: 2026-08-19 12:09:47 UTC)" executed successfully
2026-08-19 17:09:22,704 | INFO | apscheduler.executors.default | Running job "GameEngine.registration_watchdog (trigger: interval[0:00:05], next run at: 2026-08-19 12:09:27 UTC)" (scheduled at 2026-08-19 12:09:22.702445+00:00)
2026-08-19 17:09:22,712 | INFO | apscheduler.executors.default | Job "GameEngine.registration_watchdog (trigger: interval[0:00:05], next run at: 2026-08-19 12:09:27 UTC)" executed successfully
2026-08-19 17:09:24,312 | INFO | root | DEBUG_INCOMING Message from=8967473914 payload=Qowlilar
2026-08-19 17:09:24,326 | INFO | aiogram.event | Update id=466217250 is handled. Duration 32 ms by bot id=8894100649
2026-08-19 17:09:27,713 | INFO | apscheduler.executors.default | Running job "GameEngine.registration_watchdog (trigger: interval[0:00:05], next run at: 2026-08-19 12:09:32 UTC)" (scheduled at 2026-08-19 12:09:27.702445+00:00)
2026-08-19 17:09:27,719 | INFO | apscheduler.executors.default | Job "GameEngine.registration_watchdog (trigger: interval[0:00:05], next run at: 2026-08-19 12:09:32 UTC)" executed successfully
2026-08-19 17:09:27,776 | INFO | root | DEBUG_INCOMING Message from=8263830135 payload=Da
2026-08-19 17:09:27,792 | INFO | aiogram.event | Update id=466217251 is handled. Duration 30 ms by bot id=8894100649
2026-08-19 17:09:32,712 | INFO | apscheduler.executors.default | Running job "GameEngine.registration_watchdog (trigger: interval[0:00:05], next run at: 2026-08-19 12:09:37 UTC)" (scheduled at 2026-08-19 12:09:32.702445+00:00)
2026-08-19 17:09:32,719 | INFO | apscheduler.executors.default | Job "GameEngine.registration_watchdog (trigger: interval[0:00:05], next run at: 2026-08-19 12:09:37 UTC)" executed successfully
2026-08-19 17:09:33,700 | INFO | root | DEBUG_INCOMING Message from=8692634539 payload=/extend@ProMafiyaBot
2026-08-19 17:09:34,155 | INFO | aiogram.event | Update id=466217252 is handled. Duration 452 ms by bot id=8894100649
2026-08-19 17:09:37,714 | INFO | apscheduler.executors.default | Running job "GameEngine.registration_watchdog (trigger: interval[0:00:05], next run at: 2026-08-19 12:09:42 UTC)" (scheduled at 2026-08-19 12:09:37.702445+00:00)
2026-08-19 17:09:37,721 | INFO | apscheduler.executors.default | Job "GameEngine.registration_watchdog (trigger: interval[0:00:05], next run at: 2026-08-19 12:09:42 UTC)" executed successfully
2026-08-19 17:09:40,266 | INFO | root | DEBUG_INCOMING Message from=8692634539 payload=/start@ProMafiyaBot
2026-08-19 17:09:40,556 | INFO | aiogram.event | Update id=466217253 is handled. Duration 295 ms by bot id=8894100649
2026-08-19 17:09:42,725 | INFO | apscheduler.executors.default | Running job "GameEngine.registration_watchdog (trigger: interval[0:00:05], next run at: 2026-08-19 12:09:47 UTC)" (scheduled at 2026-08-19 12:09:42.702445+00:00)
2026-08-19 17:09:42,732 | INFO | apscheduler.executors.default | Job "GameEngine.registration_watchdog (trigger: interval[0:00:05], next run at: 2026-08-19 12:09:47 UTC)" executed successfully
2026-08-19 17:09:47,711 | INFO | apscheduler.executors.default | Running job "GameEngine.registration_watchdog (trigger: interval[0:00:05], next run at: 2026-08-19 12:09:52 UTC)" (scheduled at 2026-08-19 12:09:47.702445+00:00)
2026-08-19 17:09:47,720 | INFO | apscheduler.executors.default | Running job "GameEngine.send_pending_diamond_logs (trigger: interval[0:00:30], next run at: 2026-08-19 12:10:17 UTC)" (scheduled at 2026-08-19 12:09:47.708289+00:00)
2026-08-19 17:09:47,727 | INFO | apscheduler.executors.default | Job "GameEngine.registration_watchdog (trigger: interval[0:00:05], next run at: 2026-08-19 12:09:52 UTC)" executed successfully
2026-08-19 17:09:47,727 | INFO | apscheduler.executors.default | Job "GameEngine.send_pending_diamond_logs (trigger: interval[0:00:30], next run at: 2026-08-19 12:10:17 UTC)" executed successfully
2026-08-19 17:09:52,710 | INFO | apscheduler.executors.default | Running job "GameEngine.registration_watchdog (trigger: interval[0:00:05], next run at: 2026-08-19 12:09:57 UTC)" (scheduled at 2026-08-19 12:09:52.702445+00:00)
2026-08-19 17:09:52,716 | INFO | apscheduler.executors.default | Job "GameEngine.registration_watchdog (trigger: interval[0:00:05], next run at: 2026-08-19 12:09:57 UTC)" executed successfully
2026-08-19 17:09:57,711 | INFO | apscheduler.executors.default | Running job "GameEngine.registration_watchdog (trigger: interval[0:00:05], next run at: 2026-08-19 12:10:02 UTC)" (scheduled at 2026-08-19 12:09:57.702445+00:00)
2026-08-19 17:09:57,717 | INFO | apscheduler.executors.default | Job "GameEngine.registration_watchdog (trigger: interval[0:00:05], next run at: 2026-08-19 12:10:02 UTC)" executed successfully
2026-08-19 17:10:02,707 | INFO | apscheduler.executors.default | Running job "GameEngine.registration_watchdog (trigger: interval[0:00:05], next run at: 2026-08-19 12:10:07 UTC)" (scheduled at 2026-08-19 12:10:02.702445+00:00)
2026-08-19 17:10:02,714 | INFO | apscheduler.executors.default | Job "GameEngine.registration_watchdog (trigger: interval[0:00:05], next run at: 2026-08-19 12:10:07 UTC)" executed successfully
2026-08-19 17:10:07,721 | INFO | apscheduler.executors.default | Running job "GameEngine.registration_watchdog (trigger: interval[0:00:05], next run at: 2026-08-19 12:10:12 UTC)" (scheduled at 2026-08-19 12:10:07.702445+00:00)
2026-08-19 17:10:07,727 | INFO | apscheduler.executors.default | Job "GameEngine.registration_watchdog (trigger: interval[0:00:05], next run at: 2026-08-19 12:10:12 UTC)" executed successfully
2026-08-19 17:10:08,224 | INFO | root | DEBUG_INCOMING Message from=8692634539 payload=Бошлаворбман соррй
2026-08-19 17:10:08,258 | INFO | aiogram.event | Update id=466217254 is handled. Duration 32 ms by bot id=8894100649
2026-08-19 17:10:12,718 | INFO | apscheduler.executors.default | Running job "GameEngine.registration_watchdog (trigger: interval[0:00:05], next run at: 2026-08-19 12:10:17 UTC)" (scheduled at 2026-08-19 12:10:12.702445+00:00)
2026-08-19 17:10:12,724 | INFO | apscheduler.executors.default | Job "GameEngine.registration_watchdog (trigger: interval[0:00:05], next run at: 2026-08-19 12:10:17 UTC)" executed successfully
2026-08-19 17:10:14,410 | INFO | root | DEBUG_INCOMING Message from=8967473914 payload=Erta st berdila
2026-08-19 17:10:14,441 | INFO | aiogram.event | Update id=466217255 is handled. Duration 31 ms by bot id=8894100649
2026-08-19 17:10:17,721 | INFO | apscheduler.executors.default | Running job "GameEngine.registration_watchdog (trigger: interval[0:00:05], next run at: 2026-08-19 12:10:22 UTC)" (scheduled at 2026-08-19 12:10:17.702445+00:00)
2026-08-19 17:10:17,727 | INFO | apscheduler.executors.default | Running job "GameEngine.send_pending_diamond_logs (trigger: interval[0:00:30], next run at: 2026-08-19 12:10:47 UTC)" (scheduled at 2026-08-19 12:10:17.708289+00:00)
2026-08-19 17:10:17,727 | INFO | apscheduler.executors.default | Running job "GameEngine.premium_reset_watchdog (trigger: interval[0:01:00], next run at: 2026-08-19 12:11:17 UTC)" (scheduled at 2026-08-19 12:10:17.708289+00:00)
2026-08-19 17:10:17,737 | INFO | apscheduler.executors.default | Job "GameEngine.registration_watchdog (trigger: interval[0:00:05], next run at: 2026-08-19 12:10:22 UTC)" executed successfully
2026-08-19 17:10:17,737 | INFO | apscheduler.executors.default | Job "GameEngine.premium_reset_watchdog (trigger: interval[0:01:00], next run at: 2026-08-19 12:11:17 UTC)" executed successfully
2026-08-19 17:10:17,748 | INFO | apscheduler.executors.default | Job "GameEngine.send_pending_diamond_logs (trigger: interval[0:00:30], next run at: 2026-08-19 12:10:47 UTC)" executed successfully
2026-08-19 17:10:22,707 | INFO | apscheduler.executors.default | Running job "GameEngine.registration_watchdog (trigger: interval[0:00:05], next run at: 2026-08-19 12:10:27 UTC)" (scheduled at 2026-08-19 12:10:22.702445+00:00)
2026-08-19 17:10:22,714 | INFO | apscheduler.executors.default | Job "GameEngine.registration_watchdog (trigger: interval[0:00:05], next run at: 2026-08-19 12:10:27 UTC)" executed successfully
2026-08-19 17:10:27,715 | INFO | apscheduler.executors.default | Running job "GameEngine.registration_watchdog (trigger: interval[0:00:05], next run at: 2026-08-19 12:10:32 UTC)" (scheduled at 2026-08-19 12:10:27.702445+00:00)
2026-08-19 17:10:27,722 | INFO | apscheduler.executors.default | Job "GameEngine.registration_watchdog (trigger: interval[0:00:05], next run at: 2026-08-19 12:10:32 UTC)" executed successfully
2026-08-19 17:10:29,620 | INFO | root | DEBUG_INCOMING Message from=8692634539 payload=Шууу бослб кетти
2026-08-19 17:10:29,636 | INFO | aiogram.event | Update id=466217256 is handled. Duration 30 ms by bot id=8894100649
2026-08-19 17:10:32,704 | INFO | apscheduler.executors.default | Running job "GameEngine.registration_watchdog (trigger: interval[0:00:05], next run at: 2026-08-19 12:10:37 UTC)" (scheduled at 2026-08-19 12:10:32.702445+00:00)
2026-08-19 17:10:32,711 | INFO | apscheduler.executors.default | Job "GameEngine.registration_watchdog (trigger: interval[0:00:05], next run at: 2026-08-19 12:10:37 UTC)" executed successfully
2026-08-19 17:10:37,725 | INFO | apscheduler.executors.default | Running job "GameEngine.registration_watchdog (trigger: interval[0:00:05], next run at: 2026-08-19 12:10:42 UTC)" (scheduled at 2026-08-19 12:10:37.702445+00:00)
2026-08-19 17:10:37,729 | INFO | apscheduler.executors.default | Job "GameEngine.registration_watchdog (trigger: interval[0:00:05], next run at: 2026-08-19 12:10:42 UTC)" executed successfully
2026-08-19 17:10:38,630 | INFO | root | DEBUG_INCOMING Message from=8263830135 payload=Ha ula don
2026-08-19 17:10:38,652 | INFO | aiogram.event | Update id=466217257 is handled. Duration 30 ms by bot id=8894100649
2026-08-19 17:10:38,956 | INFO | root | DEBUG_INCOMING Message from=8967473914 payload=Xa
2026-08-19 17:10:38,972 | INFO | aiogram.event | Update id=466217258 is handled. Duration 15 ms by bot id=8894100649
2026-08-19 17:10:42,709 | INFO | apscheduler.executors.default | Running job "GameEngine.registration_watchdog (trigger: interval[0:00:05], next run at: 2026-08-19 12:10:47 UTC)" (scheduled at 2026-08-19 12:10:42.702445+00:00)
2026-08-19 17:10:42,715 | INFO | apscheduler.executors.default | Job "GameEngine.registration_watchdog (trigger: interval[0:00:05], next run at: 2026-08-19 12:10:47 UTC)" executed successfully
2026-08-19 17:10:42,980 | INFO | root | DEBUG_INCOMING Message from=8888830251 payload=Kimmi roli tinch
2026-08-19 17:10:43,012 | INFO | aiogram.event | Update id=466217259 is handled. Duration 30 ms by bot id=8894100649
2026-08-19 17:10:46,719 | INFO | root | DEBUG_INCOMING Message from=8263830135 payload=Ulme qoldma
2026-08-19 17:10:46,735 | INFO | aiogram.event | Update id=466217260 is handled. Duration 31 ms by bot id=8894100649
2026-08-19 17:10:47,025 | INFO | root | DEBUG_INCOMING Message from=8692634539 payload=Мни
2026-08-19 17:10:47,057 | INFO | aiogram.event | Update id=466217261 is handled. Duration 30 ms by bot id=8894100649
2026-08-19 17:10:47,713 | INFO | apscheduler.executors.default | Running job "GameEngine.registration_watchdog (trigger: interval[0:00:05], next run at: 2026-08-19 12:10:52 UTC)" (scheduled at 2026-08-19 12:10:47.702445+00:00)
2026-08-19 17:10:47,715 | INFO | apscheduler.executors.default | Running job "GameEngine.send_pending_diamond_logs (trigger: interval[0:00:30], next run at: 2026-08-19 12:11:17 UTC)" (scheduled at 2026-08-19 12:10:47.708289+00:00)
2026-08-19 17:10:47,725 | INFO | apscheduler.executors.default | Job "GameEngine.send_pending_diamond_logs (trigger: interval[0:00:30], next run at: 2026-08-19 12:11:17 UTC)" executed successfully
2026-08-19 17:10:47,729 | INFO | apscheduler.executors.default | Job "GameEngine.registration_watchdog (trigger: interval[0:00:05], next run at: 2026-08-19 12:10:52 UTC)" executed successfully
2026-08-19 17:10:52,709 | INFO | apscheduler.executors.default | Running job "GameEngine.registration_watchdog (trigger: interval[0:00:05], next run at: 2026-08-19 12:10:57 UTC)" (scheduled at 2026-08-19 12:10:52.702445+00:00)
2026-08-19 17:10:52,709 | INFO | apscheduler.executors.default | Job "GameEngine.registration_watchdog (trigger: interval[0:00:05], next run at: 2026-08-19 12:10:57 UTC)" executed successfully
2026-08-19 17:10:57,713 | INFO | apscheduler.executors.default | Running job "GameEngine.registration_watchdog (trigger: interval[0:00:05], next run at: 2026-08-19 12:11:02 UTC)" (scheduled at 2026-08-19 12:10:57.702445+00:00)
2026-08-19 17:10:57,725 | INFO | apscheduler.executors.default | Job "GameEngine.registration_watchdog (trigger: interval[0:00:05], next run at: 2026-08-19 12:11:02 UTC)" executed successfully
2026-08-19 17:11:02,710 | INFO | apscheduler.executors.default | Running job "GameEngine.registration_watchdog (trigger: interval[0:00:05], next run at: 2026-08-19 12:11:07 UTC)" (scheduled at 2026-08-19 12:11:02.702445+00:00)
2026-08-19 17:11:02,717 | INFO | apscheduler.executors.default | Job "GameEngine.registration_watchdog (trigger: interval[0:00:05], next run at: 2026-08-19 12:11:07 UTC)" executed successfully
2026-08-19 17:11:04,131 | INFO | root | DEBUG_INCOMING Message from=8692634539 payload=\U0001f3ad Sizning rolingiz: \U0001f468\U0001f3fc Tinch aholi

Vazifangiz mafiyani topish va ularni shahar yig'ilishida ovoz berib osish.
2026-08-19 17:11:04,153 | INFO | aiogram.event | Update id=466217262 is handled. Duration 46 ms by bot id=8894100649
2026-08-19 17:11:07,706 | INFO | apscheduler.executors.default | Running job "GameEngine.registration_watchdog (trigger: interval[0:00:05], next run at: 2026-08-19 12:11:12 UTC)" (scheduled at 2026-08-19 12:11:07.702445+00:00)
2026-08-19 17:11:07,713 | INFO | apscheduler.executors.default | Job "GameEngine.registration_watchdog (trigger: interval[0:00:05], next run at: 2026-08-19 12:11:12 UTC)" executed successfully
2026-08-19 17:11:12,711 | INFO | apscheduler.executors.default | Running job "GameEngine.registration_watchdog (trigger: interval[0:00:05], next run at: 2026-08-19 12:11:17 UTC)" (scheduled at 2026-08-19 12:11:12.702445+00:00)
2026-08-19 17:11:12,711 | INFO | apscheduler.executors.default | Job "GameEngine.registration_watchdog (trigger: interval[0:00:05], next run at: 2026-08-19 12:11:17 UTC)" executed successfully
2026-08-19 17:11:17,714 | INFO | apscheduler.executors.default | Running job "GameEngine.registration_watchdog (trigger: interval[0:00:05], next run at: 2026-08-19 12:11:22 UTC)" (scheduled at 2026-08-19 12:11:17.702445+00:00)
2026-08-19 17:11:17,722 | INFO | apscheduler.executors.default | Running job "GameEngine.send_pending_diamond_logs (trigger: interval[0:00:30], next run at: 2026-08-19 12:11:47 UTC)" (scheduled at 2026-08-19 12:11:17.708289+00:00)
2026-08-19 17:11:17,722 | INFO | apscheduler.executors.default | Running job "GameEngine.premium_reset_watchdog (trigger: interval[0:01:00], next run at: 2026-08-19 12:12:17 UTC)" (scheduled at 2026-08-19 12:11:17.708289+00:00)
2026-08-19 17:11:17,730 | INFO | apscheduler.executors.default | Job "GameEngine.registration_watchdog (trigger: interval[0:00:05], next run at: 2026-08-19 12:11:22 UTC)" executed successfully
2026-08-19 17:11:17,730 | INFO | apscheduler.executors.default | Job "GameEngine.premium_reset_watchdog (trigger: interval[0:01:00], next run at: 2026-08-19 12:12:17 UTC)" executed successfully
2026-08-19 17:11:17,730 | INFO | apscheduler.executors.default | Job "GameEngine.send_pending_diamond_logs (trigger: interval[0:00:30], next run at: 2026-08-19 12:11:47 UTC)" executed successfully
2026-08-19 17:11:19,178 | INFO | root | DEBUG_INCOMING Message from=8692634539 payload=Ком км
2026-08-19 17:11:19,203 | INFO | aiogram.event | Update id=466217263 is handled. Duration 32 ms by bot id=8894100649
2026-08-19 17:11:22,712 | INFO | apscheduler.executors.default | Running job "GameEngine.registration_watchdog (trigger: interval[0:00:05], next run at: 2026-08-19 12:11:27 UTC)" (scheduled at 2026-08-19 12:11:22.702445+00:00)
2026-08-19 17:11:22,721 | INFO | apscheduler.executors.default | Job "GameEngine.registration_watchdog (trigger: interval[0:00:05], next run at: 2026-08-19 12:11:27 UTC)" executed successfully
2026-08-19 17:11:27,708 | INFO | apscheduler.executors.default | Running job "GameEngine.registration_watchdog (trigger: interval[0:00:05], next run at: 2026-08-19 12:11:32 UTC)" (scheduled at 2026-08-19 12:11:27.702445+00:00)
2026-08-19 17:11:27,715 | INFO | apscheduler.executors.default | Job "GameEngine.registration_watchdog (trigger: interval[0:00:05], next run at: 2026-08-19 12:11:32 UTC)" executed successfully
2026-08-19 17:11:32,712 | INFO | apscheduler.executors.default | Running job "GameEngine.registration_watchdog (trigger: interval[0:00:05], next run at: 2026-08-19 12:11:37 UTC)" (scheduled at 2026-08-19 12:11:32.702445+00:00)
2026-08-19 17:11:32,712 | INFO | apscheduler.executors.default | Job "GameEngine.registration_watchdog (trigger: interval[0:00:05], next run at: 2026-08-19 12:11:37 UTC)" executed successfully
2026-08-19 17:11:37,716 | INFO | apscheduler.executors.default | Running job "GameEngine.registration_watchdog (trigger: interval[0:00:05], next run at: 2026-08-19 12:11:42 UTC)" (scheduled at 2026-08-19 12:11:37.702445+00:00)
2026-08-19 17:11:37,721 | INFO | apscheduler.executors.default | Job "GameEngine.registration_watchdog (trigger: interval[0:00:05], next run at: 2026-08-19 12:11:42 UTC)" executed successfully
2026-08-19 17:11:42,712 | INFO | apscheduler.executors.default | Running job "GameEngine.registration_watchdog (trigger: interval[0:00:05], next run at: 2026-08-19 12:11:47 UTC)" (scheduled at 2026-08-19 12:11:42.702445+00:00)
2026-08-19 17:11:42,718 | INFO | apscheduler.executors.default | Job "GameEngine.registration_watchdog (trigger: interval[0:00:05], next run at: 2026-08-19 12:11:47 UTC)" executed successfully
2026-08-19 17:11:46,625 | INFO | root | DEBUG_INCOMING Message from=8263830135 payload=Bla dokma aytb turpanku
2026-08-19 17:11:46,647 | INFO | aiogram.event | Update id=466217264 is handled. Duration 30 ms by bot id=8894100649
2026-08-19 17:11:47,719 | INFO | apscheduler.executors.default | Running job "GameEngine.registration_watchdog (trigger: interval[0:00:05], next run at: 2026-08-19 12:11:52 UTC)" (scheduled at 2026-08-19 12:11:47.702445+00:00)
2026-08-19 17:11:47,726 | INFO | apscheduler.executors.default | Running job "GameEngine.send_pending_diamond_logs (trigger: interval[0:00:30], next run at: 2026-08-19 12:12:17 UTC)" (scheduled at 2026-08-19 12:11:47.708289+00:00)
2026-08-19 17:11:47,735 | INFO | apscheduler.executors.default | Job "GameEngine.registration_watchdog (trigger: interval[0:00:05], next run at: 2026-08-19 12:11:52 UTC)" executed successfully
2026-08-19 17:11:47,735 | INFO | apscheduler.executors.default | Job "GameEngine.send_pending_diamond_logs (trigger: interval[0:00:30], next run at: 2026-08-19 12:12:17 UTC)" executed successfully
2026-08-19 17:11:52,708 | INFO | apscheduler.executors.default | Running job "GameEngine.registration_watchdog (trigger: interval[0:00:05], next run at: 2026-08-19 12:11:57 UTC)" (scheduled at 2026-08-19 12:11:52.702445+00:00)
2026-08-19 17:11:52,715 | INFO | apscheduler.executors.default | Job "GameEngine.registration_watchdog (trigger: interval[0:00:05], next run at: 2026-08-19 12:11:57 UTC)" executed successfully
2026-08-19 17:11:56,968 | INFO | root | DEBUG_INCOMING Message from=8263830135 payload=Gazn bosela
2026-08-19 17:11:56,989 | INFO | aiogram.event | Update id=466217265 is handled. Duration 31 ms by bot id=8894100649
2026-08-19 17:11:57,707 | INFO | apscheduler.executors.default | Running job "GameEngine.registration_watchdog (trigger: interval[0:00:05], next run at: 2026-08-19 12:12:02 UTC)" (scheduled at 2026-08-19 12:11:57.702445+00:00)
2026-08-19 17:11:57,714 | INFO | apscheduler.executors.default | Job "GameEngine.registration_watchdog (trigger: interval[0:00:05], next run at: 2026-08-19 12:12:02 UTC)" executed successfully
2026-08-19 17:12:01,378 | INFO | root | DEBUG_INCOMING Message from=8692634539 payload=Злола коммисз
2026-08-19 17:12:01,399 | INFO | aiogram.event | Update id=466217266 is handled. Duration 30 ms by bot id=8894100649
2026-08-19 17:12:02,706 | INFO | apscheduler.executors.default | Running job "GameEngine.registration_watchdog (trigger: interval[0:00:05], next run at: 2026-08-19 12:12:07 UTC)" (scheduled at 2026-08-19 12:12:02.702445+00:00)
2026-08-19 17:12:02,710 | INFO | apscheduler.executors.default | Job "GameEngine.registration_watchdog (trigger: interval[0:00:05], next run at: 2026-08-19 12:12:07 UTC)" executed successfully
2026-08-19 17:12:07,721 | INFO | apscheduler.executors.default | Running job "GameEngine.registration_watchdog (trigger: interval[0:00:05], next run at: 2026-08-19 12:12:12 UTC)" (scheduled at 2026-08-19 12:12:07.702445+00:00)
2026-08-19 17:12:07,727 | INFO | apscheduler.executors.default | Job "GameEngine.registration_watchdog (trigger: interval[0:00:05], next run at: 2026-08-19 12:12:12 UTC)" executed successfully
2026-08-19 17:12:07,923 | INFO | root | DEBUG_INCOMING Message from=8888830251 payload=Ha
2026-08-19 17:12:07,939 | INFO | aiogram.event | Update id=466217267 is handled. Duration 31 ms by bot id=8894100649
2026-08-19 17:12:12,716 | INFO | apscheduler.executors.default | Running job "GameEngine.registration_watchdog (trigger: interval[0:00:05], next run at: 2026-08-19 12:12:17 UTC)" (scheduled at 2026-08-19 12:12:12.702445+00:00)
2026-08-19 17:12:12,723 | INFO | apscheduler.executors.default | Job "GameEngine.registration_watchdog (trigger: interval[0:00:05], next run at: 2026-08-19 12:12:17 UTC)" executed successfully
2026-08-19 17:12:17,722 | INFO | apscheduler.executors.default | Running job "GameEngine.registration_watchdog (trigger: interval[0:00:05], next run at: 2026-08-19 12:12:22 UTC)" (scheduled at 2026-08-19 12:12:17.702445+00:00)
2026-08-19 17:12:17,729 | INFO | apscheduler.executors.default | Running job "GameEngine.send_pending_diamond_logs (trigger: interval[0:00:30], next run at: 2026-08-19 12:12:47 UTC)" (scheduled at 2026-08-19 12:12:17.708289+00:00)
2026-08-19 17:12:17,729 | INFO | apscheduler.executors.default | Running job "GameEngine.premium_reset_watchdog (trigger: interval[0:01:00], next run at: 2026-08-19 12:13:17 UTC)" (scheduled at 2026-08-19 12:12:17.708289+00:00)
2026-08-19 17:12:17,738 | INFO | apscheduler.executors.default | Job "GameEngine.registration_watchdog (trigger: interval[0:00:05], next run at: 2026-08-19 12:12:22 UTC)" executed successfully
2026-08-19 17:12:17,738 | INFO | apscheduler.executors.default | Job "GameEngine.premium_reset_watchdog (trigger: interval[0:01:00], next run at: 2026-08-19 12:13:17 UTC)" executed successfully
2026-08-19 17:12:17,738 | INFO | apscheduler.executors.default | Job "GameEngine.send_pending_diamond_logs (trigger: interval[0:00:30], next run at: 2026-08-19 12:12:47 UTC)" executed successfully
2026-08-19 17:12:20,008 | INFO | root | DEBUG_INCOMING Message from=8692634539 payload=Дис клинда ану болани осамз
2026-08-19 17:12:20,029 | INFO | aiogram.event | Update id=466217268 is handled. Duration 30 ms by bot id=8894100649
2026-08-19 17:12:22,706 | INFO | apscheduler.executors.default | Running job "GameEngine.registration_watchdog (trigger: interval[0:00:05], next run at: 2026-08-19 12:12:27 UTC)" (scheduled at 2026-08-19 12:12:22.702445+00:00)
2026-08-19 17:12:22,713 | INFO | apscheduler.executors.default | Job "GameEngine.registration_watchdog (trigger: interval[0:00:05], next run at: 2026-08-19 12:12:27 UTC)" executed successfully
2026-08-19 17:12:27,177 | INFO | root | DEBUG_INCOMING Message from=8888830251 payload=Hop
2026-08-19 17:12:27,202 | INFO | aiogram.event | Update id=466217269 is handled. Duration 32 ms by bot id=8894100649
2026-08-19 17:12:27,713 | INFO | apscheduler.executors.default | Running job "GameEngine.registration_watchdog (trigger: interval[0:00:05], next run at: 2026-08-19 12:12:32 UTC)" (scheduled at 2026-08-19 12:12:27.702445+00:00)
2026-08-19 17:12:27,720 | INFO | apscheduler.executors.default | Job "GameEngine.registration_watchdog (trigger: interval[0:00:05], next run at: 2026-08-19 12:12:32 UTC)" executed successfully
2026-08-19 17:12:32,718 | INFO | apscheduler.executors.default | Running job "GameEngine.registration_watchdog (trigger: interval[0:00:05], next run at: 2026-08-19 12:12:37 UTC)" (scheduled at 2026-08-19 12:12:32.702445+00:00)
2026-08-19 17:12:32,725 | INFO | apscheduler.executors.default | Job "GameEngine.registration_watchdog (trigger: interval[0:00:05], next run at: 2026-08-19 12:12:37 UTC)" executed successfully
2026-08-19 17:12:37,718 | INFO | apscheduler.executors.default | Running job "GameEngine.registration_watchdog (trigger: interval[0:00:05], next run at: 2026-08-19 12:12:42 UTC)" (scheduled at 2026-08-19 12:12:37.702445+00:00)
2026-08-19 17:12:37,725 | INFO | apscheduler.executors.default | Job "GameEngine.registration_watchdog (trigger: interval[0:00:05], next run at: 2026-08-19 12:12:42 UTC)" executed successfully
2026-08-19 17:12:39,559 | INFO | root | DEBUG_INCOMING Message from=8263830135 payload=Don yana kemen wetm bor bar br
2026-08-19 17:12:39,589 | INFO | aiogram.event | Update id=466217270 is handled. Duration 30 ms by bot id=8894100649
2026-08-19 17:12:42,714 | INFO | apscheduler.executors.default | Running job "GameEngine.registration_watchdog (trigger: interval[0:00:05], next run at: 2026-08-19 12:12:47 UTC)" (scheduled at 2026-08-19 12:12:42.702445+00:00)
2026-08-19 17:12:42,720 | INFO | apscheduler.executors.default | Job "GameEngine.registration_watchdog (trigger: interval[0:00:05], next run at: 2026-08-19 12:12:47 UTC)" executed successfully
2026-08-19 17:12:47,717 | INFO | apscheduler.executors.default | Running job "GameEngine.registration_watchdog (trigger: interval[0:00:05], next run at: 2026-08-19 12:12:52 UTC)" (scheduled at 2026-08-19 12:12:47.702445+00:00)
2026-08-19 17:12:47,724 | INFO | apscheduler.executors.default | Running job "GameEngine.send_pending_diamond_logs (trigger: interval[0:00:30], next run at: 2026-08-19 12:13:17 UTC)" (scheduled at 2026-08-19 12:12:47.708289+00:00)
2026-08-19 17:12:47,733 | INFO | apscheduler.executors.default | Job "GameEngine.registration_watchdog (trigger: interval[0:00:05], next run at: 2026-08-19 12:12:52 UTC)" executed successfully
2026-08-19 17:12:47,733 | INFO | apscheduler.executors.default | Job "GameEngine.send_pending_diamond_logs (trigger: interval[0:00:30], next run at: 2026-08-19 12:13:17 UTC)" executed successfully
2026-08-19 17:12:52,722 | INFO | apscheduler.executors.default | Running job "GameEngine.registration_watchdog (trigger: interval[0:00:05], next run at: 2026-08-19 12:12:57 UTC)" (scheduled at 2026-08-19 12:12:52.702445+00:00)
2026-08-19 17:12:52,729 | INFO | apscheduler.executors.default | Job "GameEngine.registration_watchdog (trigger: interval[0:00:05], next run at: 2026-08-19 12:12:57 UTC)" executed successfully
2026-08-19 17:12:55,440 | INFO | root | DEBUG_INCOMING Message from=8888830251 payload=Sz manga keling
2026-08-19 17:12:55,454 | INFO | aiogram.event | Update id=466217271 is handled. Duration 15 ms by bot id=8894100649
2026-08-19 17:12:57,710 | INFO | apscheduler.executors.default | Running job "GameEngine.registration_watchdog (trigger: interval[0:00:05], next run at: 2026-08-19 12:13:02 UTC)" (scheduled at 2026-08-19 12:12:57.702445+00:00)
2026-08-19 17:12:57,716 | INFO | apscheduler.executors.default | Job "GameEngine.registration_watchdog (trigger: interval[0:00:05], next run at: 2026-08-19 12:13:02 UTC)" executed successfully
2026-08-19 17:12:59,322 | INFO | root | DEBUG_INCOMING Message from=8888830251 payload=Mani osadi
2026-08-19 17:12:59,351 | INFO | aiogram.event | Update id=466217272 is handled. Duration 30 ms by bot id=8894100649
2026-08-19 17:13:02,708 | INFO | apscheduler.executors.default | Running job "GameEngine.registration_watchdog (trigger: interval[0:00:05], next run at: 2026-08-19 12:13:07 UTC)" (scheduled at 2026-08-19 12:13:02.702445+00:00)
2026-08-19 17:13:02,714 | INFO | apscheduler.executors.default | Job "GameEngine.registration_watchdog (trigger: interval[0:00:05], next run at: 2026-08-19 12:13:07 UTC)" executed successfully
2026-08-19 17:13:06,191 | INFO | root | DEBUG_INCOMING Message from=8888830251 payload=Komligim bildi
2026-08-19 17:13:06,205 | INFO | aiogram.event | Update id=466217273 is handled. Duration 32 ms by bot id=8894100649
2026-08-19 17:13:07,716 | INFO | apscheduler.executors.default | Running job "GameEngine.registration_watchdog (trigger: interval[0:00:05], next run at: 2026-08-19 12:13:12 UTC)" (scheduled at 2026-08-19 12:13:07.702445+00:00)
2026-08-19 17:13:07,722 | INFO | apscheduler.executors.default | Job "GameEngine.registration_watchdog (trigger: interval[0:00:05], next run at: 2026-08-19 12:13:12 UTC)" executed successfully
2026-08-19 17:13:11,514 | INFO | root | DEBUG_INCOMING Message from=8692634539 payload=Заяфка об койин сз
2026-08-19 17:13:11,531 | INFO | aiogram.event | Update id=466217274 is handled. Duration 30 ms by bot id=8894100649
2026-08-19 17:13:12,713 | INFO | apscheduler.executors.default | Running job "GameEngine.registration_watchdog (trigger: interval[0:00:05], next run at: 2026-08-19 12:13:17 UTC)" (scheduled at 2026-08-19 12:13:12.702445+00:00)
2026-08-19 17:13:12,719 | INFO | apscheduler.executors.default | Job "GameEngine.registration_watchdog (trigger: interval[0:00:05], next run at: 2026-08-19 12:13:17 UTC)" executed successfully
2026-08-19 17:13:17,707 | INFO | apscheduler.executors.default | Running job "GameEngine.registration_watchdog (trigger: interval[0:00:05], next run at: 2026-08-19 12:13:22 UTC)" (scheduled at 2026-08-19 12:13:17.702445+00:00)
2026-08-19 17:13:17,718 | INFO | apscheduler.executors.default | Running job "GameEngine.send_pending_diamond_logs (trigger: interval[0:00:30], next run at: 2026-08-19 12:13:47 UTC)" (scheduled at 2026-08-19 12:13:17.708289+00:00)
2026-08-19 17:13:17,718 | INFO | apscheduler.executors.default | Running job "GameEngine.premium_reset_watchdog (trigger: interval[0:01:00], next run at: 2026-08-19 12:14:17 UTC)" (scheduled at 2026-08-19 12:13:17.708289+00:00)
2026-08-19 17:13:17,718 | INFO | apscheduler.executors.default | Job "GameEngine.registration_watchdog (trigger: interval[0:00:05], next run at: 2026-08-19 12:13:22 UTC)" executed successfully
2026-08-19 17:13:17,731 | INFO | apscheduler.executors.default | Job "GameEngine.premium_reset_watchdog (trigger: interval[0:01:00], next run at: 2026-08-19 12:14:17 UTC)" executed successfully
2026-08-19 17:13:17,746 | INFO | apscheduler.executors.default | Job "GameEngine.send_pending_diamond_logs (trigger: interval[0:00:30], next run at: 2026-08-19 12:13:47 UTC)" executed successfully
2026-08-19 17:13:22,714 | INFO | apscheduler.executors.default | Running job "GameEngine.registration_watchdog (trigger: interval[0:00:05], next run at: 2026-08-19 12:13:27 UTC)" (scheduled at 2026-08-19 12:13:22.702445+00:00)
2026-08-19 17:13:22,714 | INFO | apscheduler.executors.default | Job "GameEngine.registration_watchdog (trigger: interval[0:00:05], next run at: 2026-08-19 12:13:27 UTC)" executed successfully
2026-08-19 17:13:27,080 | INFO | root | DEBUG_INCOMING Message from=8263830135 payload=Yu\u011fu zayaf
2026-08-19 17:13:27,106 | INFO | aiogram.event | Update id=466217275 is handled. Duration 31 ms by bot id=8894100649
2026-08-19 17:13:27,711 | INFO | apscheduler.executors.default | Running job "GameEngine.registration_watchdog (trigger: interval[0:00:05], next run at: 2026-08-19 12:13:32 UTC)" (scheduled at 2026-08-19 12:13:27.702445+00:00)
2026-08-19 17:13:27,717 | INFO | apscheduler.executors.default | Job "GameEngine.registration_watchdog (trigger: interval[0:00:05], next run at: 2026-08-19 12:13:32 UTC)" executed successfully
2026-08-19 17:13:32,702 | INFO | apscheduler.executors.default | Running job "GameEngine.registration_watchdog (trigger: interval[0:00:05], next run at: 2026-08-19 12:13:37 UTC)" (scheduled at 2026-08-19 12:13:32.702445+00:00)
2026-08-19 17:13:32,709 | INFO | apscheduler.executors.default | Job "GameEngine.registration_watchdog (trigger: interval[0:00:05], next run at: 2026-08-19 12:13:37 UTC)" executed successfully
2026-08-19 17:13:36,469 | INFO | root | DEBUG_INCOMING Message from=8692634539 payload=Нариги каналзга
2026-08-19 17:13:36,485 | INFO | aiogram.event | Update id=466217276 is handled. Duration 31 ms by bot id=8894100649
2026-08-19 17:13:37,720 | INFO | apscheduler.executors.default | Running job "GameEngine.registration_watchdog (trigger: interval[0:00:05], next run at: 2026-08-19 12:13:42 UTC)" (scheduled at 2026-08-19 12:13:37.702445+00:00)
2026-08-19 17:13:37,727 | INFO | apscheduler.executors.default | Job "GameEngine.registration_watchdog (trigger: interval[0:00:05], next run at: 2026-08-19 12:13:42 UTC)" executed successfully
2026-08-19 17:13:42,711 | INFO | apscheduler.executors.default | Running job "GameEngine.registration_watchdog (trigger: interval[0:00:05], next run at: 2026-08-19 12:13:47 UTC)" (scheduled at 2026-08-19 12:13:42.702445+00:00)
2026-08-19 17:13:42,717 | INFO | apscheduler.executors.default | Job "GameEngine.registration_watchdog (trigger: interval[0:00:05], next run at: 2026-08-19 12:13:47 UTC)" executed successfully
2026-08-19 17:13:44,576 | INFO | root | DEBUG_INCOMING Message from=8263830135 payload=Aha
2026-08-19 17:13:44,588 | INFO | aiogram.event | Update id=466217277 is handled. Duration 32 ms by bot id=8894100649
2026-08-19 17:13:47,713 | INFO | apscheduler.executors.default | Running job "GameEngine.registration_watchdog (trigger: interval[0:00:05], next run at: 2026-08-19 12:13:52 UTC)" (scheduled at 2026-08-19 12:13:47.702445+00:00)
2026-08-19 17:13:47,720 | INFO | apscheduler.executors.default | Running job "GameEngine.send_pending_diamond_logs (trigger: interval[0:00:30], next run at: 2026-08-19 12:14:17 UTC)" (scheduled at 2026-08-19 12:13:47.708289+00:00)
2026-08-19 17:13:47,720 | INFO | apscheduler.executors.default | Job "GameEngine.registration_watchdog (trigger: interval[0:00:05], next run at: 2026-08-19 12:13:52 UTC)" executed successfully
2026-08-19 17:13:47,729 | INFO | apscheduler.executors.default | Job "GameEngine.send_pending_diamond_logs (trigger: interval[0:00:30], next run at: 2026-08-19 12:14:17 UTC)" executed successfully
2026-08-19 17:13:52,714 | INFO | apscheduler.executors.default | Running job "GameEngine.registration_watchdog (trigger: interval[0:00:05], next run at: 2026-08-19 12:13:57 UTC)" (scheduled at 2026-08-19 12:13:52.702445+00:00)
2026-08-19 17:13:52,720 | INFO | apscheduler.executors.default | Job "GameEngine.registration_watchdog (trigger: interval[0:00:05], next run at: 2026-08-19 12:13:57 UTC)" executed successfully
2026-08-19 17:13:57,704 | INFO | apscheduler.executors.default | Running job "GameEngine.registration_watchdog (trigger: interval[0:00:05], next run at: 2026-08-19 12:14:02 UTC)" (scheduled at 2026-08-19 12:13:57.702445+00:00)
2026-08-19 17:13:57,710 | INFO | apscheduler.executors.default | Job "GameEngine.registration_watchdog (trigger: interval[0:00:05], next run at: 2026-08-19 12:14:02 UTC)" executed successfully
2026-08-19 17:14:02,725 | INFO | apscheduler.executors.default | Running job "GameEngine.registration_watchdog (trigger: interval[0:00:05], next run at: 2026-08-19 12:14:07 UTC)" (scheduled at 2026-08-19 12:14:02.702445+00:00)
2026-08-19 17:14:02,731 | INFO | apscheduler.executors.default | Job "GameEngine.registration_watchdog (trigger: interval[0:00:05], next run at: 2026-08-19 12:14:07 UTC)" executed successfully
2026-08-19 17:14:07,715 | INFO | apscheduler.executors.default | Running job "GameEngine.registration_watchdog (trigger: interval[0:00:05], next run at: 2026-08-19 12:14:12 UTC)" (scheduled at 2026-08-19 12:14:07.702445+00:00)
2026-08-19 17:14:07,718 | INFO | apscheduler.executors.default | Job "GameEngine.registration_watchdog (trigger: interval[0:00:05], next run at: 2026-08-19 12:14:12 UTC)" executed successfully
2026-08-19 17:14:12,707 | INFO | apscheduler.executors.default | Running job "GameEngine.registration_watchdog (trigger: interval[0:00:05], next run at: 2026-08-19 12:14:17 UTC)" (scheduled at 2026-08-19 12:14:12.702445+00:00)
2026-08-19 17:14:12,713 | INFO | apscheduler.executors.default | Job "GameEngine.registration_watchdog (trigger: interval[0:00:05], next run at: 2026-08-19 12:14:17 UTC)" executed successfully
2026-08-19 17:14:17,712 | INFO | apscheduler.executors.default | Running job "GameEngine.registration_watchdog (trigger: interval[0:00:05], next run at: 2026-08-19 12:14:22 UTC)" (scheduled at 2026-08-19 12:14:17.702445+00:00)
2026-08-19 17:14:17,721 | INFO | apscheduler.executors.default | Running job "GameEngine.send_pending_diamond_logs (trigger: interval[0:00:30], next run at: 2026-08-19 12:14:47 UTC)" (scheduled at 2026-08-19 12:14:17.708289+00:00)
2026-08-19 17:14:17,721 | INFO | apscheduler.executors.default | Running job "GameEngine.premium_reset_watchdog (trigger: interval[0:01:00], next run at: 2026-08-19 12:15:17 UTC)" (scheduled at 2026-08-19 12:14:17.708289+00:00)
2026-08-19 17:14:17,728 | INFO | apscheduler.executors.default | Job "GameEngine.registration_watchdog (trigger: interval[0:00:05], next run at: 2026-08-19 12:14:22 UTC)" executed successfully
2026-08-19 17:14:17,728 | INFO | apscheduler.executors.default | Job "GameEngine.premium_reset_watchdog (trigger: interval[0:01:00], next run at: 2026-08-19 12:15:17 UTC)" executed successfully
2026-08-19 17:14:17,728 | INFO | apscheduler.executors.default | Job "GameEngine.send_pending_diamond_logs (trigger: interval[0:00:30], next run at: 2026-08-19 12:14:47 UTC)" executed successfully
2026-08-19 17:14:22,717 | INFO | apscheduler.executors.default | Running job "GameEngine.registration_watchdog (trigger: interval[0:00:05], next run at: 2026-08-19 12:14:27 UTC)" (scheduled at 2026-08-19 12:14:22.702445+00:00)
2026-08-19 17:14:22,724 | INFO | apscheduler.executors.default | Job "GameEngine.registration_watchdog (trigger: interval[0:00:05], next run at: 2026-08-19 12:14:27 UTC)" executed successfully
2026-08-19 17:14:27,704 | INFO | apscheduler.executors.default | Running job "GameEngine.registration_watchdog (trigger: interval[0:00:05], next run at: 2026-08-19 12:14:32 UTC)" (scheduled at 2026-08-19 12:14:27.702445+00:00)
2026-08-19 17:14:27,708 | INFO | apscheduler.executors.default | Job "GameEngine.registration_watchdog (trigger: interval[0:00:05], next run at: 2026-08-19 12:14:32 UTC)" executed successfully
2026-08-19 17:14:32,713 | INFO | apscheduler.executors.default | Running job "GameEngine.registration_watchdog (trigger: interval[0:00:05], next run at: 2026-08-19 12:14:37 UTC)" (scheduled at 2026-08-19 12:14:32.702445+00:00)
2026-08-19 17:14:32,719 | INFO | apscheduler.executors.default | Job "GameEngine.registration_watchdog (trigger: interval[0:00:05], next run at: 2026-08-19 12:14:37 UTC)" executed successfully
2026-08-19 17:14:35,761 | INFO | root | DEBUG_INCOMING Message from=8263830135 payload=Uzi 1 ruxshonani davole ddm uzi
2026-08-19 17:14:35,793 | INFO | aiogram.event | Update id=466217278 is handled. Duration 45 ms by bot id=8894100649
2026-08-19 17:14:37,705 | INFO | apscheduler.executors.default | Running job "GameEngine.registration_watchdog (trigger: interval[0:00:05], next run at: 2026-08-19 12:14:42 UTC)" (scheduled at 2026-08-19 12:14:37.702445+00:00)
2026-08-19 17:14:37,712 | INFO | apscheduler.executors.default | Job "GameEngine.registration_watchdog (trigger: interval[0:00:05], next run at: 2026-08-19 12:14:42 UTC)" executed successfully
2026-08-19 17:14:42,712 | INFO | apscheduler.executors.default | Running job "GameEngine.registration_watchdog (trigger: interval[0:00:05], next run at: 2026-08-19 12:14:47 UTC)" (scheduled at 2026-08-19 12:14:42.702445+00:00)
2026-08-19 17:14:42,718 | INFO | apscheduler.executors.default | Job "GameEngine.registration_watchdog (trigger: interval[0:00:05], next run at: 2026-08-19 12:14:47 UTC)" executed successfully
2026-08-19 17:14:47,718 | INFO | apscheduler.executors.default | Running job "GameEngine.registration_watchdog (trigger: interval[0:00:05], next run at: 2026-08-19 12:14:52 UTC)" (scheduled at 2026-08-19 12:14:47.702445+00:00)
2026-08-19 17:14:47,724 | INFO | apscheduler.executors.default | Running job "GameEngine.send_pending_diamond_logs (trigger: interval[0:00:30], next run at: 2026-08-19 12:15:17 UTC)" (scheduled at 2026-08-19 12:14:47.708289+00:00)
2026-08-19 17:14:47,734 | INFO | apscheduler.executors.default | Job "GameEngine.registration_watchdog (trigger: interval[0:00:05], next run at: 2026-08-19 12:14:52 UTC)" executed successfully
2026-08-19 17:14:47,734 | INFO | apscheduler.executors.default | Job "GameEngine.send_pending_diamond_logs (trigger: interval[0:00:30], next run at: 2026-08-19 12:15:17 UTC)" executed successfully
2026-08-19 17:14:52,690 | INFO | root | DEBUG_INCOMING Message from=8888830251 payload=Pishshiqlik qildi
2026-08-19 17:14:52,702 | INFO | apscheduler.executors.default | Running job "GameEngine.registration_watchdog (trigger: interval[0:00:05], next run at: 2026-08-19 12:14:57 UTC)" (scheduled at 2026-08-19 12:14:52.702445+00:00)
2026-08-19 17:14:52,720 | INFO | apscheduler.executors.default | Job "GameEngine.registration_watchdog (trigger: interval[0:00:05], next run at: 2026-08-19 12:14:57 UTC)" executed successfully
2026-08-19 17:14:52,736 | INFO | aiogram.event | Update id=466217279 is handled. Duration 63 ms by bot id=8894100649
2026-08-19 17:14:54,211 | INFO | root | DEBUG_INCOMING Message from=8888830251 payload=Don
2026-08-19 17:14:54,243 | INFO | aiogram.event | Update id=466217280 is handled. Duration 31 ms by bot id=8894100649
2026-08-19 17:14:57,706 | INFO | apscheduler.executors.default | Running job "GameEngine.registration_watchdog (trigger: interval[0:00:05], next run at: 2026-08-19 12:15:02 UTC)" (scheduled at 2026-08-19 12:14:57.702445+00:00)
2026-08-19 17:14:57,713 | INFO | apscheduler.executors.default | Job "GameEngine.registration_watchdog (trigger: interval[0:00:05], next run at: 2026-08-19 12:15:02 UTC)" executed successfully
2026-08-19 17:15:02,218 | INFO | root | DEBUG_INCOMING Message from=8692634539 payload=Насб\U0001f602\U0001f602
2026-08-19 17:15:02,250 | INFO | aiogram.event | Update id=466217281 is handled. Duration 32 ms by bot id=8894100649
2026-08-19 17:15:02,706 | INFO | apscheduler.executors.default | Running job "GameEngine.registration_watchdog (trigger: interval[0:00:05], next run at: 2026-08-19 12:15:07 UTC)" (scheduled at 2026-08-19 12:15:02.702445+00:00)
2026-08-19 17:15:02,712 | INFO | apscheduler.executors.default | Job "GameEngine.registration_watchdog (trigger: interval[0:00:05], next run at: 2026-08-19 12:15:07 UTC)" executed successfully
2026-08-19 17:15:07,716 | INFO | apscheduler.executors.default | Running job "GameEngine.registration_watchdog (trigger: interval[0:00:05], next run at: 2026-08-19 12:15:12 UTC)" (scheduled at 2026-08-19 12:15:07.702445+00:00)
2026-08-19 17:15:07,723 | INFO | apscheduler.executors.default | Job "GameEngine.registration_watchdog (trigger: interval[0:00:05], next run at: 2026-08-19 12:15:12 UTC)" executed successfully
2026-08-19 17:15:12,715 | INFO | apscheduler.executors.default | Running job "GameEngine.registration_watchdog (trigger: interval[0:00:05], next run at: 2026-08-19 12:15:17 UTC)" (scheduled at 2026-08-19 12:15:12.702445+00:00)
2026-08-19 17:15:12,726 | INFO | apscheduler.executors.default | Job "GameEngine.registration_watchdog (trigger: interval[0:00:05], next run at: 2026-08-19 12:15:17 UTC)" executed successfully
2026-08-19 17:15:17,723 | INFO | apscheduler.executors.default | Running job "GameEngine.registration_watchdog (trigger: interval[0:00:05], next run at: 2026-08-19 12:15:22 UTC)" (scheduled at 2026-08-19 12:15:17.702445+00:00)
2026-08-19 17:15:17,729 | INFO | apscheduler.executors.default | Running job "GameEngine.send_pending_diamond_logs (trigger: interval[0:00:30], next run at: 2026-08-19 12:15:47 UTC)" (scheduled at 2026-08-19 12:15:17.708289+00:00)
2026-08-19 17:15:17,729 | INFO | apscheduler.executors.default | Running job "GameEngine.premium_reset_watchdog (trigger: interval[0:01:00], next run at: 2026-08-19 12:16:17 UTC)" (scheduled at 2026-08-19 12:15:17.708289+00:00)
2026-08-19 17:15:17,738 | INFO | apscheduler.executors.default | Job "GameEngine.registration_watchdog (trigger: interval[0:00:05], next run at: 2026-08-19 12:15:22 UTC)" executed successfully
2026-08-19 17:15:17,738 | INFO | apscheduler.executors.default | Job "GameEngine.premium_reset_watchdog (trigger: interval[0:01:00], next run at: 2026-08-19 12:16:17 UTC)" executed successfully
2026-08-19 17:15:17,738 | INFO | apscheduler.executors.default | Job "GameEngine.send_pending_diamond_logs (trigger: interval[0:00:30], next run at: 2026-08-19 12:15:47 UTC)" executed successfully
2026-08-19 17:15:22,709 | INFO | apscheduler.executors.default | Running job "GameEngine.registration_watchdog (trigger: interval[0:00:05], next run at: 2026-08-19 12:15:27 UTC)" (scheduled at 2026-08-19 12:15:22.702445+00:00)
2026-08-19 17:15:22,716 | INFO | apscheduler.executors.default | Job "GameEngine.registration_watchdog (trigger: interval[0:00:05], next run at: 2026-08-19 12:15:27 UTC)" executed successfully
2026-08-19 17:15:26,680 | INFO | root | DEBUG_INCOMING Message from=8263830135 payload=Bludm wunaqa qlwn mankga keln dgan paytz  e mayl db borudm szga
2026-08-19 17:15:26,696 | INFO | aiogram.event | Update id=466217282 is handled. Duration 16 ms by bot id=8894100649
2026-08-19 17:15:27,712 | INFO | apscheduler.executors.default | Running job "GameEngine.registration_watchdog (trigger: interval[0:00:05], next run at: 2026-08-19 12:15:32 UTC)" (scheduled at 2026-08-19 12:15:27.702445+00:00)
2026-08-19 17:15:27,719 | INFO | apscheduler.executors.default | Job "GameEngine.registration_watchdog (trigger: interval[0:00:05], next run at: 2026-08-19 12:15:32 UTC)" executed successfully
2026-08-19 17:15:29,447 | INFO | root | DEBUG_INCOMING Message from=8263830135 payload=Wu
2026-08-19 17:15:29,463 | INFO | aiogram.event | Update id=466217283 is handled. Duration 15 ms by bot id=8894100649
2026-08-19 17:15:32,718 | INFO | apscheduler.executors.default | Running job "GameEngine.registration_watchdog (trigger: interval[0:00:05], next run at: 2026-08-19 12:15:37 UTC)" (scheduled at 2026-08-19 12:15:32.702445+00:00)
2026-08-19 17:15:32,725 | INFO | apscheduler.executors.default | Job "GameEngine.registration_watchdog (trigger: interval[0:00:05], next run at: 2026-08-19 12:15:37 UTC)" executed successfully
2026-08-19 17:15:37,713 | INFO | apscheduler.executors.default | Running job "GameEngine.registration_watchdog (trigger: interval[0:00:05], next run at: 2026-08-19 12:15:42 UTC)" (scheduled at 2026-08-19 12:15:37.702445+00:00)
2026-08-19 17:15:37,720 | INFO | apscheduler.executors.default | Job "GameEngine.registration_watchdog (trigger: interval[0:00:05], next run at: 2026-08-19 12:15:42 UTC)" executed successfully
2026-08-19 17:15:38,356 | INFO | root | DEBUG_INCOMING Message from=8888830251 payload=Haa
2026-08-19 17:15:38,372 | INFO | aiogram.event | Update id=466217284 is handled. Duration 32 ms by bot id=8894100649
2026-08-19 17:15:42,705 | INFO | apscheduler.executors.default | Running job "GameEngine.registration_watchdog (trigger: interval[0:00:05], next run at: 2026-08-19 12:15:47 UTC)" (scheduled at 2026-08-19 12:15:42.702445+00:00)
2026-08-19 17:15:42,711 | INFO | apscheduler.executors.default | Job "GameEngine.registration_watchdog (trigger: interval[0:00:05], next run at: 2026-08-19 12:15:47 UTC)" executed successfully
2026-08-19 17:15:45,594 | INFO | root | DEBUG_INCOMING Message from=8888830251 payload=Rahmat kattakon
2026-08-19 17:15:45,619 | INFO | aiogram.event | Update id=466217285 is handled. Duration 16 ms by bot id=8894100649
2026-08-19 17:15:47,720 | INFO | apscheduler.executors.default | Running job "GameEngine.registration_watchdog (trigger: interval[0:00:05], next run at: 2026-08-19 12:15:52 UTC)" (scheduled at 2026-08-19 12:15:47.702445+00:00)
2026-08-19 17:15:47,726 | INFO | apscheduler.executors.default | Running job "GameEngine.send_pending_diamond_logs (trigger: interval[0:00:30], next run at: 2026-08-19 12:16:17 UTC)" (scheduled at 2026-08-19 12:15:47.708289+00:00)
2026-08-19 17:15:47,735 | INFO | apscheduler.executors.default | Job "GameEngine.registration_watchdog (trigger: interval[0:00:05], next run at: 2026-08-19 12:15:52 UTC)" executed successfully
2026-08-19 17:15:47,735 | INFO | apscheduler.executors.default | Job "GameEngine.send_pending_diamond_logs (trigger: interval[0:00:30], next run at: 2026-08-19 12:16:17 UTC)" executed successfully
2026-08-19 17:15:52,717 | INFO | apscheduler.executors.default | Running job "GameEngine.registration_watchdog (trigger: interval[0:00:05], next run at: 2026-08-19 12:15:57 UTC)" (scheduled at 2026-08-19 12:15:52.702445+00:00)
2026-08-19 17:15:52,723 | INFO | apscheduler.executors.default | Job "GameEngine.registration_watchdog (trigger: interval[0:00:05], next run at: 2026-08-19 12:15:57 UTC)" executed successfully
2026-08-19 17:15:57,707 | INFO | apscheduler.executors.default | Running job "GameEngine.registration_watchdog (trigger: interval[0:00:05], next run at: 2026-08-19 12:16:02 UTC)" (scheduled at 2026-08-19 12:15:57.702445+00:00)
2026-08-19 17:15:57,707 | INFO | apscheduler.executors.default | Job "GameEngine.registration_watchdog (trigger: interval[0:00:05], next run at: 2026-08-19 12:16:02 UTC)" executed successfully
2026-08-19 17:16:02,714 | INFO | apscheduler.executors.default | Running job "GameEngine.registration_watchdog (trigger: interval[0:00:05], next run at: 2026-08-19 12:16:07 UTC)" (scheduled at 2026-08-19 12:16:02.702445+00:00)
2026-08-19 17:16:02,721 | INFO | apscheduler.executors.default | Job "GameEngine.registration_watchdog (trigger: interval[0:00:05], next run at: 2026-08-19 12:16:07 UTC)" executed successfully
2026-08-19 17:16:04,251 | INFO | root | DEBUG_INCOMING Message from=8967473914 payload=/start@ProMafiyaBot
2026-08-19 17:16:04,572 | INFO | aiogram.event | Update id=466217286 is handled. Duration 312 ms by bot id=8894100649
2026-08-19 17:16:07,724 | INFO | apscheduler.executors.default | Running job "GameEngine.registration_watchdog (trigger: interval[0:00:05], next run at: 2026-08-19 12:16:12 UTC)" (scheduled at 2026-08-19 12:16:07.702445+00:00)
2026-08-19 17:16:07,730 | INFO | apscheduler.executors.default | Job "GameEngine.registration_watchdog (trigger: interval[0:00:05], next run at: 2026-08-19 12:16:12 UTC)" executed successfully
2026-08-19 17:16:12,705 | INFO | apscheduler.executors.default | Running job "GameEngine.registration_watchdog (trigger: interval[0:00:05], next run at: 2026-08-19 12:16:17 UTC)" (scheduled at 2026-08-19 12:16:12.702445+00:00)
2026-08-19 17:16:12,711 | INFO | apscheduler.executors.default | Job "GameEngine.registration_watchdog (trigger: interval[0:00:05], next run at: 2026-08-19 12:16:17 UTC)" executed successfully
2026-08-19 17:16:17,718 | INFO | apscheduler.executors.default | Running job "GameEngine.registration_watchdog (trigger: interval[0:00:05], next run at: 2026-08-19 12:16:22 UTC)" (scheduled at 2026-08-19 12:16:17.702445+00:00)
2026-08-19 17:16:17,724 | INFO | apscheduler.executors.default | Running job "GameEngine.send_pending_diamond_logs (trigger: interval[0:00:30], next run at: 2026-08-19 12:16:47 UTC)" (scheduled at 2026-08-19 12:16:17.708289+00:00)
2026-08-19 17:16:17,724 | INFO | apscheduler.executors.default | Running job "GameEngine.premium_reset_watchdog (trigger: interval[0:01:00], next run at: 2026-08-19 12:17:17 UTC)" (scheduled at 2026-08-19 12:16:17.708289+00:00)
2026-08-19 17:16:17,734 | INFO | apscheduler.executors.default | Job "GameEngine.registration_watchdog (trigger: interval[0:00:05], next run at: 2026-08-19 12:16:22 UTC)" executed successfully
2026-08-19 17:16:17,734 | INFO | apscheduler.executors.default | Job "GameEngine.premium_reset_watchdog (trigger: interval[0:01:00], next run at: 2026-08-19 12:17:17 UTC)" executed successfully
2026-08-19 17:16:17,734 | INFO | apscheduler.executors.default | Job "GameEngine.send_pending_diamond_logs (trigger: interval[0:00:30], next run at: 2026-08-19 12:16:47 UTC)" executed successfully
2026-08-19 17:16:22,709 | INFO | apscheduler.executors.default | Running job "GameEngine.registration_watchdog (trigger: interval[0:00:05], next run at: 2026-08-19 12:16:27 UTC)" (scheduled at 2026-08-19 12:16:22.702445+00:00)
2026-08-19 17:16:22,716 | INFO | apscheduler.executors.default | Job "GameEngine.registration_watchdog (trigger: interval[0:00:05], next run at: 2026-08-19 12:16:27 UTC)" executed successfully
2026-08-19 17:16:27,712 | INFO | apscheduler.executors.default | Running job "GameEngine.registration_watchdog (trigger: interval[0:00:05], next run at: 2026-08-19 12:16:32 UTC)" (scheduled at 2026-08-19 12:16:27.702445+00:00)
2026-08-19 17:16:27,718 | INFO | apscheduler.executors.default | Job "GameEngine.registration_watchdog (trigger: interval[0:00:05], next run at: 2026-08-19 12:16:32 UTC)" executed successfully
2026-08-19 17:16:32,713 | INFO | apscheduler.executors.default | Running job "GameEngine.registration_watchdog (trigger: interval[0:00:05], next run at: 2026-08-19 12:16:37 UTC)" (scheduled at 2026-08-19 12:16:32.702445+00:00)
2026-08-19 17:16:32,720 | INFO | apscheduler.executors.default | Job "GameEngine.registration_watchdog (trigger: interval[0:00:05], next run at: 2026-08-19 12:16:37 UTC)" executed successfully
2026-08-19 17:16:36,774 | INFO | root | DEBUG_INCOMING Message from=7526403539 payload=Bir bireladan aqillesila kuz temasn \U0001f979\U0001f602
2026-08-19 17:16:36,802 | INFO | aiogram.event | Update id=466217287 is handled. Duration 30 ms by bot id=8894100649
2026-08-19 17:16:37,710 | INFO | apscheduler.executors.default | Running job "GameEngine.registration_watchdog (trigger: interval[0:00:05], next run at: 2026-08-19 12:16:42 UTC)" (scheduled at 2026-08-19 12:16:37.702445+00:00)
2026-08-19 17:16:37,710 | INFO | apscheduler.executors.default | Job "GameEngine.registration_watchdog (trigger: interval[0:00:05], next run at: 2026-08-19 12:16:42 UTC)" executed successfully
2026-08-19 17:16:42,708 | INFO | apscheduler.executors.default | Running job "GameEngine.registration_watchdog (trigger: interval[0:00:05], next run at: 2026-08-19 12:16:47 UTC)" (scheduled at 2026-08-19 12:16:42.702445+00:00)
2026-08-19 17:16:42,714 | INFO | apscheduler.executors.default | Job "GameEngine.registration_watchdog (trigger: interval[0:00:05], next run at: 2026-08-19 12:16:47 UTC)" executed successfully
2026-08-19 17:16:47,713 | INFO | apscheduler.executors.default | Running job "GameEngine.registration_watchdog (trigger: interval[0:00:05], next run at: 2026-08-19 12:16:52 UTC)" (scheduled at 2026-08-19 12:16:47.702445+00:00)
2026-08-19 17:16:47,715 | INFO | apscheduler.executors.default | Running job "GameEngine.send_pending_diamond_logs (trigger: interval[0:00:30], next run at: 2026-08-19 12:17:17 UTC)" (scheduled at 2026-08-19 12:16:47.708289+00:00)
2026-08-19 17:16:47,725 | INFO | apscheduler.executors.default | Job "GameEngine.send_pending_diamond_logs (trigger: interval[0:00:30], next run at: 2026-08-19 12:17:17 UTC)" executed successfully
2026-08-19 17:16:47,729 | INFO | apscheduler.executors.default | Job "GameEngine.registration_watchdog (trigger: interval[0:00:05], next run at: 2026-08-19 12:16:52 UTC)" executed successfully
2026-08-19 17:16:52,717 | INFO | apscheduler.executors.default | Running job "GameEngine.registration_watchdog (trigger: interval[0:00:05], next run at: 2026-08-19 12:16:57 UTC)" (scheduled at 2026-08-19 12:16:52.702445+00:00)
2026-08-19 17:16:52,720 | INFO | apscheduler.executors.default | Job "GameEngine.registration_watchdog (trigger: interval[0:00:05], next run at: 2026-08-19 12:16:57 UTC)" executed successfully
2026-08-19 17:16:57,702 | INFO | apscheduler.executors.default | Running job "GameEngine.registration_watchdog (trigger: interval[0:00:05], next run at: 2026-08-19 12:17:02 UTC)" (scheduled at 2026-08-19 12:16:57.702445+00:00)
2026-08-19 17:16:57,709 | INFO | apscheduler.executors.default | Job "GameEngine.registration_watchdog (trigger: interval[0:00:05], next run at: 2026-08-19 12:17:02 UTC)" executed successfully
2026-08-19 17:16:58,738 | INFO | root | DEBUG_INCOMING Message from=8967473914 payload=Faqat menga keganda iwlabketadi
2026-08-19 17:16:58,767 | INFO | aiogram.event | Update id=466217288 is handled. Duration 30 ms by bot id=8894100649
2026-08-19 17:17:02,721 | INFO | apscheduler.executors.default | Running job "GameEngine.registration_watchdog (trigger: interval[0:00:05], next run at: 2026-08-19 12:17:07 UTC)" (scheduled at 2026-08-19 12:17:02.702445+00:00)
2026-08-19 17:17:02,728 | INFO | apscheduler.executors.default | Job "GameEngine.registration_watchdog (trigger: interval[0:00:05], next run at: 2026-08-19 12:17:07 UTC)" executed successfully
2026-08-19 17:17:07,713 | INFO | apscheduler.executors.default | Running job "GameEngine.registration_watchdog (trigger: interval[0:00:05], next run at: 2026-08-19 12:17:12 UTC)" (scheduled at 2026-08-19 12:17:07.702445+00:00)
2026-08-19 17:17:07,719 | INFO | apscheduler.executors.default | Job "GameEngine.registration_watchdog (trigger: interval[0:00:05], next run at: 2026-08-19 12:17:12 UTC)" executed successfully
2026-08-19 17:17:12,707 | INFO | apscheduler.executors.default | Running job "GameEngine.registration_watchdog (trigger: interval[0:00:05], next run at: 2026-08-19 12:17:17 UTC)" (scheduled at 2026-08-19 12:17:12.702445+00:00)
2026-08-19 17:17:12,714 | INFO | apscheduler.executors.default | Job "GameEngine.registration_watchdog (trigger: interval[0:00:05], next run at: 2026-08-19 12:17:17 UTC)" executed successfully
2026-08-19 17:17:17,708 | INFO | apscheduler.executors.default | Running job "GameEngine.registration_watchdog (trigger: interval[0:00:05], next run at: 2026-08-19 12:17:22 UTC)" (scheduled at 2026-08-19 12:17:17.702445+00:00)
2026-08-19 17:17:17,708 | INFO | apscheduler.executors.default | Running job "GameEngine.send_pending_diamond_logs (trigger: interval[0:00:30], next run at: 2026-08-19 12:17:47 UTC)" (scheduled at 2026-08-19 12:17:17.708289+00:00)
2026-08-19 17:17:17,708 | INFO | apscheduler.executors.default | Running job "GameEngine.premium_reset_watchdog (trigger: interval[0:01:00], next run at: 2026-08-19 12:18:17 UTC)" (scheduled at 2026-08-19 12:17:17.708289+00:00)
2026-08-19 17:17:17,708 | INFO | apscheduler.executors.default | Job "GameEngine.registration_watchdog (trigger: interval[0:00:05], next run at: 2026-08-19 12:17:22 UTC)" executed successfully
2026-08-19 17:17:17,708 | INFO | apscheduler.executors.default | Job "GameEngine.premium_reset_watchdog (trigger: interval[0:01:00], next run at: 2026-08-19 12:18:17 UTC)" executed successfully
2026-08-19 17:17:17,724 | INFO | apscheduler.executors.default | Job "GameEngine.send_pending_diamond_logs (trigger: interval[0:00:30], next run at: 2026-08-19 12:17:47 UTC)" executed successfully
2026-08-19 17:17:22,718 | INFO | apscheduler.executors.default | Running job "GameEngine.registration_watchdog (trigger: interval[0:00:05], next run at: 2026-08-19 12:17:27 UTC)" (scheduled at 2026-08-19 12:17:22.702445+00:00)
2026-08-19 17:17:22,725 | INFO | apscheduler.executors.default | Job "GameEngine.registration_watchdog (trigger: interval[0:00:05], next run at: 2026-08-19 12:17:27 UTC)" executed successfully
2026-08-19 17:17:27,724 | INFO | apscheduler.executors.default | Running job "GameEngine.registration_watchdog (trigger: interval[0:00:05], next run at: 2026-08-19 12:17:32 UTC)" (scheduled at 2026-08-19 12:17:27.702445+00:00)
2026-08-19 17:17:27,731 | INFO | apscheduler.executors.default | Job "GameEngine.registration_watchdog (trigger: interval[0:00:05], next run at: 2026-08-19 12:17:32 UTC)" executed successfully
2026-08-19 17:17:32,707 | INFO | apscheduler.executors.default | Running job "GameEngine.registration_watchdog (trigger: interval[0:00:05], next run at: 2026-08-19 12:17:37 UTC)" (scheduled at 2026-08-19 12:17:32.702445+00:00)
2026-08-19 17:17:32,714 | INFO | apscheduler.executors.default | Job "GameEngine.registration_watchdog (trigger: interval[0:00:05], next run at: 2026-08-19 12:17:37 UTC)" executed successfully
2026-08-19 17:17:37,720 | INFO | apscheduler.executors.default | Running job "GameEngine.registration_watchdog (trigger: interval[0:00:05], next run at: 2026-08-19 12:17:42 UTC)" (scheduled at 2026-08-19 12:17:37.702445+00:00)
2026-08-19 17:17:37,727 | INFO | apscheduler.executors.default | Job "GameEngine.registration_watchdog (trigger: interval[0:00:05], next run at: 2026-08-19 12:17:42 UTC)" executed successfully
2026-08-19 17:17:42,713 | INFO | apscheduler.executors.default | Running job "GameEngine.registration_watchdog (trigger: interval[0:00:05], next run at: 2026-08-19 12:17:47 UTC)" (scheduled at 2026-08-19 12:17:42.702445+00:00)
2026-08-19 17:17:42,721 | INFO | apscheduler.executors.default | Job "GameEngine.registration_watchdog (trigger: interval[0:00:05], next run at: 2026-08-19 12:17:47 UTC)" executed successfully
2026-08-19 17:17:47,709 | INFO | apscheduler.executors.default | Running job "GameEngine.registration_watchdog (trigger: interval[0:00:05], next run at: 2026-08-19 12:17:52 UTC)" (scheduled at 2026-08-19 12:17:47.702445+00:00)
2026-08-19 17:17:47,715 | INFO | apscheduler.executors.default | Running job "GameEngine.send_pending_diamond_logs (trigger: interval[0:00:30], next run at: 2026-08-19 12:18:17 UTC)" (scheduled at 2026-08-19 12:17:47.708289+00:00)
2026-08-19 17:17:47,725 | INFO | apscheduler.executors.default | Job "GameEngine.registration_watchdog (trigger: interval[0:00:05], next run at: 2026-08-19 12:17:52 UTC)" executed successfully
2026-08-19 17:17:47,725 | INFO | apscheduler.executors.default | Job "GameEngine.send_pending_diamond_logs (trigger: interval[0:00:30], next run at: 2026-08-19 12:18:17 UTC)" executed successfully
2026-08-19 17:17:52,715 | INFO | apscheduler.executors.default | Running job "GameEngine.registration_watchdog (trigger: interval[0:00:05], next run at: 2026-08-19 12:17:57 UTC)" (scheduled at 2026-08-19 12:17:52.702445+00:00)
2026-08-19 17:17:52,721 | INFO | apscheduler.executors.default | Job "GameEngine.registration_watchdog (trigger: interval[0:00:05], next run at: 2026-08-19 12:17:57 UTC)" executed successfully
2026-08-19 17:17:57,722 | INFO | apscheduler.executors.default | Running job "GameEngine.registration_watchdog (trigger: interval[0:00:05], next run at: 2026-08-19 12:18:02 UTC)" (scheduled at 2026-08-19 12:17:57.702445+00:00)
2026-08-19 17:17:57,722 | INFO | apscheduler.executors.default | Job "GameEngine.registration_watchdog (trigger: interval[0:00:05], next run at: 2026-08-19 12:18:02 UTC)" executed successfully
2026-08-19 17:18:02,717 | INFO | apscheduler.executors.default | Running job "GameEngine.registration_watchdog (trigger: interval[0:00:05], next run at: 2026-08-19 12:18:07 UTC)" (scheduled at 2026-08-19 12:18:02.702445+00:00)
2026-08-19 17:18:02,724 | INFO | apscheduler.executors.default | Job "GameEngine.registration_watchdog (trigger: interval[0:00:05], next run at: 2026-08-19 12:18:07 UTC)" executed successfully
2026-08-19 17:18:07,710 | INFO | apscheduler.executors.default | Running job "GameEngine.registration_watchdog (trigger: interval[0:00:05], next run at: 2026-08-19 12:18:12 UTC)" (scheduled at 2026-08-19 12:18:07.702445+00:00)
2026-08-19 17:18:07,716 | INFO | apscheduler.executors.default | Job "GameEngine.registration_watchdog (trigger: interval[0:00:05], next run at: 2026-08-19 12:18:12 UTC)" executed successfully
2026-08-19 17:18:12,716 | INFO | apscheduler.executors.default | Running job "GameEngine.registration_watchdog (trigger: interval[0:00:05], next run at: 2026-08-19 12:18:17 UTC)" (scheduled at 2026-08-19 12:18:12.702445+00:00)
2026-08-19 17:18:12,722 | INFO | apscheduler.executors.default | Job "GameEngine.registration_watchdog (trigger: interval[0:00:05], next run at: 2026-08-19 12:18:17 UTC)" executed successfully
2026-08-19 17:18:15,849 | INFO | root | DEBUG_INCOMING Message from=8692634539 payload=/start@ProMafiyaBot
2026-08-19 17:18:16,056 | INFO | aiogram.event | Update id=466217289 is handled. Duration 217 ms by bot id=8894100649
2026-08-19 17:18:17,721 | INFO | apscheduler.executors.default | Running job "GameEngine.registration_watchdog (trigger: interval[0:00:05], next run at: 2026-08-19 12:18:22 UTC)" (scheduled at 2026-08-19 12:18:17.702445+00:00)
2026-08-19 17:18:17,721 | INFO | apscheduler.executors.default | Running job "GameEngine.send_pending_diamond_logs (trigger: interval[0:00:30], next run at: 2026-08-19 12:18:47 UTC)" (scheduled at 2026-08-19 12:18:17.708289+00:00)
2026-08-19 17:18:17,721 | INFO | apscheduler.executors.default | Running job "GameEngine.premium_reset_watchdog (trigger: interval[0:01:00], next run at: 2026-08-19 12:19:17 UTC)" (scheduled at 2026-08-19 12:18:17.708289+00:00)
2026-08-19 17:18:17,721 | INFO | apscheduler.executors.default | Job "GameEngine.registration_watchdog (trigger: interval[0:00:05], next run at: 2026-08-19 12:18:22 UTC)" executed successfully
2026-08-19 17:18:17,721 | INFO | apscheduler.executors.default | Job "GameEngine.premium_reset_watchdog (trigger: interval[0:01:00], next run at: 2026-08-19 12:19:17 UTC)" executed successfully
2026-08-19 17:18:17,737 | INFO | apscheduler.executors.default | Job "GameEngine.send_pending_diamond_logs (trigger: interval[0:00:30], next run at: 2026-08-19 12:18:47 UTC)" executed successfully
2026-08-19 17:18:22,713 | INFO | apscheduler.executors.default | Running job "GameEngine.registration_watchdog (trigger: interval[0:00:05], next run at: 2026-08-19 12:18:27 UTC)" (scheduled at 2026-08-19 12:18:22.702445+00:00)
2026-08-19 17:18:22,720 | INFO | apscheduler.executors.default | Job "GameEngine.registration_watchdog (trigger: interval[0:00:05], next run at: 2026-08-19 12:18:27 UTC)" executed successfully
2026-08-19 17:18:23,527 | INFO | root | DEBUG_INCOMING Message from=8692634539 payload=/game@ProMafiyaBot
2026-08-19 17:18:23,828 | INFO | aiogram.event | Update id=466217290 is handled. Duration 312 ms by bot id=8894100649
2026-08-19 17:18:27,702 | INFO | apscheduler.executors.default | Running job "GameEngine.registration_watchdog (trigger: interval[0:00:05], next run at: 2026-08-19 12:18:32 UTC)" (scheduled at 2026-08-19 12:18:27.702445+00:00)
2026-08-19 17:18:27,709 | INFO | apscheduler.executors.default | Job "GameEngine.registration_watchdog (trigger: interval[0:00:05], next run at: 2026-08-19 12:18:32 UTC)" executed successfully
2026-08-19 17:18:32,715 | INFO | apscheduler.executors.default | Running job "GameEngine.registration_watchdog (trigger: interval[0:00:05], next run at: 2026-08-19 12:18:37 UTC)" (scheduled at 2026-08-19 12:18:32.702445+00:00)
2026-08-19 17:18:32,721 | INFO | apscheduler.executors.default | Job "GameEngine.registration_watchdog (trigger: interval[0:00:05], next run at: 2026-08-19 12:18:37 UTC)" executed successfully
2026-08-19 17:18:37,721 | INFO | apscheduler.executors.default | Running job "GameEngine.registration_watchdog (trigger: interval[0:00:05], next run at: 2026-08-19 12:18:42 UTC)" (scheduled at 2026-08-19 12:18:37.702445+00:00)
2026-08-19 17:18:37,727 | INFO | apscheduler.executors.default | Job "GameEngine.registration_watchdog (trigger: interval[0:00:05], next run at: 2026-08-19 12:18:42 UTC)" executed successfully
2026-08-19 17:18:42,714 | INFO | apscheduler.executors.default | Running job "GameEngine.registration_watchdog (trigger: interval[0:00:05], next run at: 2026-08-19 12:18:47 UTC)" (scheduled at 2026-08-19 12:18:42.702445+00:00)
2026-08-19 17:18:42,720 | INFO | apscheduler.executors.default | Job "GameEngine.registration_watchdog (trigger: interval[0:00:05], next run at: 2026-08-19 12:18:47 UTC)" executed successfully
2026-08-19 17:18:47,720 | INFO | apscheduler.executors.default | Running job "GameEngine.registration_watchdog (trigger: interval[0:00:05], next run at: 2026-08-19 12:18:52 UTC)" (scheduled at 2026-08-19 12:18:47.702445+00:00)
2026-08-19 17:18:47,726 | INFO | apscheduler.executors.default | Running job "GameEngine.send_pending_diamond_logs (trigger: interval[0:00:30], next run at: 2026-08-19 12:19:17 UTC)" (scheduled at 2026-08-19 12:18:47.708289+00:00)
2026-08-19 17:18:47,726 | INFO | apscheduler.executors.default | Job "GameEngine.registration_watchdog (trigger: interval[0:00:05], next run at: 2026-08-19 12:18:52 UTC)" executed successfully
2026-08-19 17:18:47,740 | INFO | apscheduler.executors.default | Job "GameEngine.send_pending_diamond_logs (trigger: interval[0:00:30], next run at: 2026-08-19 12:19:17 UTC)" executed successfully
2026-08-19 17:18:50,256 | INFO | root | DEBUG_INCOMING Message from=8692634539 payload=@shxllvv
2026-08-19 17:18:50,287 | INFO | aiogram.event | Update id=466217291 is handled. Duration 30 ms by bot id=8894100649
2026-08-19 17:18:52,702 | INFO | apscheduler.executors.default | Running job "GameEngine.registration_watchdog (trigger: interval[0:00:05], next run at: 2026-08-19 12:18:57 UTC)" (scheduled at 2026-08-19 12:18:52.702445+00:00)
2026-08-19 17:18:52,718 | INFO | root | DEBUG_INCOMING Message from=8692634539 payload=@Zilow_0208
2026-08-19 17:18:52,718 | INFO | apscheduler.executors.default | Job "GameEngine.registration_watchdog (trigger: interval[0:00:05], next run at: 2026-08-19 12:18:57 UTC)" executed successfully
2026-08-19 17:18:52,734 | INFO | aiogram.event | Update id=466217292 is handled. Duration 31 ms by bot id=8894100649
2026-08-19 17:18:55,288 | INFO | root | DEBUG_INCOMING Message from=8692634539 payload=Aliyeva
2026-08-19 17:18:55,313 | INFO | aiogram.event | Update id=466217293 is handled. Duration 31 ms by bot id=8894100649
2026-08-19 17:18:57,716 | INFO | apscheduler.executors.default | Running job "GameEngine.registration_watchdog (trigger: interval[0:00:05], next run at: 2026-08-19 12:19:02 UTC)" (scheduled at 2026-08-19 12:18:57.702445+00:00)
2026-08-19 17:18:57,722 | INFO | apscheduler.executors.default | Job "GameEngine.registration_watchdog (trigger: interval[0:00:05], next run at: 2026-08-19 12:19:02 UTC)" executed successfully
2026-08-19 17:18:58,243 | INFO | root | DEBUG_INCOMING Message from=8692634539 payload=@Uktamjon_qizi
2026-08-19 17:18:58,258 | INFO | aiogram.event | Update id=466217294 is handled. Duration 15 ms by bot id=8894100649
2026-08-19 17:19:01,411 | INFO | root | DEBUG_INCOMING Message from=8692634539 payload=@ikramova_27
2026-08-19 17:19:01,434 | INFO | aiogram.event | Update id=466217295 is handled. Duration 31 ms by bot id=8894100649
2026-08-19 17:19:02,712 | INFO | apscheduler.executors.default | Running job "GameEngine.registration_watchdog (trigger: interval[0:00:05], next run at: 2026-08-19 12:19:07 UTC)" (scheduled at 2026-08-19 12:19:02.702445+00:00)
2026-08-19 17:19:02,720 | INFO | apscheduler.executors.default | Job "GameEngine.registration_watchdog (trigger: interval[0:00:05], next run at: 2026-08-19 12:19:07 UTC)" executed successfully
2026-08-19 17:19:07,711 | INFO | apscheduler.executors.default | Running job "GameEngine.registration_watchdog (trigger: interval[0:00:05], next run at: 2026-08-19 12:19:12 UTC)" (scheduled at 2026-08-19 12:19:07.702445+00:00)
2026-08-19 17:19:07,713 | INFO | apscheduler.executors.default | Job "GameEngine.registration_watchdog (trigger: interval[0:00:05], next run at: 2026-08-19 12:19:12 UTC)" executed successfully
2026-08-19 17:19:09,713 | INFO | root | DEBUG_INCOMING Message from=8692634539 payload=\U0001f498
2026-08-19 17:19:09,725 | INFO | aiogram.event | Update id=466217296 is handled. Duration 15 ms by bot id=8894100649
2026-08-19 17:19:12,710 | INFO | apscheduler.executors.default | Running job "GameEngine.registration_watchdog (trigger: interval[0:00:05], next run at: 2026-08-19 12:19:17 UTC)" (scheduled at 2026-08-19 12:19:12.702445+00:00)
2026-08-19 17:19:12,717 | INFO | apscheduler.executors.default | Job "GameEngine.registration_watchdog (trigger: interval[0:00:05], next run at: 2026-08-19 12:19:17 UTC)" executed successfully
2026-08-19 17:19:15,151 | INFO | root | DEBUG_INCOMING Message from=8692634539 payload=@admins utag
2026-08-19 17:19:15,168 | INFO | aiogram.event | Update id=466217297 is handled. Duration 30 ms by bot id=8894100649
2026-08-19 17:19:17,711 | INFO | apscheduler.executors.default | Running job "GameEngine.registration_watchdog (trigger: interval[0:00:05], next run at: 2026-08-19 12:19:22 UTC)" (scheduled at 2026-08-19 12:19:17.702445+00:00)
2026-08-19 17:19:17,718 | INFO | apscheduler.executors.default | Running job "GameEngine.send_pending_diamond_logs (trigger: interval[0:00:30], next run at: 2026-08-19 12:19:47 UTC)" (scheduled at 2026-08-19 12:19:17.708289+00:00)
2026-08-19 17:19:17,718 | INFO | apscheduler.executors.default | Running job "GameEngine.premium_reset_watchdog (trigger: interval[0:01:00], next run at: 2026-08-19 12:20:17 UTC)" (scheduled at 2026-08-19 12:19:17.708289+00:00)
2026-08-19 17:19:17,727 | INFO | apscheduler.executors.default | Job "GameEngine.registration_watchdog (trigger: interval[0:00:05], next run at: 2026-08-19 12:19:22 UTC)" executed successfully
2026-08-19 17:19:17,727 | INFO | apscheduler.executors.default | Job "GameEngine.premium_reset_watchdog (trigger: interval[0:01:00], next run at: 2026-08-19 12:20:17 UTC)" executed successfully
2026-08-19 17:19:17,727 | INFO | apscheduler.executors.default | Job "GameEngine.send_pending_diamond_logs (trigger: interval[0:00:30], next run at: 2026-08-19 12:19:47 UTC)" executed successfully
2026-08-19 17:19:19,022 | INFO | root | DEBUG_INCOMING Message from=8692634539 payload=@Wakh_696
2026-08-19 17:19:19,055 | INFO | aiogram.event | Update id=466217298 is handled. Duration 30 ms by bot id=8894100649
2026-08-19 17:19:22,714 | INFO | apscheduler.executors.default | Running job "GameEngine.registration_watchdog (trigger: interval[0:00:05], next run at: 2026-08-19 12:19:27 UTC)" (scheduled at 2026-08-19 12:19:22.702445+00:00)
2026-08-19 17:19:22,721 | INFO | apscheduler.executors.default | Job "GameEngine.registration_watchdog (trigger: interval[0:00:05], next run at: 2026-08-19 12:19:27 UTC)" executed successfully
2026-08-19 17:19:23,015 | INFO | root | DEBUG_INCOMING Message from=8692634539 payload=@mibdan_keldim
2026-08-19 17:19:23,039 | INFO | aiogram.event | Update id=466217299 is handled. Duration 15 ms by bot id=8894100649
2026-08-19 17:19:27,116 | INFO | root | DEBUG_INCOMING Message from=8692634539 payload=@Best_off10
2026-08-19 17:19:27,140 | INFO | aiogram.event | Update id=466217300 is handled. Duration 30 ms by bot id=8894100649
2026-08-19 17:19:27,709 | INFO | apscheduler.executors.default | Running job "GameEngine.registration_watchdog (trigger: interval[0:00:05], next run at: 2026-08-19 12:19:32 UTC)" (scheduled at 2026-08-19 12:19:27.702445+00:00)
2026-08-19 17:19:27,716 | INFO | apscheduler.executors.default | Job "GameEngine.registration_watchdog (trigger: interval[0:00:05], next run at: 2026-08-19 12:19:32 UTC)" executed successfully
2026-08-19 17:19:32,718 | INFO | apscheduler.executors.default | Running job "GameEngine.registration_watchdog (trigger: interval[0:00:05], next run at: 2026-08-19 12:19:37 UTC)" (scheduled at 2026-08-19 12:19:32.702445+00:00)
2026-08-19 17:19:32,724 | INFO | apscheduler.executors.default | Job "GameEngine.registration_watchdog (trigger: interval[0:00:05], next run at: 2026-08-19 12:19:37 UTC)" executed successfully
2026-08-19 17:19:33,471 | INFO | root | DEBUG_INCOMING Message from=8692634539 payload=@mibdan_keldim
2026-08-19 17:19:33,483 | INFO | aiogram.event | Update id=466217301 is handled. Duration 16 ms by bot id=8894100649
2026-08-19 17:19:36,746 | INFO | root | DEBUG_INCOMING Message from=8263830135 payload=/s@snutagbot
2026-08-19 17:19:36,947 | INFO | aiogram.event | Update id=466217302 is handled. Duration 202 ms by bot id=8894100649
2026-08-19 17:19:37,709 | INFO | apscheduler.executors.default | Running job "GameEngine.registration_watchdog (trigger: interval[0:00:05], next run at: 2026-08-19 12:19:42 UTC)" (scheduled at 2026-08-19 12:19:37.702445+00:00)
2026-08-19 17:19:37,720 | INFO | apscheduler.executors.default | Job "GameEngine.registration_watchdog (trigger: interval[0:00:05], next run at: 2026-08-19 12:19:42 UTC)" executed successfully
2026-08-19 17:19:38,481 | INFO | root | DEBUG_INCOMING Message from=8692634539 payload=@Shad0w_SSX
2026-08-19 17:19:38,513 | INFO | aiogram.event | Update id=466217303 is handled. Duration 30 ms by bot id=8894100649
2026-08-19 17:19:42,707 | INFO | apscheduler.executors.default | Running job "GameEngine.registration_watchdog (trigger: interval[0:00:05], next run at: 2026-08-19 12:19:47 UTC)" (scheduled at 2026-08-19 12:19:42.702445+00:00)
2026-08-19 17:19:42,713 | INFO | apscheduler.executors.default | Job "GameEngine.registration_watchdog (trigger: interval[0:00:05], next run at: 2026-08-19 12:19:47 UTC)" executed successfully
2026-08-19 17:19:42,787 | INFO | root | DEBUG_INCOMING Message from=8692634539 payload=@luvv_sami
2026-08-19 17:19:42,803 | INFO | aiogram.event | Update id=466217304 is handled. Duration 30 ms by bot id=8894100649
2026-08-19 17:19:47,593 | INFO | root | DEBUG_INCOMING Message from=8692634539 payload=@asror_amanovv
2026-08-19 17:19:47,623 | INFO | aiogram.event | Update id=466217305 is handled. Duration 32 ms by bot id=8894100649
2026-08-19 17:19:47,704 | INFO | apscheduler.executors.default | Running job "GameEngine.registration_watchdog (trigger: interval[0:00:05], next run at: 2026-08-19 12:19:52 UTC)" (scheduled at 2026-08-19 12:19:47.702445+00:00)
2026-08-19 17:19:47,704 | INFO | apscheduler.executors.default | Job "GameEngine.registration_watchdog (trigger: interval[0:00:05], next run at: 2026-08-19 12:19:52 UTC)" executed successfully
2026-08-19 17:19:47,720 | INFO | apscheduler.executors.default | Running job "GameEngine.send_pending_diamond_logs (trigger: interval[0:00:30], next run at: 2026-08-19 12:20:17 UTC)" (scheduled at 2026-08-19 12:19:47.708289+00:00)
2026-08-19 17:19:47,720 | INFO | apscheduler.executors.default | Job "GameEngine.send_pending_diamond_logs (trigger: interval[0:00:30], next run at: 2026-08-19 12:20:17 UTC)" executed successfully
2026-08-19 17:19:51,174 | INFO | root | DEBUG_INCOMING Message from=8692634539 payload=@marjonaaa_13
2026-08-19 17:19:51,205 | INFO | aiogram.event | Update id=466217306 is handled. Duration 32 ms by bot id=8894100649
2026-08-19 17:19:52,715 | INFO | apscheduler.executors.default | Running job "GameEngine.registration_watchdog (trigger: interval[0:00:05], next run at: 2026-08-19 12:19:57 UTC)" (scheduled at 2026-08-19 12:19:52.702445+00:00)
2026-08-19 17:19:52,721 | INFO | apscheduler.executors.default | Job "GameEngine.registration_watchdog (trigger: interval[0:00:05], next run at: 2026-08-19 12:19:57 UTC)" executed successfully
2026-08-19 17:19:54,973 | INFO | root | DEBUG_INCOMING Message from=8692634539 payload=@qzuumiiiiiie
2026-08-19 17:19:55,004 | INFO | aiogram.event | Update id=466217307 is handled. Duration 32 ms by bot id=8894100649
2026-08-19 17:19:57,717 | INFO | apscheduler.executors.default | Running job "GameEngine.registration_watchdog (trigger: interval[0:00:05], next run at: 2026-08-19 12:20:02 UTC)" (scheduled at 2026-08-19 12:19:57.702445+00:00)
2026-08-19 17:19:57,724 | INFO | apscheduler.executors.default | Job "GameEngine.registration_watchdog (trigger: interval[0:00:05], next run at: 2026-08-19 12:20:02 UTC)" executed successfully
2026-08-19 17:19:58,607 | INFO | root | DEBUG_INCOMING Message from=8692634539 payload=@Tohirov09
2026-08-19 17:19:58,622 | INFO | aiogram.event | Update id=466217308 is handled. Duration 15 ms by bot id=8894100649
2026-08-19 17:20:02,162 | INFO | root | DEBUG_INCOMING Message from=8692634539 payload=@Fakapono
2026-08-19 17:20:02,189 | INFO | aiogram.event | Update id=466217309 is handled. Duration 31 ms by bot id=8894100649
2026-08-19 17:20:02,717 | INFO | apscheduler.executors.default | Running job "GameEngine.registration_watchdog (trigger: interval[0:00:05], next run at: 2026-08-19 12:20:07 UTC)" (scheduled at 2026-08-19 12:20:02.702445+00:00)
2026-08-19 17:20:02,723 | INFO | apscheduler.executors.default | Job "GameEngine.registration_watchdog (trigger: interval[0:00:05], next run at: 2026-08-19 12:20:07 UTC)" executed successfully
2026-08-19 17:20:07,053 | INFO | root | DEBUG_INCOMING Message from=8692634539 payload=@Tohirov09
2026-08-19 17:20:07,081 | INFO | aiogram.event | Update id=466217310 is handled. Duration 32 ms by bot id=8894100649
2026-08-19 17:20:07,718 | INFO | apscheduler.executors.default | Running job "GameEngine.registration_watchdog (trigger: interval[0:00:05], next run at: 2026-08-19 12:20:12 UTC)" (scheduled at 2026-08-19 12:20:07.702445+00:00)
2026-08-19 17:20:07,724 | INFO | apscheduler.executors.default | Job "GameEngine.registration_watchdog (trigger: interval[0:00:05], next run at: 2026-08-19 12:20:12 UTC)" executed successfully
2026-08-19 17:20:11,563 | INFO | root | DEBUG_INCOMING Message from=8692634539 payload=@alshrvsss
2026-08-19 17:20:11,577 | INFO | aiogram.event | Update id=466217311 is handled. Duration 15 ms by bot id=8894100649
2026-08-19 17:20:12,706 | INFO | apscheduler.executors.default | Running job "GameEngine.registration_watchdog (trigger: interval[0:00:05], next run at: 2026-08-19 12:20:17 UTC)" (scheduled at 2026-08-19 12:20:12.702445+00:00)
2026-08-19 17:20:12,712 | INFO | apscheduler.executors.default | Job "GameEngine.registration_watchdog (trigger: interval[0:00:05], next run at: 2026-08-19 12:20:17 UTC)" executed successfully
2026-08-19 17:20:16,169 | INFO | root | DEBUG_INCOMING Message from=8692634539 payload=@AFA_69
2026-08-19 17:20:16,193 | INFO | aiogram.event | Update id=466217312 is handled. Duration 31 ms by bot id=8894100649
2026-08-19 17:20:17,714 | INFO | apscheduler.executors.default | Running job "GameEngine.registration_watchdog (trigger: interval[0:00:05], next run at: 2026-08-19 12:20:22 UTC)" (scheduled at 2026-08-19 12:20:17.702445+00:00)
2026-08-19 17:20:17,721 | INFO | apscheduler.executors.default | Running job "GameEngine.send_pending_diamond_logs (trigger: interval[0:00:30], next run at: 2026-08-19 12:20:47 UTC)" (scheduled at 2026-08-19 12:20:17.708289+00:00)
2026-08-19 17:20:17,721 | INFO | apscheduler.executors.default | Running job "GameEngine.premium_reset_watchdog (trigger: interval[0:01:00], next run at: 2026-08-19 12:21:17 UTC)" (scheduled at 2026-08-19 12:20:17.708289+00:00)
2026-08-19 17:20:17,730 | INFO | apscheduler.executors.default | Job "GameEngine.registration_watchdog (trigger: interval[0:00:05], next run at: 2026-08-19 12:20:22 UTC)" executed successfully
2026-08-19 17:20:17,730 | INFO | apscheduler.executors.default | Job "GameEngine.premium_reset_watchdog (trigger: interval[0:01:00], next run at: 2026-08-19 12:21:17 UTC)" executed successfully
2026-08-19 17:20:17,730 | INFO | apscheduler.executors.default | Job "GameEngine.send_pending_diamond_logs (trigger: interval[0:00:30], next run at: 2026-08-19 12:20:47 UTC)" executed successfully
2026-08-19 17:20:20,356 | INFO | root | DEBUG_INCOMING Message from=7994237871 payload=Keldim
2026-08-19 17:20:20,382 | INFO | aiogram.event | Update id=466217313 is handled. Duration 15 ms by bot id=8894100649
2026-08-19 17:20:22,725 | INFO | apscheduler.executors.default | Running job "GameEngine.registration_watchdog (trigger: interval[0:00:05], next run at: 2026-08-19 12:20:27 UTC)" (scheduled at 2026-08-19 12:20:22.702445+00:00)
2026-08-19 17:20:22,731 | INFO | apscheduler.executors.default | Job "GameEngine.registration_watchdog (trigger: interval[0:00:05], next run at: 2026-08-19 12:20:27 UTC)" executed successfully
2026-08-19 17:20:23,236 | INFO | root | DEBUG_INCOMING Message from=7350883190 payload=\u2639\ufe0f
2026-08-19 17:20:23,250 | INFO | aiogram.event | Update id=466217314 is handled. Duration 32 ms by bot id=8894100649
2026-08-19 17:20:26,305 | INFO | root | DEBUG_INCOMING Message from=8263830135 payload=/st@snutagbot
2026-08-19 17:20:26,506 | INFO | aiogram.event | Update id=466217315 is handled. Duration 204 ms by bot id=8894100649
2026-08-19 17:20:27,718 | INFO | apscheduler.executors.default | Running job "GameEngine.registration_watchdog (trigger: interval[0:00:05], next run at: 2026-08-19 12:20:32 UTC)" (scheduled at 2026-08-19 12:20:27.702445+00:00)
2026-08-19 17:20:27,725 | INFO | apscheduler.executors.default | Job "GameEngine.registration_watchdog (trigger: interval[0:00:05], next run at: 2026-08-19 12:20:32 UTC)" executed successfully
2026-08-19 17:20:28,254 | INFO | root | DEBUG_INCOMING Message from=8692634539 payload=/extend@ProMafiyaBot
2026-08-19 17:20:28,549 | INFO | aiogram.event | Update id=466217316 is handled. Duration 295 ms by bot id=8894100649
2026-08-19 17:20:28,970 | INFO | root | DEBUG_INCOMING Message from=8263830135 payload=St
2026-08-19 17:20:28,990 | INFO | aiogram.event | Update id=466217317 is handled. Duration 31 ms by bot id=8894100649
2026-08-19 17:20:30,310 | INFO | root | DEBUG_INCOMING Message from=8263830135 payload=3
2026-08-19 17:20:30,339 | INFO | aiogram.event | Update id=466217318 is handled. Duration 30 ms by bot id=8894100649
2026-08-19 17:20:31,325 | INFO | root | DEBUG_INCOMING Message from=8263830135 payload=2
2026-08-19 17:20:31,341 | INFO | aiogram.event | Update id=466217319 is handled. Duration 15 ms by bot id=8894100649
2026-08-19 17:20:32,497 | INFO | root | DEBUG_INCOMING Message from=8263830135 payload=1
2026-08-19 17:20:32,514 | INFO | aiogram.event | Update id=466217320 is handled. Duration 47 ms by bot id=8894100649
2026-08-19 17:20:32,703 | INFO | apscheduler.executors.default | Running job "GameEngine.registration_watchdog (trigger: interval[0:00:05], next run at: 2026-08-19 12:20:37 UTC)" (scheduled at 2026-08-19 12:20:32.702445+00:00)
2026-08-19 17:20:32,709 | INFO | apscheduler.executors.default | Job "GameEngine.registration_watchdog (trigger: interval[0:00:05], next run at: 2026-08-19 12:20:37 UTC)" executed successfully
2026-08-19 17:20:33,465 | INFO | root | DEBUG_INCOMING Message from=8692634539 payload=/game@ProMafiyaBot
2026-08-19 17:20:33,675 | INFO | aiogram.event | Update id=466217321 is handled. Duration 202 ms by bot id=8894100649
2026-08-19 17:20:33,684 | INFO | root | DEBUG_INCOMING Message from=8263830135 payload=0
2026-08-19 17:20:33,706 | INFO | aiogram.event | Update id=466217322 is handled. Duration 32 ms by bot id=8894100649
2026-08-19 17:20:37,708 | INFO | apscheduler.executors.default | Running job "GameEngine.registration_watchdog (trigger: interval[0:00:05], next run at: 2026-08-19 12:20:42 UTC)" (scheduled at 2026-08-19 12:20:37.702445+00:00)
2026-08-19 17:20:37,715 | INFO | apscheduler.executors.default | Job "GameEngine.registration_watchdog (trigger: interval[0:00:05], next run at: 2026-08-19 12:20:42 UTC)" executed successfully
2026-08-19 17:20:40,924 | INFO | root | DEBUG_INCOMING Message from=8263830135 payload=/start@Crocodile_Game_Bot
2026-08-19 17:20:41,142 | INFO | aiogram.event | Update id=466217323 is handled. Duration 219 ms by bot id=8894100649
2026-08-19 17:20:42,704 | INFO | apscheduler.executors.default | Running job "GameEngine.registration_watchdog (trigger: interval[0:00:05], next run at: 2026-08-19 12:20:47 UTC)" (scheduled at 2026-08-19 12:20:42.702445+00:00)
2026-08-19 17:20:42,711 | INFO | apscheduler.executors.default | Job "GameEngine.registration_watchdog (trigger: interval[0:00:05], next run at: 2026-08-19 12:20:47 UTC)" executed successfully
2026-08-19 17:20:47,717 | INFO | apscheduler.executors.default | Running job "GameEngine.registration_watchdog (trigger: interval[0:00:05], next run at: 2026-08-19 12:20:52 UTC)" (scheduled at 2026-08-19 12:20:47.702445+00:00)
2026-08-19 17:20:47,724 | INFO | apscheduler.executors.default | Running job "GameEngine.send_pending_diamond_logs (trigger: interval[0:00:30], next run at: 2026-08-19 12:21:17 UTC)" (scheduled at 2026-08-19 12:20:47.708289+00:00)
2026-08-19 17:20:47,724 | INFO | apscheduler.executors.default | Job "GameEngine.registration_watchdog (trigger: interval[0:00:05], next run at: 2026-08-19 12:20:52 UTC)" executed successfully
2026-08-19 17:20:47,733 | INFO | apscheduler.executors.default | Job "GameEngine.send_pending_diamond_logs (trigger: interval[0:00:30], next run at: 2026-08-19 12:21:17 UTC)" executed successfully
2026-08-19 17:20:52,715 | INFO | apscheduler.executors.default | Running job "GameEngine.registration_watchdog (trigger: interval[0:00:05], next run at: 2026-08-19 12:20:57 UTC)" (scheduled at 2026-08-19 12:20:52.702445+00:00)
2026-08-19 17:20:52,722 | INFO | apscheduler.executors.default | Job "GameEngine.registration_watchdog (trigger: interval[0:00:05], next run at: 2026-08-19 12:20:57 UTC)" executed successfully
2026-08-19 17:20:57,715 | INFO | apscheduler.executors.default | Running job "GameEngine.registration_watchdog (trigger: interval[0:00:05], next run at: 2026-08-19 12:21:02 UTC)" (scheduled at 2026-08-19 12:20:57.702445+00:00)
2026-08-19 17:20:57,722 | INFO | apscheduler.executors.default | Job "GameEngine.registration_watchdog (trigger: interval[0:00:05], next run at: 2026-08-19 12:21:02 UTC)" executed successfully
2026-08-19 17:21:02,712 | INFO | apscheduler.executors.default | Running job "GameEngine.registration_watchdog (trigger: interval[0:00:05], next run at: 2026-08-19 12:21:07 UTC)" (scheduled at 2026-08-19 12:21:02.702445+00:00)
2026-08-19 17:21:02,719 | INFO | apscheduler.executors.default | Job "GameEngine.registration_watchdog (trigger: interval[0:00:05], next run at: 2026-08-19 12:21:07 UTC)" executed successfully
2026-08-19 17:21:07,716 | INFO | apscheduler.executors.default | Running job "GameEngine.registration_watchdog (trigger: interval[0:00:05], next run at: 2026-08-19 12:21:12 UTC)" (scheduled at 2026-08-19 12:21:07.702445+00:00)
2026-08-19 17:21:07,723 | INFO | apscheduler.executors.default | Job "GameEngine.registration_watchdog (trigger: interval[0:00:05], next run at: 2026-08-19 12:21:12 UTC)" executed successfully
2026-08-19 17:21:12,717 | INFO | apscheduler.executors.default | Running job "GameEngine.registration_watchdog (trigger: interval[0:00:05], next run at: 2026-08-19 12:21:17 UTC)" (scheduled at 2026-08-19 12:21:12.702445+00:00)
2026-08-19 17:21:12,723 | INFO | apscheduler.executors.default | Job "GameEngine.registration_watchdog (trigger: interval[0:00:05], next run at: 2026-08-19 12:21:17 UTC)" executed successfully
2026-08-19 17:21:17,714 | INFO | apscheduler.executors.default | Running job "GameEngine.registration_watchdog (trigger: interval[0:00:05], next run at: 2026-08-19 12:21:22 UTC)" (scheduled at 2026-08-19 12:21:17.702445+00:00)
2026-08-19 17:21:17,720 | INFO | apscheduler.executors.default | Running job "GameEngine.send_pending_diamond_logs (trigger: interval[0:00:30], next run at: 2026-08-19 12:21:47 UTC)" (scheduled at 2026-08-19 12:21:17.708289+00:00)
2026-08-19 17:21:17,720 | INFO | apscheduler.executors.default | Running job "GameEngine.premium_reset_watchdog (trigger: interval[0:01:00], next run at: 2026-08-19 12:22:17 UTC)" (scheduled at 2026-08-19 12:21:17.708289+00:00)
2026-08-19 17:21:17,729 | INFO | apscheduler.executors.default | Job "GameEngine.registration_watchdog (trigger: interval[0:00:05], next run at: 2026-08-19 12:21:22 UTC)" executed successfully
2026-08-19 17:21:17,729 | INFO | apscheduler.executors.default | Job "GameEngine.premium_reset_watchdog (trigger: interval[0:01:00], next run at: 2026-08-19 12:22:17 UTC)" executed successfully
2026-08-19 17:21:17,729 | INFO | apscheduler.executors.default | Job "GameEngine.send_pending_diamond_logs (trigger: interval[0:00:30], next run at: 2026-08-19 12:21:47 UTC)" executed successfully
2026-08-19 17:21:22,706 | INFO | apscheduler.executors.default | Running job "GameEngine.registration_watchdog (trigger: interval[0:00:05], next run at: 2026-08-19 12:21:27 UTC)" (scheduled at 2026-08-19 12:21:22.702445+00:00)
2026-08-19 17:21:22,713 | INFO | apscheduler.executors.default | Job "GameEngine.registration_watchdog (trigger: interval[0:00:05], next run at: 2026-08-19 12:21:27 UTC)" executed successfully
2026-08-19 17:21:27,717 | INFO | apscheduler.executors.default | Running job "GameEngine.registration_watchdog (trigger: interval[0:00:05], next run at: 2026-08-19 12:21:32 UTC)" (scheduled at 2026-08-19 12:21:27.702445+00:00)
2026-08-19 17:21:27,723 | INFO | apscheduler.executors.default | Job "GameEngine.registration_watchdog (trigger: interval[0:00:05], next run at: 2026-08-19 12:21:32 UTC)" executed successfully
2026-08-19 17:21:32,726 | INFO | apscheduler.executors.default | Running job "GameEngine.registration_watchdog (trigger: interval[0:00:05], next run at: 2026-08-19 12:21:37 UTC)" (scheduled at 2026-08-19 12:21:32.702445+00:00)
2026-08-19 17:21:32,736 | INFO | apscheduler.executors.default | Job "GameEngine.registration_watchdog (trigger: interval[0:00:05], next run at: 2026-08-19 12:21:37 UTC)" executed successfully
2026-08-19 17:21:37,715 | INFO | apscheduler.executors.default | Running job "GameEngine.registration_watchdog (trigger: interval[0:00:05], next run at: 2026-08-19 12:21:42 UTC)" (scheduled at 2026-08-19 12:21:37.702445+00:00)
2026-08-19 17:21:37,722 | INFO | apscheduler.executors.default | Job "GameEngine.registration_watchdog (trigger: interval[0:00:05], next run at: 2026-08-19 12:21:42 UTC)" executed successfully
2026-08-19 17:21:42,727 | INFO | apscheduler.executors.default | Running job "GameEngine.registration_watchdog (trigger: interval[0:00:05], next run at: 2026-08-19 12:21:47 UTC)" (scheduled at 2026-08-19 12:21:42.702445+00:00)
2026-08-19 17:21:42,734 | INFO | apscheduler.executors.default | Job "GameEngine.registration_watchdog (trigger: interval[0:00:05], next run at: 2026-08-19 12:21:47 UTC)" executed successfully
2026-08-19 17:21:47,703 | INFO | apscheduler.executors.default | Running job "GameEngine.registration_watchdog (trigger: interval[0:00:05], next run at: 2026-08-19 12:21:52 UTC)" (scheduled at 2026-08-19 12:21:47.702445+00:00)
2026-08-19 17:21:47,713 | INFO | apscheduler.executors.default | Running job "GameEngine.send_pending_diamond_logs (trigger: interval[0:00:30], next run at: 2026-08-19 12:22:17 UTC)" (scheduled at 2026-08-19 12:21:47.708289+00:00)
2026-08-19 17:21:47,719 | INFO | apscheduler.executors.default | Job "GameEngine.registration_watchdog (trigger: interval[0:00:05], next run at: 2026-08-19 12:21:52 UTC)" executed successfully
2026-08-19 17:21:47,719 | INFO | apscheduler.executors.default | Job "GameEngine.send_pending_diamond_logs (trigger: interval[0:00:30], next run at: 2026-08-19 12:22:17 UTC)" executed successfully
2026-08-19 17:21:52,705 | INFO | apscheduler.executors.default | Running job "GameEngine.registration_watchdog (trigger: interval[0:00:05], next run at: 2026-08-19 12:21:57 UTC)" (scheduled at 2026-08-19 12:21:52.702445+00:00)
2026-08-19 17:21:52,711 | INFO | apscheduler.executors.default | Job "GameEngine.registration_watchdog (trigger: interval[0:00:05], next run at: 2026-08-19 12:21:57 UTC)" executed successfully
2026-08-19 17:21:57,719 | INFO | apscheduler.executors.default | Running job "GameEngine.registration_watchdog (trigger: interval[0:00:05], next run at: 2026-08-19 12:22:02 UTC)" (scheduled at 2026-08-19 12:21:57.702445+00:00)
2026-08-19 17:21:57,726 | INFO | apscheduler.executors.default | Job "GameEngine.registration_watchdog (trigger: interval[0:00:05], next run at: 2026-08-19 12:22:02 UTC)" executed successfully
2026-08-19 17:22:02,710 | INFO | apscheduler.executors.default | Running job "GameEngine.registration_watchdog (trigger: interval[0:00:05], next run at: 2026-08-19 12:22:07 UTC)" (scheduled at 2026-08-19 12:22:02.702445+00:00)
2026-08-19 17:22:02,717 | INFO | apscheduler.executors.default | Job "GameEngine.registration_watchdog (trigger: interval[0:00:05], next run at: 2026-08-19 12:22:07 UTC)" executed successfully
2026-08-19 17:22:07,704 | INFO | apscheduler.executors.default | Running job "GameEngine.registration_watchdog (trigger: interval[0:00:05], next run at: 2026-08-19 12:22:12 UTC)" (scheduled at 2026-08-19 12:22:07.702445+00:00)
2026-08-19 17:22:07,713 | INFO | apscheduler.executors.default | Job "GameEngine.registration_watchdog (trigger: interval[0:00:05], next run at: 2026-08-19 12:22:12 UTC)" executed successfully
2026-08-19 17:22:08,606 | INFO | root | DEBUG_INCOMING Message from=7526403539 payload=Qotdimi
2026-08-19 17:22:08,628 | INFO | aiogram.event | Update id=466217324 is handled. Duration 32 ms by bot id=8894100649
2026-08-19 17:22:12,709 | INFO | apscheduler.executors.default | Running job "GameEngine.registration_watchdog (trigger: interval[0:00:05], next run at: 2026-08-19 12:22:17 UTC)" (scheduled at 2026-08-19 12:22:12.702445+00:00)
2026-08-19 17:22:12,715 | INFO | apscheduler.executors.default | Job "GameEngine.registration_watchdog (trigger: interval[0:00:05], next run at: 2026-08-19 12:22:17 UTC)" executed successfully
2026-08-19 17:22:17,412 | INFO | root | DEBUG_INCOMING Message from=7526403539 payload=Sevgi
2026-08-19 17:22:17,427 | INFO | aiogram.event | Update id=466217325 is handled. Duration 30 ms by bot id=8894100649
2026-08-19 17:22:17,718 | INFO | apscheduler.executors.default | Running job "GameEngine.registration_watchdog (trigger: interval[0:00:05], next run at: 2026-08-19 12:22:22 UTC)" (scheduled at 2026-08-19 12:22:17.702445+00:00)
2026-08-19 17:22:17,725 | INFO | apscheduler.executors.default | Running job "GameEngine.send_pending_diamond_logs (trigger: interval[0:00:30], next run at: 2026-08-19 12:22:47 UTC)" (scheduled at 2026-08-19 12:22:17.708289+00:00)
2026-08-19 17:22:17,725 | INFO | apscheduler.executors.default | Running job "GameEngine.premium_reset_watchdog (trigger: interval[0:01:00], next run at: 2026-08-19 12:23:17 UTC)" (scheduled at 2026-08-19 12:22:17.708289+00:00)
2026-08-19 17:22:17,734 | INFO | apscheduler.executors.default | Job "GameEngine.registration_watchdog (trigger: interval[0:00:05], next run at: 2026-08-19 12:22:22 UTC)" executed successfully
2026-08-19 17:22:17,734 | INFO | apscheduler.executors.default | Job "GameEngine.premium_reset_watchdog (trigger: interval[0:01:00], next run at: 2026-08-19 12:23:17 UTC)" executed successfully
2026-08-19 17:22:17,734 | INFO | apscheduler.executors.default | Job "GameEngine.send_pending_diamond_logs (trigger: interval[0:00:30], next run at: 2026-08-19 12:22:47 UTC)" executed successfully
2026-08-19 17:22:22,707 | INFO | apscheduler.executors.default | Running job "GameEngine.registration_watchdog (trigger: interval[0:00:05], next run at: 2026-08-19 12:22:27 UTC)" (scheduled at 2026-08-19 12:22:22.702445+00:00)
2026-08-19 17:22:22,708 | INFO | apscheduler.executors.default | Job "GameEngine.registration_watchdog (trigger: interval[0:00:05], next run at: 2026-08-19 12:22:27 UTC)" executed successfully
2026-08-19 17:22:27,720 | INFO | apscheduler.executors.default | Running job "GameEngine.registration_watchdog (trigger: interval[0:00:05], next run at: 2026-08-19 12:22:32 UTC)" (scheduled at 2026-08-19 12:22:27.702445+00:00)
2026-08-19 17:22:27,726 | INFO | apscheduler.executors.default | Job "GameEngine.registration_watchdog (trigger: interval[0:00:05], next run at: 2026-08-19 12:22:32 UTC)" executed successfully
2026-08-19 17:22:32,709 | INFO | apscheduler.executors.default | Running job "GameEngine.registration_watchdog (trigger: interval[0:00:05], next run at: 2026-08-19 12:22:37 UTC)" (scheduled at 2026-08-19 12:22:32.702445+00:00)
2026-08-19 17:22:32,716 | INFO | apscheduler.executors.default | Job "GameEngine.registration_watchdog (trigger: interval[0:00:05], next run at: 2026-08-19 12:22:37 UTC)" executed successfully
2026-08-19 17:22:37,706 | INFO | apscheduler.executors.default | Running job "GameEngine.registration_watchdog (trigger: interval[0:00:05], next run at: 2026-08-19 12:22:42 UTC)" (scheduled at 2026-08-19 12:22:37.702445+00:00)
2026-08-19 17:22:37,709 | INFO | apscheduler.executors.default | Job "GameEngine.registration_watchdog (trigger: interval[0:00:05], next run at: 2026-08-19 12:22:42 UTC)" executed successfully
2026-08-19 17:22:42,717 | INFO | apscheduler.executors.default | Running job "GameEngine.registration_watchdog (trigger: interval[0:00:05], next run at: 2026-08-19 12:22:47 UTC)" (scheduled at 2026-08-19 12:22:42.702445+00:00)
2026-08-19 17:22:42,723 | INFO | apscheduler.executors.default | Job "GameEngine.registration_watchdog (trigger: interval[0:00:05], next run at: 2026-08-19 12:22:47 UTC)" executed successfully
2026-08-19 17:22:47,721 | INFO | apscheduler.executors.default | Running job "GameEngine.registration_watchdog (trigger: interval[0:00:05], next run at: 2026-08-19 12:22:52 UTC)" (scheduled at 2026-08-19 12:22:47.702445+00:00)
2026-08-19 17:22:47,728 | INFO | apscheduler.executors.default | Running job "GameEngine.send_pending_diamond_logs (trigger: interval[0:00:30], next run at: 2026-08-19 12:23:17 UTC)" (scheduled at 2026-08-19 12:22:47.708289+00:00)
2026-08-19 17:22:47,737 | INFO | apscheduler.executors.default | Job "GameEngine.registration_watchdog (trigger: interval[0:00:05], next run at: 2026-08-19 12:22:52 UTC)" executed successfully
2026-08-19 17:22:47,737 | INFO | apscheduler.executors.default | Job "GameEngine.send_pending_diamond_logs (trigger: interval[0:00:30], next run at: 2026-08-19 12:23:17 UTC)" executed successfully
2026-08-19 17:22:52,709 | INFO | apscheduler.executors.default | Running job "GameEngine.registration_watchdog (trigger: interval[0:00:05], next run at: 2026-08-19 12:22:57 UTC)" (scheduled at 2026-08-19 12:22:52.702445+00:00)
2026-08-19 17:22:52,709 | INFO | apscheduler.executors.default | Job "GameEngine.registration_watchdog (trigger: interval[0:00:05], next run at: 2026-08-19 12:22:57 UTC)" executed successfully
2026-08-19 17:22:57,719 | INFO | apscheduler.executors.default | Running job "GameEngine.registration_watchdog (trigger: interval[0:00:05], next run at: 2026-08-19 12:23:02 UTC)" (scheduled at 2026-08-19 12:22:57.702445+00:00)
2026-08-19 17:22:57,725 | INFO | apscheduler.executors.default | Job "GameEngine.registration_watchdog (trigger: interval[0:00:05], next run at: 2026-08-19 12:23:02 UTC)" executed successfully
2026-08-19 17:23:02,647 | INFO | root | DEBUG_INCOMING Message from=7526403539 payload=Kom info bern
2026-08-19 17:23:02,723 | INFO | apscheduler.executors.default | Running job "GameEngine.registration_watchdog (trigger: interval[0:00:05], next run at: 2026-08-19 12:23:07 UTC)" (scheduled at 2026-08-19 12:23:02.702445+00:00)
2026-08-19 17:23:02,771 | INFO | apscheduler.executors.default | Job "GameEngine.registration_watchdog (trigger: interval[0:00:05], next run at: 2026-08-19 12:23:07 UTC)" executed successfully
2026-08-19 17:23:02,771 | INFO | aiogram.event | Update id=466217326 is handled. Duration 125 ms by bot id=8894100649
2026-08-19 17:23:06,356 | INFO | root | DEBUG_INCOMING Message from=7526403539 payload=Km kom
2026-08-19 17:23:06,372 | INFO | aiogram.event | Update id=466217327 is handled. Duration 15 ms by bot id=8894100649
2026-08-19 17:23:07,706 | INFO | apscheduler.executors.default | Running job "GameEngine.registration_watchdog (trigger: interval[0:00:05], next run at: 2026-08-19 12:23:12 UTC)" (scheduled at 2026-08-19 12:23:07.702445+00:00)
2026-08-19 17:23:07,712 | INFO | apscheduler.executors.default | Job "GameEngine.registration_watchdog (trigger: interval[0:00:05], next run at: 2026-08-19 12:23:12 UTC)" executed successfully
2026-08-19 17:23:12,711 | INFO | apscheduler.executors.default | Running job "GameEngine.registration_watchdog (trigger: interval[0:00:05], next run at: 2026-08-19 12:23:17 UTC)" (scheduled at 2026-08-19 12:23:12.702445+00:00)
2026-08-19 17:23:12,719 | INFO | apscheduler.executors.default | Job "GameEngine.registration_watchdog (trigger: interval[0:00:05], next run at: 2026-08-19 12:23:17 UTC)" executed successfully
2026-08-19 17:23:17,713 | INFO | apscheduler.executors.default | Running job "GameEngine.registration_watchdog (trigger: interval[0:00:05], next run at: 2026-08-19 12:23:22 UTC)" (scheduled at 2026-08-19 12:23:17.702445+00:00)
2026-08-19 17:23:17,720 | INFO | apscheduler.executors.default | Running job "GameEngine.send_pending_diamond_logs (trigger: interval[0:00:30], next run at: 2026-08-19 12:23:47 UTC)" (scheduled at 2026-08-19 12:23:17.708289+00:00)
2026-08-19 17:23:17,720 | INFO | apscheduler.executors.default | Running job "GameEngine.premium_reset_watchdog (trigger: interval[0:01:00], next run at: 2026-08-19 12:24:17 UTC)" (scheduled at 2026-08-19 12:23:17.708289+00:00)
2026-08-19 17:23:17,729 | INFO | apscheduler.executors.default | Job "GameEngine.registration_watchdog (trigger: interval[0:00:05], next run at: 2026-08-19 12:23:22 UTC)" executed successfully
2026-08-19 17:23:17,729 | INFO | apscheduler.executors.default | Job "GameEngine.premium_reset_watchdog (trigger: interval[0:01:00], next run at: 2026-08-19 12:24:17 UTC)" executed successfully
2026-08-19 17:23:17,729 | INFO | apscheduler.executors.default | Job "GameEngine.send_pending_diamond_logs (trigger: interval[0:00:30], next run at: 2026-08-19 12:23:47 UTC)" executed successfully
2026-08-19 17:23:20,902 | INFO | root | DEBUG_INCOMING Message from=8263830135 payload=Ma tnc
2026-08-19 17:23:20,910 | INFO | aiogram.event | Update id=466217328 is handled. Duration 15 ms by bot id=8894100649
2026-08-19 17:23:22,708 | INFO | apscheduler.executors.default | Running job "GameEngine.registration_watchdog (trigger: interval[0:00:05], next run at: 2026-08-19 12:23:27 UTC)" (scheduled at 2026-08-19 12:23:22.702445+00:00)
2026-08-19 17:23:22,708 | INFO | apscheduler.executors.default | Job "GameEngine.registration_watchdog (trigger: interval[0:00:05], next run at: 2026-08-19 12:23:27 UTC)" executed successfully
2026-08-19 17:23:27,705 | INFO | apscheduler.executors.default | Running job "GameEngine.registration_watchdog (trigger: interval[0:00:05], next run at: 2026-08-19 12:23:32 UTC)" (scheduled at 2026-08-19 12:23:27.702445+00:00)
2026-08-19 17:23:27,711 | INFO | apscheduler.executors.default | Job "GameEngine.registration_watchdog (trigger: interval[0:00:05], next run at: 2026-08-19 12:23:32 UTC)" executed successfully
2026-08-19 17:23:32,718 | INFO | apscheduler.executors.default | Running job "GameEngine.registration_watchdog (trigger: interval[0:00:05], next run at: 2026-08-19 12:23:37 UTC)" (scheduled at 2026-08-19 12:23:32.702445+00:00)
2026-08-19 17:23:32,725 | INFO | apscheduler.executors.default | Job "GameEngine.registration_watchdog (trigger: interval[0:00:05], next run at: 2026-08-19 12:23:37 UTC)" executed successfully
2026-08-19 17:23:34,155 | INFO | root | DEBUG_INCOMING Message from=8263830135 payload=Don taxmn
2026-08-19 17:23:34,180 | INFO | aiogram.event | Update id=466217329 is handled. Duration 15 ms by bot id=8894100649
2026-08-19 17:23:37,725 | INFO | apscheduler.executors.default | Running job "GameEngine.registration_watchdog (trigger: interval[0:00:05], next run at: 2026-08-19 12:23:42 UTC)" (scheduled at 2026-08-19 12:23:37.702445+00:00)
2026-08-19 17:23:37,732 | INFO | apscheduler.executors.default | Job "GameEngine.registration_watchdog (trigger: interval[0:00:05], next run at: 2026-08-19 12:23:42 UTC)" executed successfully
2026-08-19 17:23:41,144 | INFO | root | DEBUG_INCOMING Message from=7601257532 payload=\U0001f602\U0001f602\U0001f602\U0001f602\U0001f602\U0001f602\U0001f602\U0001f923
2026-08-19 17:23:41,158 | INFO | aiogram.event | Update id=466217330 is handled. Duration 15 ms by bot id=8894100649
2026-08-19 17:23:42,710 | INFO | apscheduler.executors.default | Running job "GameEngine.registration_watchdog (trigger: interval[0:00:05], next run at: 2026-08-19 12:23:47 UTC)" (scheduled at 2026-08-19 12:23:42.702445+00:00)
2026-08-19 17:23:42,716 | INFO | apscheduler.executors.default | Job "GameEngine.registration_watchdog (trigger: interval[0:00:05], next run at: 2026-08-19 12:23:47 UTC)" executed successfully
2026-08-19 17:23:47,715 | INFO | apscheduler.executors.default | Running job "GameEngine.registration_watchdog (trigger: interval[0:00:05], next run at: 2026-08-19 12:23:52 UTC)" (scheduled at 2026-08-19 12:23:47.702445+00:00)
2026-08-19 17:23:47,721 | INFO | apscheduler.executors.default | Running job "GameEngine.send_pending_diamond_logs (trigger: interval[0:00:30], next run at: 2026-08-19 12:24:17 UTC)" (scheduled at 2026-08-19 12:23:47.708289+00:00)
2026-08-19 17:23:47,731 | INFO | apscheduler.executors.default | Job "GameEngine.registration_watchdog (trigger: interval[0:00:05], next run at: 2026-08-19 12:23:52 UTC)" executed successfully
2026-08-19 17:23:47,731 | INFO | apscheduler.executors.default | Job "GameEngine.send_pending_diamond_logs (trigger: interval[0:00:30], next run at: 2026-08-19 12:24:17 UTC)" executed successfully
2026-08-19 17:23:52,722 | INFO | apscheduler.executors.default | Running job "GameEngine.registration_watchdog (trigger: interval[0:00:05], next run at: 2026-08-19 12:23:57 UTC)" (scheduled at 2026-08-19 12:23:52.702445+00:00)
2026-08-19 17:23:52,729 | INFO | apscheduler.executors.default | Job "GameEngine.registration_watchdog (trigger: interval[0:00:05], next run at: 2026-08-19 12:23:57 UTC)" executed successfully
2026-08-19 17:23:57,718 | INFO | apscheduler.executors.default | Running job "GameEngine.registration_watchdog (trigger: interval[0:00:05], next run at: 2026-08-19 12:24:02 UTC)" (scheduled at 2026-08-19 12:23:57.702445+00:00)
2026-08-19 17:23:57,725 | INFO | apscheduler.executors.default | Job "GameEngine.registration_watchdog (trigger: interval[0:00:05], next run at: 2026-08-19 12:24:02 UTC)" executed successfully
2026-08-19 17:24:02,721 | INFO | apscheduler.executors.default | Running job "GameEngine.registration_watchdog (trigger: interval[0:00:05], next run at: 2026-08-19 12:24:07 UTC)" (scheduled at 2026-08-19 12:24:02.702445+00:00)
2026-08-19 17:24:02,727 | INFO | apscheduler.executors.default | Job "GameEngine.registration_watchdog (trigger: interval[0:00:05], next run at: 2026-08-19 12:24:07 UTC)" executed successfully
2026-08-19 17:24:07,708 | INFO | apscheduler.executors.default | Running job "GameEngine.registration_watchdog (trigger: interval[0:00:05], next run at: 2026-08-19 12:24:12 UTC)" (scheduled at 2026-08-19 12:24:07.702445+00:00)
2026-08-19 17:24:07,715 | INFO | apscheduler.executors.default | Job "GameEngine.registration_watchdog (trigger: interval[0:00:05], next run at: 2026-08-19 12:24:12 UTC)" executed successfully
2026-08-19 17:24:12,714 | INFO | apscheduler.executors.default | Running job "GameEngine.registration_watchdog (trigger: interval[0:00:05], next run at: 2026-08-19 12:24:17 UTC)" (scheduled at 2026-08-19 12:24:12.702445+00:00)
2026-08-19 17:24:12,721 | INFO | apscheduler.executors.default | Job "GameEngine.registration_watchdog (trigger: interval[0:00:05], next run at: 2026-08-19 12:24:17 UTC)" executed successfully
2026-08-19 17:24:17,712 | INFO | apscheduler.executors.default | Running job "GameEngine.registration_watchdog (trigger: interval[0:00:05], next run at: 2026-08-19 12:24:22 UTC)" (scheduled at 2026-08-19 12:24:17.702445+00:00)
2026-08-19 17:24:17,719 | INFO | apscheduler.executors.default | Running job "GameEngine.send_pending_diamond_logs (trigger: interval[0:00:30], next run at: 2026-08-19 12:24:47 UTC)" (scheduled at 2026-08-19 12:24:17.708289+00:00)
2026-08-19 17:24:17,719 | INFO | apscheduler.executors.default | Running job "GameEngine.premium_reset_watchdog (trigger: interval[0:01:00], next run at: 2026-08-19 12:25:17 UTC)" (scheduled at 2026-08-19 12:24:17.708289+00:00)
2026-08-19 17:24:17,728 | INFO | apscheduler.executors.default | Job "GameEngine.registration_watchdog (trigger: interval[0:00:05], next run at: 2026-08-19 12:24:22 UTC)" executed successfully
2026-08-19 17:24:17,728 | INFO | apscheduler.executors.default | Job "GameEngine.premium_reset_watchdog (trigger: interval[0:01:00], next run at: 2026-08-19 12:25:17 UTC)" executed successfully
2026-08-19 17:24:17,728 | INFO | apscheduler.executors.default | Job "GameEngine.send_pending_diamond_logs (trigger: interval[0:00:30], next run at: 2026-08-19 12:24:47 UTC)" executed successfully
2026-08-19 17:24:22,718 | INFO | apscheduler.executors.default | Running job "GameEngine.registration_watchdog (trigger: interval[0:00:05], next run at: 2026-08-19 12:24:27 UTC)" (scheduled at 2026-08-19 12:24:22.702445+00:00)
2026-08-19 17:24:22,724 | INFO | apscheduler.executors.default | Job "GameEngine.registration_watchdog (trigger: interval[0:00:05], next run at: 2026-08-19 12:24:27 UTC)" executed successfully
2026-08-19 17:24:27,713 | INFO | apscheduler.executors.default | Running job "GameEngine.registration_watchdog (trigger: interval[0:00:05], next run at: 2026-08-19 12:24:32 UTC)" (scheduled at 2026-08-19 12:24:27.702445+00:00)
2026-08-19 17:24:27,720 | INFO | apscheduler.executors.default | Job "GameEngine.registration_watchdog (trigger: interval[0:00:05], next run at: 2026-08-19 12:24:32 UTC)" executed successfully
2026-08-19 17:24:32,710 | INFO | apscheduler.executors.default | Running job "GameEngine.registration_watchdog (trigger: interval[0:00:05], next run at: 2026-08-19 12:24:37 UTC)" (scheduled at 2026-08-19 12:24:32.702445+00:00)
2026-08-19 17:24:32,717 | INFO | apscheduler.executors.default | Job "GameEngine.registration_watchdog (trigger: interval[0:00:05], next run at: 2026-08-19 12:24:37 UTC)" executed successfully
2026-08-19 17:24:37,707 | INFO | apscheduler.executors.default | Running job "GameEngine.registration_watchdog (trigger: interval[0:00:05], next run at: 2026-08-19 12:24:42 UTC)" (scheduled at 2026-08-19 12:24:37.702445+00:00)
2026-08-19 17:24:37,714 | INFO | apscheduler.executors.default | Job "GameEngine.registration_watchdog (trigger: interval[0:00:05], next run at: 2026-08-19 12:24:42 UTC)" executed successfully
2026-08-19 17:24:42,703 | INFO | apscheduler.executors.default | Running job "GameEngine.registration_watchdog (trigger: interval[0:00:05], next run at: 2026-08-19 12:24:47 UTC)" (scheduled at 2026-08-19 12:24:42.702445+00:00)
2026-08-19 17:24:42,710 | INFO | apscheduler.executors.default | Job "GameEngine.registration_watchdog (trigger: interval[0:00:05], next run at: 2026-08-19 12:24:47 UTC)" executed successfully
2026-08-19 17:24:47,719 | INFO | apscheduler.executors.default | Running job "GameEngine.registration_watchdog (trigger: interval[0:00:05], next run at: 2026-08-19 12:24:52 UTC)" (scheduled at 2026-08-19 12:24:47.702445+00:00)
2026-08-19 17:24:47,726 | INFO | apscheduler.executors.default | Running job "GameEngine.send_pending_diamond_logs (trigger: interval[0:00:30], next run at: 2026-08-19 12:25:17 UTC)" (scheduled at 2026-08-19 12:24:47.708289+00:00)
2026-08-19 17:24:47,735 | INFO | apscheduler.executors.default | Job "GameEngine.registration_watchdog (trigger: interval[0:00:05], next run at: 2026-08-19 12:24:52 UTC)" executed successfully
2026-08-19 17:24:47,735 | INFO | apscheduler.executors.default | Job "GameEngine.send_pending_diamond_logs (trigger: interval[0:00:30], next run at: 2026-08-19 12:25:17 UTC)" executed successfully
2026-08-19 17:24:52,702 | INFO | apscheduler.executors.default | Running job "GameEngine.registration_watchdog (trigger: interval[0:00:05], next run at: 2026-08-19 12:24:57 UTC)" (scheduled at 2026-08-19 12:24:52.702445+00:00)
2026-08-19 17:24:52,702 | INFO | apscheduler.executors.default | Job "GameEngine.registration_watchdog (trigger: interval[0:00:05], next run at: 2026-08-19 12:24:57 UTC)" executed successfully
2026-08-19 17:24:57,715 | INFO | apscheduler.executors.default | Running job "GameEngine.registration_watchdog (trigger: interval[0:00:05], next run at: 2026-08-19 12:25:02 UTC)" (scheduled at 2026-08-19 12:24:57.702445+00:00)
2026-08-19 17:24:57,722 | INFO | apscheduler.executors.default | Job "GameEngine.registration_watchdog (trigger: interval[0:00:05], next run at: 2026-08-19 12:25:02 UTC)" executed successfully
2026-08-19 17:25:02,714 | INFO | apscheduler.executors.default | Running job "GameEngine.registration_watchdog (trigger: interval[0:00:05], next run at: 2026-08-19 12:25:07 UTC)" (scheduled at 2026-08-19 12:25:02.702445+00:00)
2026-08-19 17:25:02,720 | INFO | apscheduler.executors.default | Job "GameEngine.registration_watchdog (trigger: interval[0:00:05], next run at: 2026-08-19 12:25:07 UTC)" executed successfully
2026-08-19 17:25:07,712 | INFO | apscheduler.executors.default | Running job "GameEngine.registration_watchdog (trigger: interval[0:00:05], next run at: 2026-08-19 12:25:12 UTC)" (scheduled at 2026-08-19 12:25:07.702445+00:00)
2026-08-19 17:25:07,719 | INFO | apscheduler.executors.default | Job "GameEngine.registration_watchdog (trigger: interval[0:00:05], next run at: 2026-08-19 12:25:12 UTC)" executed successfully
2026-08-19 17:25:12,714 | INFO | apscheduler.executors.default | Running job "GameEngine.registration_watchdog (trigger: interval[0:00:05], next run at: 2026-08-19 12:25:17 UTC)" (scheduled at 2026-08-19 12:25:12.702445+00:00)
2026-08-19 17:25:12,720 | INFO | apscheduler.executors.default | Job "GameEngine.registration_watchdog (trigger: interval[0:00:05], next run at: 2026-08-19 12:25:17 UTC)" executed successfully
2026-08-19 17:25:17,708 | INFO | apscheduler.executors.default | Running job "GameEngine.registration_watchdog (trigger: interval[0:00:05], next run at: 2026-08-19 12:25:22 UTC)" (scheduled at 2026-08-19 12:25:17.702445+00:00)
2026-08-19 17:25:17,715 | INFO | apscheduler.executors.default | Running job "GameEngine.send_pending_diamond_logs (trigger: interval[0:00:30], next run at: 2026-08-19 12:25:47 UTC)" (scheduled at 2026-08-19 12:25:17.708289+00:00)
2026-08-19 17:25:17,715 | INFO | apscheduler.executors.default | Running job "GameEngine.premium_reset_watchdog (trigger: interval[0:01:00], next run at: 2026-08-19 12:26:17 UTC)" (scheduled at 2026-08-19 12:25:17.708289+00:00)
2026-08-19 17:25:17,724 | INFO | apscheduler.executors.default | Job "GameEngine.registration_watchdog (trigger: interval[0:00:05], next run at: 2026-08-19 12:25:22 UTC)" executed successfully
2026-08-19 17:25:17,724 | INFO | apscheduler.executors.default | Job "GameEngine.premium_reset_watchdog (trigger: interval[0:01:00], next run at: 2026-08-19 12:26:17 UTC)" executed successfully
2026-08-19 17:25:17,724 | INFO | apscheduler.executors.default | Job "GameEngine.send_pending_diamond_logs (trigger: interval[0:00:30], next run at: 2026-08-19 12:25:47 UTC)" executed successfully
2026-08-19 17:25:22,704 | INFO | apscheduler.executors.default | Running job "GameEngine.registration_watchdog (trigger: interval[0:00:05], next run at: 2026-08-19 12:25:27 UTC)" (scheduled at 2026-08-19 12:25:22.702445+00:00)
2026-08-19 17:25:22,710 | INFO | apscheduler.executors.default | Job "GameEngine.registration_watchdog (trigger: interval[0:00:05], next run at: 2026-08-19 12:25:27 UTC)" executed successfully
2026-08-19 17:25:23,916 | INFO | root | DEBUG_INCOMING Message from=8263830135 payload=Axaxaxax tz topdm
2026-08-19 17:25:23,916 | INFO | root | DEBUG_INCOMING Message from=7687123207 payload=/game@ProMafiyaBot
2026-08-19 17:25:23,948 | INFO | aiogram.event | Update id=466217331 is handled. Duration 31 ms by bot id=8894100649
2026-08-19 17:25:24,124 | INFO | aiogram.event | Update id=466217332 is handled. Duration 219 ms by bot id=8894100649
2026-08-19 17:25:25,418 | INFO | root | DEBUG_INCOMING Message from=6895360150 payload=Donni davolabman\U0001f602
2026-08-19 17:25:25,442 | INFO | aiogram.event | Update id=466217333 is handled. Duration 31 ms by bot id=8894100649
2026-08-19 17:25:27,720 | INFO | apscheduler.executors.default | Running job "GameEngine.registration_watchdog (trigger: interval[0:00:05], next run at: 2026-08-19 12:25:32 UTC)" (scheduled at 2026-08-19 12:25:27.702445+00:00)
2026-08-19 17:25:27,726 | INFO | apscheduler.executors.default | Job "GameEngine.registration_watchdog (trigger: interval[0:00:05], next run at: 2026-08-19 12:25:32 UTC)" executed successfully
2026-08-19 17:25:32,722 | INFO | apscheduler.executors.default | Running job "GameEngine.registration_watchdog (trigger: interval[0:00:05], next run at: 2026-08-19 12:25:37 UTC)" (scheduled at 2026-08-19 12:25:32.702445+00:00)
2026-08-19 17:25:32,729 | INFO | apscheduler.executors.default | Job "GameEngine.registration_watchdog (trigger: interval[0:00:05], next run at: 2026-08-19 12:25:37 UTC)" executed successfully
2026-08-19 17:25:37,716 | INFO | apscheduler.executors.default | Running job "GameEngine.registration_watchdog (trigger: interval[0:00:05], next run at: 2026-08-19 12:25:42 UTC)" (scheduled at 2026-08-19 12:25:37.702445+00:00)
2026-08-19 17:25:37,723 | INFO | apscheduler.executors.default | Job "GameEngine.registration_watchdog (trigger: interval[0:00:05], next run at: 2026-08-19 12:25:42 UTC)" executed successfully
2026-08-19 17:25:42,228 | INFO | root | DEBUG_INCOMING Message from=8263830135 payload=Komd uzi Kom km dedi\U0001f602
2026-08-19 17:25:42,251 | INFO | aiogram.event | Update id=466217334 is handled. Duration 32 ms by bot id=8894100649
2026-08-19 17:25:42,714 | INFO | apscheduler.executors.default | Running job "GameEngine.registration_watchdog (trigger: interval[0:00:05], next run at: 2026-08-19 12:25:47 UTC)" (scheduled at 2026-08-19 12:25:42.702445+00:00)
2026-08-19 17:25:42,721 | INFO | apscheduler.executors.default | Job "GameEngine.registration_watchdog (trigger: interval[0:00:05], next run at: 2026-08-19 12:25:47 UTC)" executed successfully
2026-08-19 17:25:47,721 | INFO | apscheduler.executors.default | Running job "GameEngine.registration_watchdog (trigger: interval[0:00:05], next run at: 2026-08-19 12:25:52 UTC)" (scheduled at 2026-08-19 12:25:47.702445+00:00)
2026-08-19 17:25:47,723 | INFO | apscheduler.executors.default | Running job "GameEngine.send_pending_diamond_logs (trigger: interval[0:00:30], next run at: 2026-08-19 12:26:17 UTC)" (scheduled at 2026-08-19 12:25:47.708289+00:00)
2026-08-19 17:25:47,725 | INFO | apscheduler.executors.default | Job "GameEngine.registration_watchdog (trigger: interval[0:00:05], next run at: 2026-08-19 12:25:52 UTC)" executed successfully
2026-08-19 17:25:47,725 | INFO | apscheduler.executors.default | Job "GameEngine.send_pending_diamond_logs (trigger: interval[0:00:30], next run at: 2026-08-19 12:26:17 UTC)" executed successfully
2026-08-19 17:25:51,829 | INFO | root | DEBUG_INCOMING Message from=7526403539 payload=Otatta mani
2026-08-19 17:25:51,856 | INFO | aiogram.event | Update id=466217335 is handled. Duration 31 ms by bot id=8894100649
2026-08-19 17:25:52,041 | INFO | root | DEBUG_INCOMING Message from=8263830135 payload=Hammayam adawadi
2026-08-19 17:25:52,057 | INFO | aiogram.event | Update id=466217336 is handled. Duration 15 ms by bot id=8894100649
2026-08-19 17:25:52,718 | INFO | apscheduler.executors.default | Running job "GameEngine.registration_watchdog (trigger: interval[0:00:05], next run at: 2026-08-19 12:25:57 UTC)" (scheduled at 2026-08-19 12:25:52.702445+00:00)
2026-08-19 17:25:52,725 | INFO | apscheduler.executors.default | Job "GameEngine.registration_watchdog (trigger: interval[0:00:05], next run at: 2026-08-19 12:25:57 UTC)" executed successfully
2026-08-19 17:25:57,718 | INFO | apscheduler.executors.default | Running job "GameEngine.registration_watchdog (trigger: interval[0:00:05], next run at: 2026-08-19 12:26:02 UTC)" (scheduled at 2026-08-19 12:25:57.702445+00:00)
2026-08-19 17:25:57,735 | INFO | apscheduler.executors.default | Job "GameEngine.registration_watchdog (trigger: interval[0:00:05], next run at: 2026-08-19 12:26:02 UTC)" executed successfully
2026-08-19 17:26:02,486 | INFO | root | DEBUG_INCOMING Message from=7687123207 payload=@AFA_69   гоо
2026-08-19 17:26:02,515 | INFO | aiogram.event | Update id=466217337 is handled. Duration 30 ms by bot id=8894100649
2026-08-19 17:26:02,705 | INFO | apscheduler.executors.default | Running job "GameEngine.registration_watchdog (trigger: interval[0:00:05], next run at: 2026-08-19 12:26:07 UTC)" (scheduled at 2026-08-19 12:26:02.702445+00:00)
2026-08-19 17:26:02,712 | INFO | apscheduler.executors.default | Job "GameEngine.registration_watchdog (trigger: interval[0:00:05], next run at: 2026-08-19 12:26:07 UTC)" executed successfully
2026-08-19 17:26:07,711 | INFO | apscheduler.executors.default | Running job "GameEngine.registration_watchdog (trigger: interval[0:00:05], next run at: 2026-08-19 12:26:12 UTC)" (scheduled at 2026-08-19 12:26:07.702445+00:00)
2026-08-19 17:26:07,711 | INFO | apscheduler.executors.default | Job "GameEngine.registration_watchdog (trigger: interval[0:00:05], next run at: 2026-08-19 12:26:12 UTC)" executed successfully
2026-08-19 17:26:10,791 | INFO | root | DEBUG_INCOMING Message from=8263830135 payload=Bilasz\U0001f602
2026-08-19 17:26:10,822 | INFO | aiogram.event | Update id=466217338 is handled. Duration 31 ms by bot id=8894100649
2026-08-19 17:26:12,714 | INFO | apscheduler.executors.default | Running job "GameEngine.registration_watchdog (trigger: interval[0:00:05], next run at: 2026-08-19 12:26:17 UTC)" (scheduled at 2026-08-19 12:26:12.702445+00:00)
2026-08-19 17:26:12,720 | INFO | apscheduler.executors.default | Job "GameEngine.registration_watchdog (trigger: interval[0:00:05], next run at: 2026-08-19 12:26:17 UTC)" executed successfully
2026-08-19 17:26:15,818 | INFO | root | DEBUG_INCOMING Message from=7601257532 payload=Gooooo
2026-08-19 17:26:15,850 | INFO | aiogram.event | Update id=466217339 is handled. Duration 30 ms by bot id=8894100649
2026-08-19 17:26:17,709 | INFO | apscheduler.executors.default | Running job "GameEngine.registration_watchdog (trigger: interval[0:00:05], next run at: 2026-08-19 12:26:22 UTC)" (scheduled at 2026-08-19 12:26:17.702445+00:00)
2026-08-19 17:26:17,709 | INFO | apscheduler.executors.default | Running job "GameEngine.send_pending_diamond_logs (trigger: interval[0:00:30], next run at: 2026-08-19 12:26:47 UTC)" (scheduled at 2026-08-19 12:26:17.708289+00:00)
2026-08-19 17:26:17,712 | INFO | apscheduler.executors.default | Running job "GameEngine.premium_reset_watchdog (trigger: interval[0:01:00], next run at: 2026-08-19 12:27:17 UTC)" (scheduled at 2026-08-19 12:26:17.708289+00:00)
2026-08-19 17:26:17,712 | INFO | apscheduler.executors.default | Job "GameEngine.registration_watchdog (trigger: interval[0:00:05], next run at: 2026-08-19 12:26:22 UTC)" executed successfully
2026-08-19 17:26:17,712 | INFO | apscheduler.executors.default | Job "GameEngine.premium_reset_watchdog (trigger: interval[0:01:00], next run at: 2026-08-19 12:27:17 UTC)" executed successfully
2026-08-19 17:26:17,725 | INFO | apscheduler.executors.default | Job "GameEngine.send_pending_diamond_logs (trigger: interval[0:00:30], next run at: 2026-08-19 12:26:47 UTC)" executed successfully
2026-08-19 17:26:20,098 | INFO | root | DEBUG_INCOMING Message from=7601257532 payload=/game@ProMafiyaBot
2026-08-19 17:26:20,310 | INFO | aiogram.event | Update id=466217340 is handled. Duration 219 ms by bot id=8894100649
2026-08-19 17:26:22,715 | INFO | apscheduler.executors.default | Running job "GameEngine.registration_watchdog (trigger: interval[0:00:05], next run at: 2026-08-19 12:26:27 UTC)" (scheduled at 2026-08-19 12:26:22.702445+00:00)
2026-08-19 17:26:22,722 | INFO | apscheduler.executors.default | Job "GameEngine.registration_watchdog (trigger: interval[0:00:05], next run at: 2026-08-19 12:26:27 UTC)" executed successfully
2026-08-19 17:26:27,727 | INFO | apscheduler.executors.default | Running job "GameEngine.registration_watchdog (trigger: interval[0:00:05], next run at: 2026-08-19 12:26:32 UTC)" (scheduled at 2026-08-19 12:26:27.702445+00:00)
2026-08-19 17:26:27,734 | INFO | apscheduler.executors.default | Job "GameEngine.registration_watchdog (trigger: interval[0:00:05], next run at: 2026-08-19 12:26:32 UTC)" executed successfully
2026-08-19 17:26:32,707 | INFO | apscheduler.executors.default | Running job "GameEngine.registration_watchdog (trigger: interval[0:00:05], next run at: 2026-08-19 12:26:37 UTC)" (scheduled at 2026-08-19 12:26:32.702445+00:00)
2026-08-19 17:26:32,716 | INFO | apscheduler.executors.default | Job "GameEngine.registration_watchdog (trigger: interval[0:00:05], next run at: 2026-08-19 12:26:37 UTC)" executed successfully
2026-08-19 17:26:37,718 | INFO | apscheduler.executors.default | Running job "GameEngine.registration_watchdog (trigger: interval[0:00:05], next run at: 2026-08-19 12:26:42 UTC)" (scheduled at 2026-08-19 12:26:37.702445+00:00)
2026-08-19 17:26:37,724 | INFO | apscheduler.executors.default | Job "GameEngine.registration_watchdog (trigger: interval[0:00:05], next run at: 2026-08-19 12:26:42 UTC)" executed successfully
2026-08-19 17:26:42,722 | INFO | apscheduler.executors.default | Running job "GameEngine.registration_watchdog (trigger: interval[0:00:05], next run at: 2026-08-19 12:26:47 UTC)" (scheduled at 2026-08-19 12:26:42.702445+00:00)
2026-08-19 17:26:42,729 | INFO | apscheduler.executors.default | Job "GameEngine.registration_watchdog (trigger: interval[0:00:05], next run at: 2026-08-19 12:26:47 UTC)" executed successfully
2026-08-19 17:26:47,725 | INFO | apscheduler.executors.default | Running job "GameEngine.registration_watchdog (trigger: interval[0:00:05], next run at: 2026-08-19 12:26:52 UTC)" (scheduled at 2026-08-19 12:26:47.702445+00:00)
2026-08-19 17:26:47,725 | INFO | apscheduler.executors.default | Running job "GameEngine.send_pending_diamond_logs (trigger: interval[0:00:30], next run at: 2026-08-19 12:27:17 UTC)" (scheduled at 2026-08-19 12:26:47.708289+00:00)
2026-08-19 17:26:47,725 | INFO | apscheduler.executors.default | Job "GameEngine.registration_watchdog (trigger: interval[0:00:05], next run at: 2026-08-19 12:26:52 UTC)" executed successfully
2026-08-19 17:26:47,741 | INFO | apscheduler.executors.default | Job "GameEngine.send_pending_diamond_logs (trigger: interval[0:00:30], next run at: 2026-08-19 12:27:17 UTC)" executed successfully
2026-08-19 17:26:52,712 | INFO | apscheduler.executors.default | Running job "GameEngine.registration_watchdog (trigger: interval[0:00:05], next run at: 2026-08-19 12:26:57 UTC)" (scheduled at 2026-08-19 12:26:52.702445+00:00)
2026-08-19 17:26:52,718 | INFO | apscheduler.executors.default | Job "GameEngine.registration_watchdog (trigger: interval[0:00:05], next run at: 2026-08-19 12:26:57 UTC)" executed successfully
2026-08-19 17:26:57,716 | INFO | apscheduler.executors.default | Running job "GameEngine.registration_watchdog (trigger: interval[0:00:05], next run at: 2026-08-19 12:27:02 UTC)" (scheduled at 2026-08-19 12:26:57.702445+00:00)
2026-08-19 17:26:57,724 | INFO | apscheduler.executors.default | Job "GameEngine.registration_watchdog (trigger: interval[0:00:05], next run at: 2026-08-19 12:27:02 UTC)" executed successfully
2026-08-19 17:27:00,649 | INFO | root | DEBUG_INCOMING Message from=5713560695 payload=5
2026-08-19 17:27:00,679 | INFO | aiogram.event | Update id=466217341 is handled. Duration 30 ms by bot id=8894100649
2026-08-19 17:27:01,065 | INFO | root | DEBUG_INCOMING Message from=8263830135 payload=St
2026-08-19 17:27:01,094 | INFO | aiogram.event | Update id=466217342 is handled. Duration 30 ms by bot id=8894100649
2026-08-19 17:27:01,405 | INFO | root | DEBUG_INCOMING Message from=5713560695 payload=4
2026-08-19 17:27:01,437 | INFO | aiogram.event | Update id=466217343 is handled. Duration 31 ms by bot id=8894100649
2026-08-19 17:27:02,589 | INFO | root | DEBUG_INCOMING Message from=5713560695 payload=3
2026-08-19 17:27:02,620 | INFO | aiogram.event | Update id=466217344 is handled. Duration 47 ms by bot id=8894100649
2026-08-19 17:27:02,716 | INFO | apscheduler.executors.default | Running job "GameEngine.registration_watchdog (trigger: interval[0:00:05], next run at: 2026-08-19 12:27:07 UTC)" (scheduled at 2026-08-19 12:27:02.702445+00:00)
2026-08-19 17:27:02,716 | INFO | apscheduler.executors.default | Job "GameEngine.registration_watchdog (trigger: interval[0:00:05], next run at: 2026-08-19 12:27:07 UTC)" executed successfully
2026-08-19 17:27:03,508 | INFO | root | DEBUG_INCOMING Message from=5713560695 payload=2
2026-08-19 17:27:03,539 | INFO | aiogram.event | Update id=466217345 is handled. Duration 30 ms by bot id=8894100649
2026-08-19 17:27:04,178 | INFO | root | DEBUG_INCOMING Message from=5713560695 payload=1
2026-08-19 17:27:04,210 | INFO | aiogram.event | Update id=466217346 is handled. Duration 32 ms by bot id=8894100649
2026-08-19 17:27:05,861 | INFO | root | DEBUG_INCOMING Message from=8263830135 payload=0
2026-08-19 17:27:05,893 | INFO | aiogram.event | Update id=466217347 is handled. Duration 30 ms by bot id=8894100649
2026-08-19 17:27:06,977 | INFO | root | DEBUG_INCOMING Message from=5713560695 payload=/start@ProMafiyaBot
2026-08-19 17:27:07,210 | INFO | aiogram.event | Update id=466217348 is handled. Duration 234 ms by bot id=8894100649
2026-08-19 17:27:07,718 | INFO | apscheduler.executors.default | Running job "GameEngine.registration_watchdog (trigger: interval[0:00:05], next run at: 2026-08-19 12:27:12 UTC)" (scheduled at 2026-08-19 12:27:07.702445+00:00)
2026-08-19 17:27:07,725 | INFO | apscheduler.executors.default | Job "GameEngine.registration_watchdog (trigger: interval[0:00:05], next run at: 2026-08-19 12:27:12 UTC)" executed successfully
2026-08-19 17:27:12,714 | INFO | apscheduler.executors.default | Running job "GameEngine.registration_watchdog (trigger: interval[0:00:05], next run at: 2026-08-19 12:27:17 UTC)" (scheduled at 2026-08-19 12:27:12.702445+00:00)
2026-08-19 17:27:12,721 | INFO | apscheduler.executors.default | Job "GameEngine.registration_watchdog (trigger: interval[0:00:05], next run at: 2026-08-19 12:27:17 UTC)" executed successfully
2026-08-19 17:27:17,722 | INFO | apscheduler.executors.default | Running job "GameEngine.registration_watchdog (trigger: interval[0:00:05], next run at: 2026-08-19 12:27:22 UTC)" (scheduled at 2026-08-19 12:27:17.702445+00:00)
2026-08-19 17:27:17,729 | INFO | apscheduler.executors.default | Running job "GameEngine.send_pending_diamond_logs (trigger: interval[0:00:30], next run at: 2026-08-19 12:27:47 UTC)" (scheduled at 2026-08-19 12:27:17.708289+00:00)
2026-08-19 17:27:17,729 | INFO | apscheduler.executors.default | Running job "GameEngine.premium_reset_watchdog (trigger: interval[0:01:00], next run at: 2026-08-19 12:28:17 UTC)" (scheduled at 2026-08-19 12:27:17.708289+00:00)
2026-08-19 17:27:17,756 | INFO | apscheduler.executors.default | Job "GameEngine.registration_watchdog (trigger: interval[0:00:05], next run at: 2026-08-19 12:27:22 UTC)" executed successfully
2026-08-19 17:27:17,758 | INFO | apscheduler.executors.default | Job "GameEngine.premium_reset_watchdog (trigger: interval[0:01:00], next run at: 2026-08-19 12:28:17 UTC)" executed successfully
2026-08-19 17:27:17,762 | INFO | apscheduler.executors.default | Job "GameEngine.send_pending_diamond_logs (trigger: interval[0:00:30], next run at: 2026-08-19 12:27:47 UTC)" executed successfully
2026-08-19 17:27:18,262 | INFO | root | DEBUG_INCOMING Message from=5713560695 payload=\U0001f3ad Sizning rolingiz: \U0001f468\U0001f3fc Tinch aholi

Vazifangiz mafiyani topish va ularni shahar yig'ilishida ovoz berib osish.
2026-08-19 17:27:18,290 | INFO | aiogram.event | Update id=466217349 is handled. Duration 30 ms by bot id=8894100649
2026-08-19 17:27:22,720 | INFO | apscheduler.executors.default | Running job "GameEngine.registration_watchdog (trigger: interval[0:00:05], next run at: 2026-08-19 12:27:27 UTC)" (scheduled at 2026-08-19 12:27:22.702445+00:00)
2026-08-19 17:27:22,726 | INFO | apscheduler.executors.default | Job "GameEngine.registration_watchdog (trigger: interval[0:00:05], next run at: 2026-08-19 12:27:27 UTC)" executed successfully
2026-08-19 17:27:22,993 | INFO | root | DEBUG_INCOMING Message from=5713560695 payload=Толко тинч зб
2026-08-19 17:27:23,025 | INFO | aiogram.event | Update id=466217350 is handled. Duration 30 ms by bot id=8894100649
2026-08-19 17:27:24,568 | INFO | root | DEBUG_INCOMING Message from=7526403539 payload=Galava rabotait deplom***
2026-08-19 17:27:24,589 | INFO | aiogram.event | Update id=466217351 is handled. Duration 32 ms by bot id=8894100649
2026-08-19 17:27:27,713 | INFO | apscheduler.executors.default | Running job "GameEngine.registration_watchdog (trigger: interval[0:00:05], next run at: 2026-08-19 12:27:32 UTC)" (scheduled at 2026-08-19 12:27:27.702445+00:00)
2026-08-19 17:27:27,721 | INFO | apscheduler.executors.default | Job "GameEngine.registration_watchdog (trigger: interval[0:00:05], next run at: 2026-08-19 12:27:32 UTC)" executed successfully
2026-08-19 17:27:32,717 | INFO | apscheduler.executors.default | Running job "GameEngine.registration_watchdog (trigger: interval[0:00:05], next run at: 2026-08-19 12:27:37 UTC)" (scheduled at 2026-08-19 12:27:32.702445+00:00)
2026-08-19 17:27:32,723 | INFO | apscheduler.executors.default | Job "GameEngine.registration_watchdog (trigger: interval[0:00:05], next run at: 2026-08-19 12:27:37 UTC)" executed successfully
2026-08-19 17:27:37,711 | INFO | apscheduler.executors.default | Running job "GameEngine.registration_watchdog (trigger: interval[0:00:05], next run at: 2026-08-19 12:27:42 UTC)" (scheduled at 2026-08-19 12:27:37.702445+00:00)
2026-08-19 17:27:37,718 | INFO | apscheduler.executors.default | Job "GameEngine.registration_watchdog (trigger: interval[0:00:05], next run at: 2026-08-19 12:27:42 UTC)" executed successfully
2026-08-19 17:27:42,704 | INFO | apscheduler.executors.default | Running job "GameEngine.registration_watchdog (trigger: interval[0:00:05], next run at: 2026-08-19 12:27:47 UTC)" (scheduled at 2026-08-19 12:27:42.702445+00:00)
2026-08-19 17:27:42,711 | INFO | apscheduler.executors.default | Job "GameEngine.registration_watchdog (trigger: interval[0:00:05], next run at: 2026-08-19 12:27:47 UTC)" executed successfully
2026-08-19 17:27:47,718 | INFO | apscheduler.executors.default | Running job "GameEngine.registration_watchdog (trigger: interval[0:00:05], next run at: 2026-08-19 12:27:52 UTC)" (scheduled at 2026-08-19 12:27:47.702445+00:00)
2026-08-19 17:27:47,724 | INFO | apscheduler.executors.default | Running job "GameEngine.send_pending_diamond_logs (trigger: interval[0:00:30], next run at: 2026-08-19 12:28:17 UTC)" (scheduled at 2026-08-19 12:27:47.708289+00:00)
2026-08-19 17:27:47,734 | INFO | apscheduler.executors.default | Job "GameEngine.registration_watchdog (trigger: interval[0:00:05], next run at: 2026-08-19 12:27:52 UTC)" executed successfully
2026-08-19 17:27:47,734 | INFO | apscheduler.executors.default | Job "GameEngine.send_pending_diamond_logs (trigger: interval[0:00:30], next run at: 2026-08-19 12:28:17 UTC)" executed successfully
2026-08-19 17:27:52,705 | INFO | apscheduler.executors.default | Running job "GameEngine.registration_watchdog (trigger: interval[0:00:05], next run at: 2026-08-19 12:27:57 UTC)" (scheduled at 2026-08-19 12:27:52.702445+00:00)
2026-08-19 17:27:52,712 | INFO | apscheduler.executors.default | Job "GameEngine.registration_watchdog (trigger: interval[0:00:05], next run at: 2026-08-19 12:27:57 UTC)" executed successfully
2026-08-19 17:27:57,714 | INFO | apscheduler.executors.default | Running job "GameEngine.registration_watchdog (trigger: interval[0:00:05], next run at: 2026-08-19 12:28:02 UTC)" (scheduled at 2026-08-19 12:27:57.702445+00:00)
2026-08-19 17:27:57,736 | INFO | apscheduler.executors.default | Job "GameEngine.registration_watchdog (trigger: interval[0:00:05], next run at: 2026-08-19 12:28:02 UTC)" executed successfully
2026-08-19 17:28:02,707 | INFO | apscheduler.executors.default | Running job "GameEngine.registration_watchdog (trigger: interval[0:00:05], next run at: 2026-08-19 12:28:07 UTC)" (scheduled at 2026-08-19 12:28:02.702445+00:00)
2026-08-19 17:28:02,713 | INFO | apscheduler.executors.default | Job "GameEngine.registration_watchdog (trigger: interval[0:00:05], next run at: 2026-08-19 12:28:07 UTC)" executed successfully
2026-08-19 17:28:07,705 | INFO | apscheduler.executors.default | Running job "GameEngine.registration_watchdog (trigger: interval[0:00:05], next run at: 2026-08-19 12:28:12 UTC)" (scheduled at 2026-08-19 12:28:07.702445+00:00)
2026-08-19 17:28:07,711 | INFO | apscheduler.executors.default | Job "GameEngine.registration_watchdog (trigger: interval[0:00:05], next run at: 2026-08-19 12:28:12 UTC)" executed successfully
2026-08-19 17:28:12,716 | INFO | apscheduler.executors.default | Running job "GameEngine.registration_watchdog (trigger: interval[0:00:05], next run at: 2026-08-19 12:28:17 UTC)" (scheduled at 2026-08-19 12:28:12.702445+00:00)
2026-08-19 17:28:12,722 | INFO | apscheduler.executors.default | Job "GameEngine.registration_watchdog (trigger: interval[0:00:05], next run at: 2026-08-19 12:28:17 UTC)" executed successfully
2026-08-19 17:28:13,458 | INFO | root | DEBUG_INCOMING Message from=8887862394 payload=@l7_dlshdbkvnass byaxkeee sasucha\U0001f601
2026-08-19 17:28:13,478 | INFO | aiogram.event | Update id=466217352 is handled. Duration 15 ms by bot id=8894100649
2026-08-19 17:28:17,715 | INFO | apscheduler.executors.default | Running job "GameEngine.registration_watchdog (trigger: interval[0:00:05], next run at: 2026-08-19 12:28:22 UTC)" (scheduled at 2026-08-19 12:28:17.702445+00:00)
2026-08-19 17:28:17,722 | INFO | apscheduler.executors.default | Running job "GameEngine.send_pending_diamond_logs (trigger: interval[0:00:30], next run at: 2026-08-19 12:28:47 UTC)" (scheduled at 2026-08-19 12:28:17.708289+00:00)
2026-08-19 17:28:17,722 | INFO | apscheduler.executors.default | Running job "GameEngine.premium_reset_watchdog (trigger: interval[0:01:00], next run at: 2026-08-19 12:29:17 UTC)" (scheduled at 2026-08-19 12:28:17.708289+00:00)
2026-08-19 17:28:17,731 | INFO | apscheduler.executors.default | Job "GameEngine.registration_watchdog (trigger: interval[0:00:05], next run at: 2026-08-19 12:28:22 UTC)" executed successfully
2026-08-19 17:28:17,731 | INFO | apscheduler.executors.default | Job "GameEngine.premium_reset_watchdog (trigger: interval[0:01:00], next run at: 2026-08-19 12:29:17 UTC)" executed successfully
2026-08-19 17:28:17,731 | INFO | apscheduler.executors.default | Job "GameEngine.send_pending_diamond_logs (trigger: interval[0:00:30], next run at: 2026-08-19 12:28:47 UTC)" executed successfully
2026-08-19 17:28:18,290 | INFO | root | DEBUG_INCOMING Message from=7601257532 payload=\U0001f3ad Sizning rolingiz: \U0001f468\U0001f3fc Tinch aholi

Vazifangiz mafiyani topish va ularni shahar yig'ilishida ovoz berib osish.
2026-08-19 17:28:18,322 | INFO | aiogram.event | Update id=466217353 is handled. Duration 31 ms by bot id=8894100649
2026-08-19 17:28:19,937 | INFO | root | DEBUG_INCOMING Message from=8263830135 payload=Gapz calkaw\U0001f602
2026-08-19 17:28:19,967 | INFO | aiogram.event | Update id=466217354 is handled. Duration 30 ms by bot id=8894100649
2026-08-19 17:28:22,704 | INFO | apscheduler.executors.default | Running job "GameEngine.registration_watchdog (trigger: interval[0:00:05], next run at: 2026-08-19 12:28:27 UTC)" (scheduled at 2026-08-19 12:28:22.702445+00:00)
2026-08-19 17:28:22,711 | INFO | apscheduler.executors.default | Job "GameEngine.registration_watchdog (trigger: interval[0:00:05], next run at: 2026-08-19 12:28:27 UTC)" executed successfully
2026-08-19 17:28:27,717 | INFO | apscheduler.executors.default | Running job "GameEngine.registration_watchdog (trigger: interval[0:00:05], next run at: 2026-08-19 12:28:32 UTC)" (scheduled at 2026-08-19 12:28:27.702445+00:00)
2026-08-19 17:28:27,723 | INFO | apscheduler.executors.default | Job "GameEngine.registration_watchdog (trigger: interval[0:00:05], next run at: 2026-08-19 12:28:32 UTC)" executed successfully
2026-08-19 17:28:27,897 | INFO | root | DEBUG_INCOMING Message from=7601257532 payload=Otiwmaa
2026-08-19 17:28:27,909 | INFO | aiogram.event | Update id=466217355 is handled. Duration 15 ms by bot id=8894100649
2026-08-19 17:28:29,947 | INFO | root | DEBUG_INCOMING Message from=5713560695 payload=message_id=234755 date=datetime.datetime(2026, 8, 19, 12, 28, 30, tzinfo=TzInfo(UTC)) chat=Chat(id=-1003992490466, type='supergroup', title='GHOST • mafia', username=None, first_name=None, last_name=None, is_forum=None, is_direct_messages=None, accent_color_id=None, active_usernames=None, available_reactions=None, background_custom_emoji_id=None, bio=None, birthdate=None, business_intro=None, business_location=None, business_opening_hours=None, can_set_sticker_set=None, custom_emoji_sticker_set_name=None, description=None, emoji_status_custom_emoji_id=None, emoji_status_expiration_date=None, has_aggressive_anti_spam_enabled=None, has_hidden_members=None, has_private_forwards=None, has_protected_content=None, has_restricted_voice_and_video_messages=None, has_visible_history=None, invite_link=None, join_by_request=None, join_to_send_messages=None, linked_chat_id=None, location=None, message_auto_delete_time=None, permissions=None, personal_chat=None, photo=None, pinned_message=None, profile_accent_color_id=None, profile_background_custom_emoji_id=None, slow_mode_delay=None, sticker_set_name=None, unrestrict_boost_count=None) message_thread_id=234713 direct_messages_topic=None from_user=User(id=5713560695, is_bot=False, first_name='\u1d0f\u029f\u029f\u1d0f\u028f\u1d0f\u0280\u3164', last_name='|\u3164 owner', username='gafforovvv_o7', language_code='uz', is_premium=None, added_to_attachment_menu=None, can_join_groups=None, can_read_all_group_messages=None, supports_inline_queries=None, can_connect_to_business=None, has_main_web_app=None) sender_chat=None sender_boost_count=None sender_business_bot=None business_connection_id=None forward_origin=None is_topic_message=None is_automatic_forward=None reply_to_message=Message(message_id=234744, date=datetime.datetime(2026, 8, 19, 12, 27, 24, tzinfo=TzInfo(UTC)), chat=Chat(id=-1003992490466, type='supergroup', title='GHOST • mafia', username=None, first_name=None, last_name=None, is_forum=None, is_direct_messages=None, accent_color_id=None, active_usernames=None, available_reactions=None, background_custom_emoji_id=None, bio=None, birthdate=None, business_intro=None, business_location=None, business_opening_hours=None, can_set_sticker_set=None, custom_emoji_sticker_set_name=None, description=None, emoji_status_custom_emoji_id=None, emoji_status_expiration_date=None, has_aggressive_anti_spam_enabled=None, has_hidden_members=None, has_private_forwards=None, has_protected_content=None, has_restricted_voice_and_video_messages=None, has_visible_history=None, invite_link=None, join_by_request=None, join_to_send_messages=None, linked_chat_id=None, location=None, message_auto_delete_time=None, permissions=None, personal_chat=None, photo=None, pinned_message=None, profile_accent_color_id=None, profile_background_custom_emoji_id=None, slow_mode_delay=None, sticker_set_name=None, unrestrict_boost_count=None), message_thread_id=234713, direct_messages_topic=None, from_user=User(id=7526403539, is_bot=False, first_name='\U0001d6a1\U0001d6a1\U0001d6a1', last_name=None, username='shxllvv', language_code='uz', is_premium=True, added_to_attachment_menu=None, can_join_groups=None, can_read_all_group_messages=None, supports_inline_queries=None, can_connect_to_business=None, has_main_web_app=None), sender_chat=None, sender_boost_count=3, sender_business_bot=None, business_connection_id=None, forward_origin=None, is_topic_message=None, is_automatic_forward=None, reply_to_message=None, external_reply=None, quote=None, reply_to_story=None, reply_to_checklist_task_id=None, via_bot=None, edit_date=None, has_protected_content=True, is_from_offline=None, is_paid_post=None, media_group_id=None, author_signature=None, paid_star_count=None, text='Galava rabotait deplom***', entities=None, link_preview_options=None, suggested_post_info=None, effect_id=None, animation=None, audio=None, document=None, paid_media=None, photo=None, sticker=None, story=None, video=None, video_note=None, voice=None, caption=None, caption_entities=None, show_caption_above_media=None, has_media_spoiler=None, checklist=None, contact=None, dice=None, game=None, poll=None, venue=None, location=None, new_chat_members=None, left_chat_member=None, new_chat_title=None, new_chat_photo=None, delete_chat_photo=None, group_chat_created=None, supergroup_chat_created=None, channel_chat_created=None, message_auto_delete_timer_changed=None, migrate_to_chat_id=None, migrate_from_chat_id=None, pinned_message=None, invoice=None, successful_payment=None, refunded_payment=None, users_shared=None, chat_shared=None, gift=None, unique_gift=None, connected_website=None, write_access_allowed=None, passport_data=None, proximity_alert_triggered=None, boost_added=None, chat_background_set=None, checklist_tasks_done=None, checklist_tasks_added=None, direct_message_price_changed=None, forum_topic_created=None, forum_topic_edited=None, forum_topic_closed=None, forum_topic_reopened=None, general_forum_topic_hidden=None, general_forum_topic_unhidden=None, giveaway_created=None, giveaway=None, giveaway_winners=None, giveaway_completed=None, paid_message_price_changed=None, suggested_post_approved=None, suggested_post_approval_failed=None, suggested_post_declined=None, suggested_post_paid=None, suggested_post_refunded=None, video_chat_scheduled=None, video_chat_started=None, video_chat_ended=None, video_chat_participants_invited=None, web_app_data=None, reply_markup=None, forward_date=None, forward_from=None, forward_from_chat=None, forward_from_message_id=None, forward_sender_name=None, forward_signature=None, user_shared=None) external_reply=None quote=None reply_to_story=None reply_to_checklist_task_id=None via_bot=None edit_date=None has_protected_content=True is_from_offline=None is_paid_post=None media_group_id=None author_signature=None paid_star_count=None text=None entities=None link_preview_options=None suggested_post_info=None effect_id=None animation=None audio=None document=None paid_media=None photo=None sticker=Sticker(file_id='CAACAgEAAyEFAATt-JHiAAEDlQNqhaFuQFiNOObk9h6tObdGBOtikgACYwIAAo0vaETKwolSESgaRj0E', file_unique_id='AgADYwIAAo0vaEQ', type='regular', width=512, height=512, is_animated=False, is_video=False, thumbnail=PhotoSize(file_id='AAMCAQADIQUABO34keIAAQOVA2qFoW5AWI045uT2Hq05t0YE62KSAAJjAgACjS9oRMrCiVIRKBpGAQAHbQADPQQ', file_unique_id='AQADYwIAAo0vaERy', width=320, height=320, file_size=5718), emoji='\U0001f615', set_name='MesneJiffShe_by_fStikBot', premium_animation=None, mask_position=None, custom_emoji_id=None, needs_repainting=None, file_size=9448, thumb={'file_id': 'AAMCAQADIQUABO34keIAAQOVA2qFoW5AWI045uT2Hq05t0YE62KSAAJjAgACjS9oRMrCiVIRKBpGAQAHbQADPQQ', 'file_unique_id': 'AQADYwIAAo0vaERy', 'file_size': 5718, 'width': 320, 'height': 320}) story=None video=None video_note=None voice=None caption=None caption_entities=None show_caption_above_media=None has_media_spoiler=None checklist=None contact=None dice=None game=None poll=None venue=None location=None new_chat_members=None left_chat_member=None new_chat_title=None new_chat_photo=None delete_chat_photo=None group_chat_created=None supergroup_chat_created=None channel_chat_created=None message_auto_delete_timer_changed=None migrate_to_chat_id=None migrate_from_chat_id=None pinned_message=None invoice=None successful_payment=None refunded_payment=None users_shared=None chat_shared=None gift=None unique_gift=None connected_website=None write_access_allowed=None passport_data=None proximity_alert_triggered=None boost_added=None chat_background_set=None checklist_tasks_done=None checklist_tasks_added=None direct_message_price_changed=None forum_topic_created=None forum_topic_edited=None forum_topic_closed=None forum_topic_reopened=None general_forum_topic_hidden=None general_forum_topic_unhidden=None giveaway_created=None giveaway=None giveaway_winners=None giveaway_completed=None paid_message_price_changed=None suggested_post_approved=None suggested_post_approval_failed=None suggested_post_declined=None suggested_post_paid=None suggested_post_refunded=None video_chat_scheduled=None video_chat_started=None video_chat_ended=None video_chat_participants_invited=None web_app_data=None reply_markup=None forward_date=None forward_from=None forward_from_chat=None forward_from_message_id=None forward_sender_name=None forward_signature=None user_shared=None sender_tag='гаффоров'
2026-08-19 17:28:29,961 | INFO | aiogram.event | Update id=466217356 is handled. Duration 15 ms by bot id=8894100649
2026-08-19 17:28:32,709 | INFO | apscheduler.executors.default | Running job "GameEngine.registration_watchdog (trigger: interval[0:00:05], next run at: 2026-08-19 12:28:37 UTC)" (scheduled at 2026-08-19 12:28:32.702445+00:00)
2026-08-19 17:28:32,716 | INFO | apscheduler.executors.default | Job "GameEngine.registration_watchdog (trigger: interval[0:00:05], next run at: 2026-08-19 12:28:37 UTC)" executed successfully
2026-08-19 17:28:37,706 | INFO | apscheduler.executors.default | Running job "GameEngine.registration_watchdog (trigger: interval[0:00:05], next run at: 2026-08-19 12:28:42 UTC)" (scheduled at 2026-08-19 12:28:37.702445+00:00)
2026-08-19 17:28:37,713 | INFO | apscheduler.executors.default | Job "GameEngine.registration_watchdog (trigger: interval[0:00:05], next run at: 2026-08-19 12:28:42 UTC)" executed successfully
2026-08-19 17:28:41,924 | INFO | root | DEBUG_INCOMING Message from=7526403539 payload=Ee astasta
2026-08-19 17:28:41,955 | INFO | aiogram.event | Update id=466217357 is handled. Duration 47 ms by bot id=8894100649
2026-08-19 17:28:42,713 | INFO | apscheduler.executors.default | Running job "GameEngine.registration_watchdog (trigger: interval[0:00:05], next run at: 2026-08-19 12:28:47 UTC)" (scheduled at 2026-08-19 12:28:42.702445+00:00)
2026-08-19 17:28:42,719 | INFO | apscheduler.executors.default | Job "GameEngine.registration_watchdog (trigger: interval[0:00:05], next run at: 2026-08-19 12:28:47 UTC)" executed successfully
2026-08-19 17:28:43,052 | INFO | root | DEBUG_INCOMING Message from=8263830135 payload=Dond qast birmi dema
2026-08-19 17:28:43,067 | INFO | aiogram.event | Update id=466217358 is handled. Duration 31 ms by bot id=8894100649
2026-08-19 17:28:47,711 | INFO | apscheduler.executors.default | Running job "GameEngine.registration_watchdog (trigger: interval[0:00:05], next run at: 2026-08-19 12:28:52 UTC)" (scheduled at 2026-08-19 12:28:47.702445+00:00)
2026-08-19 17:28:47,717 | INFO | apscheduler.executors.default | Running job "GameEngine.send_pending_diamond_logs (trigger: interval[0:00:30], next run at: 2026-08-19 12:29:17 UTC)" (scheduled at 2026-08-19 12:28:47.708289+00:00)
2026-08-19 17:28:47,717 | INFO | apscheduler.executors.default | Job "GameEngine.registration_watchdog (trigger: interval[0:00:05], next run at: 2026-08-19 12:28:52 UTC)" executed successfully
2026-08-19 17:28:47,727 | INFO | apscheduler.executors.default | Job "GameEngine.send_pending_diamond_logs (trigger: interval[0:00:30], next run at: 2026-08-19 12:29:17 UTC)" executed successfully
2026-08-19 17:28:50,412 | INFO | root | DEBUG_INCOMING Message from=7526403539 payload=Kezma
2026-08-19 17:28:50,443 | INFO | aiogram.event | Update id=466217359 is handled. Duration 31 ms by bot id=8894100649
2026-08-19 17:28:52,718 | INFO | apscheduler.executors.default | Running job "GameEngine.registration_watchdog (trigger: interval[0:00:05], next run at: 2026-08-19 12:28:57 UTC)" (scheduled at 2026-08-19 12:28:52.702445+00:00)
2026-08-19 17:28:52,724 | INFO | apscheduler.executors.default | Job "GameEngine.registration_watchdog (trigger: interval[0:00:05], next run at: 2026-08-19 12:28:57 UTC)" executed successfully
2026-08-19 17:28:57,719 | INFO | apscheduler.executors.default | Running job "GameEngine.registration_watchdog (trigger: interval[0:00:05], next run at: 2026-08-19 12:29:02 UTC)" (scheduled at 2026-08-19 12:28:57.702445+00:00)
2026-08-19 17:28:57,725 | INFO | apscheduler.executors.default | Job "GameEngine.registration_watchdog (trigger: interval[0:00:05], next run at: 2026-08-19 12:29:02 UTC)" executed successfully
2026-08-19 17:28:59,119 | INFO | root | DEBUG_INCOMING Message from=8263830135 payload=1ci manga kb\U0001f5ff
2026-08-19 17:28:59,145 | INFO | aiogram.event | Update id=466217360 is handled. Duration 30 ms by bot id=8894100649
2026-08-19 17:29:01,580 | INFO | root | DEBUG_INCOMING Message from=5713560695 payload=Сохта мен тинчман
2026-08-19 17:29:01,613 | INFO | aiogram.event | Update id=466217361 is handled. Duration 31 ms by bot id=8894100649
2026-08-19 17:29:02,721 | INFO | apscheduler.executors.default | Running job "GameEngine.registration_watchdog (trigger: interval[0:00:05], next run at: 2026-08-19 12:29:07 UTC)" (scheduled at 2026-08-19 12:29:02.702445+00:00)
2026-08-19 17:29:02,728 | INFO | apscheduler.executors.default | Job "GameEngine.registration_watchdog (trigger: interval[0:00:05], next run at: 2026-08-19 12:29:07 UTC)" executed successfully
2026-08-19 17:29:04,581 | INFO | root | DEBUG_INCOMING Message from=7526403539 payload=Bunikiga bordm hc km ulmadi
2026-08-19 17:29:04,612 | INFO | aiogram.event | Update id=466217362 is handled. Duration 31 ms by bot id=8894100649
2026-08-19 17:29:06,294 | INFO | root | DEBUG_INCOMING Message from=7526403539 payload=Osamz
2026-08-19 17:29:06,316 | INFO | aiogram.event | Update id=466217363 is handled. Duration 16 ms by bot id=8894100649
2026-08-19 17:29:07,706 | INFO | apscheduler.executors.default | Running job "GameEngine.registration_watchdog (trigger: interval[0:00:05], next run at: 2026-08-19 12:29:12 UTC)" (scheduled at 2026-08-19 12:29:07.702445+00:00)
2026-08-19 17:29:07,712 | INFO | apscheduler.executors.default | Job "GameEngine.registration_watchdog (trigger: interval[0:00:05], next run at: 2026-08-19 12:29:12 UTC)" executed successfully
2026-08-19 17:29:09,995 | INFO | root | DEBUG_INCOMING Message from=8263830135 payload=2ta tnc bor
2026-08-19 17:29:10,020 | INFO | aiogram.event | Update id=466217364 is handled. Duration 30 ms by bot id=8894100649
2026-08-19 17:29:12,712 | INFO | apscheduler.executors.default | Running job "GameEngine.registration_watchdog (trigger: interval[0:00:05], next run at: 2026-08-19 12:29:17 UTC)" (scheduled at 2026-08-19 12:29:12.702445+00:00)
2026-08-19 17:29:12,718 | INFO | apscheduler.executors.default | Job "GameEngine.registration_watchdog (trigger: interval[0:00:05], next run at: 2026-08-19 12:29:17 UTC)" executed successfully
2026-08-19 17:29:17,710 | INFO | apscheduler.executors.default | Running job "GameEngine.registration_watchdog (trigger: interval[0:00:05], next run at: 2026-08-19 12:29:22 UTC)" (scheduled at 2026-08-19 12:29:17.702445+00:00)
2026-08-19 17:29:17,714 | INFO | apscheduler.executors.default | Running job "GameEngine.send_pending_diamond_logs (trigger: interval[0:00:30], next run at: 2026-08-19 12:29:47 UTC)" (scheduled at 2026-08-19 12:29:17.708289+00:00)
2026-08-19 17:29:17,714 | INFO | apscheduler.executors.default | Running job "GameEngine.premium_reset_watchdog (trigger: interval[0:01:00], next run at: 2026-08-19 12:30:17 UTC)" (scheduled at 2026-08-19 12:29:17.708289+00:00)
2026-08-19 17:29:17,714 | INFO | apscheduler.executors.default | Job "GameEngine.registration_watchdog (trigger: interval[0:00:05], next run at: 2026-08-19 12:29:22 UTC)" executed successfully
2026-08-19 17:29:17,726 | INFO | apscheduler.executors.default | Job "GameEngine.premium_reset_watchdog (trigger: interval[0:01:00], next run at: 2026-08-19 12:30:17 UTC)" executed successfully
2026-08-19 17:29:17,726 | INFO | apscheduler.executors.default | Job "GameEngine.send_pending_diamond_logs (trigger: interval[0:00:30], next run at: 2026-08-19 12:29:47 UTC)" executed successfully
2026-08-19 17:29:17,968 | INFO | root | DEBUG_INCOMING Message from=5713560695 payload=И кормапман
2026-08-19 17:29:17,986 | INFO | aiogram.event | Update id=466217365 is handled. Duration 16 ms by bot id=8894100649
2026-08-19 17:29:21,458 | INFO | root | DEBUG_INCOMING Message from=7601257532 payload=Yepsan 2 ta tnc
2026-08-19 17:29:21,489 | INFO | aiogram.event | Update id=466217366 is handled. Duration 31 ms by bot id=8894100649
2026-08-19 17:29:21,654 | INFO | root | DEBUG_INCOMING Message from=8263830135 payload=Man dovoladm e szmas
2026-08-19 17:29:21,683 | INFO | aiogram.event | Update id=466217367 is handled. Duration 31 ms by bot id=8894100649
2026-08-19 17:29:22,713 | INFO | apscheduler.executors.default | Running job "GameEngine.registration_watchdog (trigger: interval[0:00:05], next run at: 2026-08-19 12:29:27 UTC)" (scheduled at 2026-08-19 12:29:22.702445+00:00)
2026-08-19 17:29:22,719 | INFO | apscheduler.executors.default | Job "GameEngine.registration_watchdog (trigger: interval[0:00:05], next run at: 2026-08-19 12:29:27 UTC)" executed successfully
2026-08-19 17:29:27,718 | INFO | apscheduler.executors.default | Running job "GameEngine.registration_watchdog (trigger: interval[0:00:05], next run at: 2026-08-19 12:29:32 UTC)" (scheduled at 2026-08-19 12:29:27.702445+00:00)
2026-08-19 17:29:27,724 | INFO | apscheduler.executors.default | Job "GameEngine.registration_watchdog (trigger: interval[0:00:05], next run at: 2026-08-19 12:29:32 UTC)" executed successfully
2026-08-19 17:29:32,713 | INFO | apscheduler.executors.default | Running job "GameEngine.registration_watchdog (trigger: interval[0:00:05], next run at: 2026-08-19 12:29:37 UTC)" (scheduled at 2026-08-19 12:29:32.702445+00:00)
2026-08-19 17:29:32,720 | INFO | apscheduler.executors.default | Job "GameEngine.registration_watchdog (trigger: interval[0:00:05], next run at: 2026-08-19 12:29:37 UTC)" executed successfully
2026-08-19 17:29:37,707 | INFO | apscheduler.executors.default | Running job "GameEngine.registration_watchdog (trigger: interval[0:00:05], next run at: 2026-08-19 12:29:42 UTC)" (scheduled at 2026-08-19 12:29:37.702445+00:00)
2026-08-19 17:29:37,714 | INFO | apscheduler.executors.default | Job "GameEngine.registration_watchdog (trigger: interval[0:00:05], next run at: 2026-08-19 12:29:42 UTC)" executed successfully
2026-08-19 17:29:39,578 | INFO | root | DEBUG_INCOMING Message from=7526403539 payload=Aa boldi
2026-08-19 17:29:39,610 | INFO | aiogram.event | Update id=466217368 is handled. Duration 31 ms by bot id=8894100649
2026-08-19 17:29:42,707 | INFO | apscheduler.executors.default | Running job "GameEngine.registration_watchdog (trigger: interval[0:00:05], next run at: 2026-08-19 12:29:47 UTC)" (scheduled at 2026-08-19 12:29:42.702445+00:00)
2026-08-19 17:29:42,714 | INFO | apscheduler.executors.default | Job "GameEngine.registration_watchdog (trigger: interval[0:00:05], next run at: 2026-08-19 12:29:47 UTC)" executed successfully
2026-08-19 17:29:47,721 | INFO | apscheduler.executors.default | Running job "GameEngine.registration_watchdog (trigger: interval[0:00:05], next run at: 2026-08-19 12:29:52 UTC)" (scheduled at 2026-08-19 12:29:47.702445+00:00)
2026-08-19 17:29:47,727 | INFO | apscheduler.executors.default | Running job "GameEngine.send_pending_diamond_logs (trigger: interval[0:00:30], next run at: 2026-08-19 12:30:17 UTC)" (scheduled at 2026-08-19 12:29:47.708289+00:00)
2026-08-19 17:29:47,727 | INFO | apscheduler.executors.default | Job "GameEngine.registration_watchdog (trigger: interval[0:00:05], next run at: 2026-08-19 12:29:52 UTC)" executed successfully
2026-08-19 17:29:47,736 | INFO | apscheduler.executors.default | Job "GameEngine.send_pending_diamond_logs (trigger: interval[0:00:30], next run at: 2026-08-19 12:30:17 UTC)" executed successfully
2026-08-19 17:29:52,721 | INFO | apscheduler.executors.default | Running job "GameEngine.registration_watchdog (trigger: interval[0:00:05], next run at: 2026-08-19 12:29:57 UTC)" (scheduled at 2026-08-19 12:29:52.702445+00:00)
2026-08-19 17:29:52,727 | INFO | apscheduler.executors.default | Job "GameEngine.registration_watchdog (trigger: interval[0:00:05], next run at: 2026-08-19 12:29:57 UTC)" executed successfully
2026-08-19 17:29:54,728 | INFO | root | DEBUG_INCOMING Message from=7526403539 payload=..
2026-08-19 17:29:54,759 | INFO | aiogram.event | Update id=466217369 is handled. Duration 32 ms by bot id=8894100649
2026-08-19 17:29:57,716 | INFO | apscheduler.executors.default | Running job "GameEngine.registration_watchdog (trigger: interval[0:00:05], next run at: 2026-08-19 12:30:02 UTC)" (scheduled at 2026-08-19 12:29:57.702445+00:00)
2026-08-19 17:29:57,738 | INFO | apscheduler.executors.default | Job "GameEngine.registration_watchdog (trigger: interval[0:00:05], next run at: 2026-08-19 12:30:02 UTC)" executed successfully
2026-08-19 17:30:02,709 | INFO | apscheduler.executors.default | Running job "GameEngine.registration_watchdog (trigger: interval[0:00:05], next run at: 2026-08-19 12:30:07 UTC)" (scheduled at 2026-08-19 12:30:02.702445+00:00)
2026-08-19 17:30:02,715 | INFO | apscheduler.executors.default | Job "GameEngine.registration_watchdog (trigger: interval[0:00:05], next run at: 2026-08-19 12:30:07 UTC)" executed successfully
2026-08-19 17:30:07,702 | INFO | apscheduler.executors.default | Running job "GameEngine.registration_watchdog (trigger: interval[0:00:05], next run at: 2026-08-19 12:30:12 UTC)" (scheduled at 2026-08-19 12:30:07.702445+00:00)
2026-08-19 17:30:07,709 | INFO | apscheduler.executors.default | Job "GameEngine.registration_watchdog (trigger: interval[0:00:05], next run at: 2026-08-19 12:30:12 UTC)" executed successfully
2026-08-19 17:30:11,722 | INFO | root | DEBUG_INCOMING Message from=8263830135 payload=Don busa 5k berasla\U0001f602
2026-08-19 17:30:11,754 | INFO | aiogram.event | Update id=466217370 is handled. Duration 47 ms by bot id=8894100649
2026-08-19 17:30:12,714 | INFO | apscheduler.executors.default | Running job "GameEngine.registration_watchdog (trigger: interval[0:00:05], next run at: 2026-08-19 12:30:17 UTC)" (scheduled at 2026-08-19 12:30:12.702445+00:00)
2026-08-19 17:30:12,720 | INFO | apscheduler.executors.default | Job "GameEngine.registration_watchdog (trigger: interval[0:00:05], next run at: 2026-08-19 12:30:17 UTC)" executed successfully
2026-08-19 17:30:17,712 | INFO | apscheduler.executors.default | Running job "GameEngine.registration_watchdog (trigger: interval[0:00:05], next run at: 2026-08-19 12:30:22 UTC)" (scheduled at 2026-08-19 12:30:17.702445+00:00)
2026-08-19 17:30:17,718 | INFO | apscheduler.executors.default | Running job "GameEngine.send_pending_diamond_logs (trigger: interval[0:00:30], next run at: 2026-08-19 12:30:47 UTC)" (scheduled at 2026-08-19 12:30:17.708289+00:00)
2026-08-19 17:30:17,718 | INFO | apscheduler.executors.default | Running job "GameEngine.premium_reset_watchdog (trigger: interval[0:01:00], next run at: 2026-08-19 12:31:17 UTC)" (scheduled at 2026-08-19 12:30:17.708289+00:00)
2026-08-19 17:30:17,728 | INFO | apscheduler.executors.default | Job "GameEngine.registration_watchdog (trigger: interval[0:00:05], next run at: 2026-08-19 12:30:22 UTC)" executed successfully
2026-08-19 17:30:17,728 | INFO | apscheduler.executors.default | Job "GameEngine.premium_reset_watchdog (trigger: interval[0:01:00], next run at: 2026-08-19 12:31:17 UTC)" executed successfully
2026-08-19 17:30:17,728 | INFO | apscheduler.executors.default | Job "GameEngine.send_pending_diamond_logs (trigger: interval[0:00:30], next run at: 2026-08-19 12:30:47 UTC)" executed successfully
2026-08-19 17:30:22,708 | INFO | apscheduler.executors.default | Running job "GameEngine.registration_watchdog (trigger: interval[0:00:05], next run at: 2026-08-19 12:30:27 UTC)" (scheduled at 2026-08-19 12:30:22.702445+00:00)
2026-08-19 17:30:22,714 | INFO | apscheduler.executors.default | Job "GameEngine.registration_watchdog (trigger: interval[0:00:05], next run at: 2026-08-19 12:30:27 UTC)" executed successfully
2026-08-19 17:30:27,710 | INFO | apscheduler.executors.default | Running job "GameEngine.registration_watchdog (trigger: interval[0:00:05], next run at: 2026-08-19 12:30:32 UTC)" (scheduled at 2026-08-19 12:30:27.702445+00:00)
2026-08-19 17:30:27,717 | INFO | apscheduler.executors.default | Job "GameEngine.registration_watchdog (trigger: interval[0:00:05], next run at: 2026-08-19 12:30:32 UTC)" executed successfully
2026-08-19 17:30:32,715 | INFO | apscheduler.executors.default | Running job "GameEngine.registration_watchdog (trigger: interval[0:00:05], next run at: 2026-08-19 12:30:37 UTC)" (scheduled at 2026-08-19 12:30:32.702445+00:00)
2026-08-19 17:30:32,722 | INFO | apscheduler.executors.default | Job "GameEngine.registration_watchdog (trigger: interval[0:00:05], next run at: 2026-08-19 12:30:37 UTC)" executed successfully
2026-08-19 17:30:37,537 | INFO | root | DEBUG_INCOMING Message from=7526403539 payload=Dz mandan \U0001f973
2026-08-19 17:30:37,555 | INFO | aiogram.event | Update id=466217371 is handled. Duration 15 ms by bot id=8894100649
2026-08-19 17:30:37,728 | INFO | apscheduler.executors.default | Running job "GameEngine.registration_watchdog (trigger: interval[0:00:05], next run at: 2026-08-19 12:30:42 UTC)" (scheduled at 2026-08-19 12:30:37.702445+00:00)
2026-08-19 17:30:37,735 | INFO | apscheduler.executors.default | Job "GameEngine.registration_watchdog (trigger: interval[0:00:05], next run at: 2026-08-19 12:30:42 UTC)" executed successfully
2026-08-19 17:30:42,702 | INFO | apscheduler.executors.default | Running job "GameEngine.registration_watchdog (trigger: interval[0:00:05], next run at: 2026-08-19 12:30:47 UTC)" (scheduled at 2026-08-19 12:30:42.702445+00:00)
2026-08-19 17:30:42,709 | INFO | apscheduler.executors.default | Job "GameEngine.registration_watchdog (trigger: interval[0:00:05], next run at: 2026-08-19 12:30:47 UTC)" executed successfully
2026-08-19 17:30:47,710 | INFO | apscheduler.executors.default | Running job "GameEngine.registration_watchdog (trigger: interval[0:00:05], next run at: 2026-08-19 12:30:52 UTC)" (scheduled at 2026-08-19 12:30:47.702445+00:00)
2026-08-19 17:30:47,717 | INFO | apscheduler.executors.default | Running job "GameEngine.send_pending_diamond_logs (trigger: interval[0:00:30], next run at: 2026-08-19 12:31:17 UTC)" (scheduled at 2026-08-19 12:30:47.708289+00:00)
2026-08-19 17:30:47,726 | INFO | apscheduler.executors.default | Job "GameEngine.registration_watchdog (trigger: interval[0:00:05], next run at: 2026-08-19 12:30:52 UTC)" executed successfully
2026-08-19 17:30:47,726 | INFO | apscheduler.executors.default | Job "GameEngine.send_pending_diamond_logs (trigger: interval[0:00:30], next run at: 2026-08-19 12:31:17 UTC)" executed successfully
2026-08-19 17:30:52,714 | INFO | apscheduler.executors.default | Running job "GameEngine.registration_watchdog (trigger: interval[0:00:05], next run at: 2026-08-19 12:30:57 UTC)" (scheduled at 2026-08-19 12:30:52.702445+00:00)
2026-08-19 17:30:52,716 | INFO | apscheduler.executors.default | Job "GameEngine.registration_watchdog (trigger: interval[0:00:05], next run at: 2026-08-19 12:30:57 UTC)" executed successfully
2026-08-19 17:30:57,705 | INFO | apscheduler.executors.default | Running job "GameEngine.registration_watchdog (trigger: interval[0:00:05], next run at: 2026-08-19 12:31:02 UTC)" (scheduled at 2026-08-19 12:30:57.702445+00:00)
2026-08-19 17:30:57,715 | INFO | apscheduler.executors.default | Job "GameEngine.registration_watchdog (trigger: interval[0:00:05], next run at: 2026-08-19 12:31:02 UTC)" executed successfully
2026-08-19 17:31:02,711 | INFO | apscheduler.executors.default | Running job "GameEngine.registration_watchdog (trigger: interval[0:00:05], next run at: 2026-08-19 12:31:07 UTC)" (scheduled at 2026-08-19 12:31:02.702445+00:00)
2026-08-19 17:31:02,718 | INFO | apscheduler.executors.default | Job "GameEngine.registration_watchdog (trigger: interval[0:00:05], next run at: 2026-08-19 12:31:07 UTC)" executed successfully
2026-08-19 17:31:07,704 | INFO | apscheduler.executors.default | Running job "GameEngine.registration_watchdog (trigger: interval[0:00:05], next run at: 2026-08-19 12:31:12 UTC)" (scheduled at 2026-08-19 12:31:07.702445+00:00)
2026-08-19 17:31:07,710 | INFO | apscheduler.executors.default | Job "GameEngine.registration_watchdog (trigger: interval[0:00:05], next run at: 2026-08-19 12:31:12 UTC)" executed successfully
2026-08-19 17:31:12,717 | INFO | apscheduler.executors.default | Running job "GameEngine.registration_watchdog (trigger: interval[0:00:05], next run at: 2026-08-19 12:31:17 UTC)" (scheduled at 2026-08-19 12:31:12.702445+00:00)
2026-08-19 17:31:12,723 | INFO | apscheduler.executors.default | Job "GameEngine.registration_watchdog (trigger: interval[0:00:05], next run at: 2026-08-19 12:31:17 UTC)" executed successfully
2026-08-19 17:31:13,414 | INFO | root | DEBUG_INCOMING Message from=8263830135 payload=Dave
2026-08-19 17:31:13,437 | INFO | aiogram.event | Update id=466217372 is handled. Duration 31 ms by bot id=8894100649
2026-08-19 17:31:17,707 | INFO | apscheduler.executors.default | Running job "GameEngine.registration_watchdog (trigger: interval[0:00:05], next run at: 2026-08-19 12:31:22 UTC)" (scheduled at 2026-08-19 12:31:17.702445+00:00)
2026-08-19 17:31:17,707 | INFO | apscheduler.executors.default | Job "GameEngine.registration_watchdog (trigger: interval[0:00:05], next run at: 2026-08-19 12:31:22 UTC)" executed successfully
2026-08-19 17:31:17,723 | INFO | apscheduler.executors.default | Running job "GameEngine.send_pending_diamond_logs (trigger: interval[0:00:30], next run at: 2026-08-19 12:31:47 UTC)" (scheduled at 2026-08-19 12:31:17.708289+00:00)
2026-08-19 17:31:17,723 | INFO | apscheduler.executors.default | Running job "GameEngine.premium_reset_watchdog (trigger: interval[0:01:00], next run at: 2026-08-19 12:32:17 UTC)" (scheduled at 2026-08-19 12:31:17.708289+00:00)
2026-08-19 17:31:17,723 | INFO | apscheduler.executors.default | Job "GameEngine.premium_reset_watchdog (trigger: interval[0:01:00], next run at: 2026-08-19 12:32:17 UTC)" executed successfully
2026-08-19 17:31:17,723 | INFO | apscheduler.executors.default | Job "GameEngine.send_pending_diamond_logs (trigger: interval[0:00:30], next run at: 2026-08-19 12:31:47 UTC)" executed successfully
2026-08-19 17:31:18,805 | INFO | root | DEBUG_INCOMING Message from=7601257532 payload=/game@ProMafiyaBot
2026-08-19 17:31:18,979 | INFO | root | DEBUG_INCOMING Message from=7601257532 payload=/game@ProMafiyaBot
2026-08-19 17:31:19,315 | INFO | aiogram.event | Update id=466217373 is handled. Duration 516 ms by bot id=8894100649
2026-08-19 17:31:19,517 | INFO | aiogram.event | Update id=466217374 is handled. Duration 562 ms by bot id=8894100649
2026-08-19 17:31:19,879 | INFO | root | DEBUG_INCOMING Message from=5713560695 payload=/game@ProMafiyaBot
2026-08-19 17:31:20,105 | INFO | aiogram.event | Update id=466217375 is handled. Duration 234 ms by bot id=8894100649
2026-08-19 17:31:22,705 | INFO | apscheduler.executors.default | Running job "GameEngine.registration_watchdog (trigger: interval[0:00:05], next run at: 2026-08-19 12:31:27 UTC)" (scheduled at 2026-08-19 12:31:22.702445+00:00)
2026-08-19 17:31:22,712 | INFO | apscheduler.executors.default | Job "GameEngine.registration_watchdog (trigger: interval[0:00:05], next run at: 2026-08-19 12:31:27 UTC)" executed successfully
2026-08-19 17:31:27,723 | INFO | apscheduler.executors.default | Running job "GameEngine.registration_watchdog (trigger: interval[0:00:05], next run at: 2026-08-19 12:31:32 UTC)" (scheduled at 2026-08-19 12:31:27.702445+00:00)
2026-08-19 17:31:27,729 | INFO | apscheduler.executors.default | Job "GameEngine.registration_watchdog (trigger: interval[0:00:05], next run at: 2026-08-19 12:31:32 UTC)" executed successfully
2026-08-19 17:31:32,703 | INFO | apscheduler.executors.default | Running job "GameEngine.registration_watchdog (trigger: interval[0:00:05], next run at: 2026-08-19 12:31:37 UTC)" (scheduled at 2026-08-19 12:31:32.702445+00:00)
2026-08-19 17:31:32,709 | INFO | apscheduler.executors.default | Job "GameEngine.registration_watchdog (trigger: interval[0:00:05], next run at: 2026-08-19 12:31:37 UTC)" executed successfully
2026-08-19 17:31:37,706 | INFO | apscheduler.executors.default | Running job "GameEngine.registration_watchdog (trigger: interval[0:00:05], next run at: 2026-08-19 12:31:42 UTC)" (scheduled at 2026-08-19 12:31:37.702445+00:00)
2026-08-19 17:31:37,713 | INFO | apscheduler.executors.default | Job "GameEngine.registration_watchdog (trigger: interval[0:00:05], next run at: 2026-08-19 12:31:42 UTC)" executed successfully
2026-08-19 17:31:42,713 | INFO | apscheduler.executors.default | Running job "GameEngine.registration_watchdog (trigger: interval[0:00:05], next run at: 2026-08-19 12:31:47 UTC)" (scheduled at 2026-08-19 12:31:42.702445+00:00)
2026-08-19 17:31:42,720 | INFO | apscheduler.executors.default | Job "GameEngine.registration_watchdog (trigger: interval[0:00:05], next run at: 2026-08-19 12:31:47 UTC)" executed successfully
2026-08-19 17:31:47,707 | INFO | apscheduler.executors.default | Running job "GameEngine.registration_watchdog (trigger: interval[0:00:05], next run at: 2026-08-19 12:31:52 UTC)" (scheduled at 2026-08-19 12:31:47.702445+00:00)
2026-08-19 17:31:47,713 | INFO | apscheduler.executors.default | Running job "GameEngine.send_pending_diamond_logs (trigger: interval[0:00:30], next run at: 2026-08-19 12:32:17 UTC)" (scheduled at 2026-08-19 12:31:47.708289+00:00)
2026-08-19 17:31:47,723 | INFO | apscheduler.executors.default | Job "GameEngine.registration_watchdog (trigger: interval[0:00:05], next run at: 2026-08-19 12:31:52 UTC)" executed successfully
2026-08-19 17:31:47,723 | INFO | apscheduler.executors.default | Job "GameEngine.send_pending_diamond_logs (trigger: interval[0:00:30], next run at: 2026-08-19 12:32:17 UTC)" executed successfully
2026-08-19 17:31:52,718 | INFO | apscheduler.executors.default | Running job "GameEngine.registration_watchdog (trigger: interval[0:00:05], next run at: 2026-08-19 12:31:57 UTC)" (scheduled at 2026-08-19 12:31:52.702445+00:00)
2026-08-19 17:31:52,724 | INFO | apscheduler.executors.default | Job "GameEngine.registration_watchdog (trigger: interval[0:00:05], next run at: 2026-08-19 12:31:57 UTC)" executed successfully
2026-08-19 17:31:57,718 | INFO | apscheduler.executors.default | Running job "GameEngine.registration_watchdog (trigger: interval[0:00:05], next run at: 2026-08-19 12:32:02 UTC)" (scheduled at 2026-08-19 12:31:57.702445+00:00)
2026-08-19 17:31:57,725 | INFO | apscheduler.executors.default | Job "GameEngine.registration_watchdog (trigger: interval[0:00:05], next run at: 2026-08-19 12:32:02 UTC)" executed successfully
2026-08-19 17:32:02,722 | INFO | apscheduler.executors.default | Running job "GameEngine.registration_watchdog (trigger: interval[0:00:05], next run at: 2026-08-19 12:32:07 UTC)" (scheduled at 2026-08-19 12:32:02.702445+00:00)
2026-08-19 17:32:02,728 | INFO | apscheduler.executors.default | Job "GameEngine.registration_watchdog (trigger: interval[0:00:05], next run at: 2026-08-19 12:32:07 UTC)" executed successfully
2026-08-19 17:32:03,125 | INFO | root | DEBUG_INCOMING Message from=7601257532 payload=/money 2
2026-08-19 17:32:03,944 | INFO | aiogram.event | Update id=466217376 is handled. Duration 812 ms by bot id=8894100649
2026-08-19 17:32:07,712 | INFO | apscheduler.executors.default | Running job "GameEngine.registration_watchdog (trigger: interval[0:00:05], next run at: 2026-08-19 12:32:12 UTC)" (scheduled at 2026-08-19 12:32:07.702445+00:00)
2026-08-19 17:32:07,719 | INFO | apscheduler.executors.default | Job "GameEngine.registration_watchdog (trigger: interval[0:00:05], next run at: 2026-08-19 12:32:12 UTC)" executed successfully
2026-08-19 17:32:12,710 | INFO | apscheduler.executors.default | Running job "GameEngine.registration_watchdog (trigger: interval[0:00:05], next run at: 2026-08-19 12:32:17 UTC)" (scheduled at 2026-08-19 12:32:12.702445+00:00)
2026-08-19 17:32:12,710 | INFO | apscheduler.executors.default | Job "GameEngine.registration_watchdog (trigger: interval[0:00:05], next run at: 2026-08-19 12:32:17 UTC)" executed successfully
2026-08-19 17:32:15,021 | INFO | root | DEBUG_INCOMING Message from=5713560695 payload=. pulyubor 1
2026-08-19 17:32:15,071 | INFO | aiogram.event | Update id=466217377 is handled. Duration 47 ms by bot id=8894100649
2026-08-19 17:32:17,712 | INFO | apscheduler.executors.default | Running job "GameEngine.registration_watchdog (trigger: interval[0:00:05], next run at: 2026-08-19 12:32:22 UTC)" (scheduled at 2026-08-19 12:32:17.702445+00:00)
2026-08-19 17:32:17,720 | INFO | apscheduler.executors.default | Running job "GameEngine.send_pending_diamond_logs (trigger: interval[0:00:30], next run at: 2026-08-19 12:32:47 UTC)" (scheduled at 2026-08-19 12:32:17.708289+00:00)
2026-08-19 17:32:17,722 | INFO | apscheduler.executors.default | Running job "GameEngine.premium_reset_watchdog (trigger: interval[0:01:00], next run at: 2026-08-19 12:33:17 UTC)" (scheduled at 2026-08-19 12:32:17.708289+00:00)
2026-08-19 17:32:17,722 | INFO | apscheduler.executors.default | Job "GameEngine.registration_watchdog (trigger: interval[0:00:05], next run at: 2026-08-19 12:32:22 UTC)" executed successfully
2026-08-19 17:32:17,722 | INFO | apscheduler.executors.default | Job "GameEngine.premium_reset_watchdog (trigger: interval[0:01:00], next run at: 2026-08-19 12:33:17 UTC)" executed successfully
2026-08-19 17:32:17,736 | INFO | apscheduler.executors.default | Job "GameEngine.send_pending_diamond_logs (trigger: interval[0:00:30], next run at: 2026-08-19 12:32:47 UTC)" executed successfully
2026-08-19 17:32:22,704 | INFO | apscheduler.executors.default | Running job "GameEngine.registration_watchdog (trigger: interval[0:00:05], next run at: 2026-08-19 12:32:27 UTC)" (scheduled at 2026-08-19 12:32:22.702445+00:00)
2026-08-19 17:32:22,711 | INFO | apscheduler.executors.default | Job "GameEngine.registration_watchdog (trigger: interval[0:00:05], next run at: 2026-08-19 12:32:27 UTC)" executed successfully
2026-08-19 17:32:25,673 | INFO | root | DEBUG_INCOMING Message from=5713560695 payload=.pulyubor 1
2026-08-19 17:32:25,696 | INFO | aiogram.event | Update id=466217378 is handled. Duration 16 ms by bot id=8894100649
2026-08-19 17:32:27,710 | INFO | apscheduler.executors.default | Running job "GameEngine.registration_watchdog (trigger: interval[0:00:05], next run at: 2026-08-19 12:32:32 UTC)" (scheduled at 2026-08-19 12:32:27.702445+00:00)
2026-08-19 17:32:27,717 | INFO | apscheduler.executors.default | Job "GameEngine.registration_watchdog (trigger: interval[0:00:05], next run at: 2026-08-19 12:32:32 UTC)" executed successfully
2026-08-19 17:32:32,702 | INFO | apscheduler.executors.default | Running job "GameEngine.registration_watchdog (trigger: interval[0:00:05], next run at: 2026-08-19 12:32:37 UTC)" (scheduled at 2026-08-19 12:32:32.702445+00:00)
2026-08-19 17:32:32,708 | INFO | apscheduler.executors.default | Job "GameEngine.registration_watchdog (trigger: interval[0:00:05], next run at: 2026-08-19 12:32:37 UTC)" executed successfully
2026-08-19 17:32:32,798 | INFO | root | DEBUG_INCOMING Message from=5713560695 payload=Bot qotyapdmi?
2026-08-19 17:32:32,821 | INFO | aiogram.event | Update id=466217379 is handled. Duration 16 ms by bot id=8894100649
2026-08-19 17:32:36,217 | INFO | root | DEBUG_INCOMING Message from=7526403539 payload=,pul yubor 5 k
2026-08-19 17:32:36,249 | INFO | aiogram.event | Update id=466217380 is handled. Duration 32 ms by bot id=8894100649
2026-08-19 17:32:37,534 | INFO | root | DEBUG_INCOMING Message from=5713560695 payload=/game@ProMafiyaBot
2026-08-19 17:32:37,703 | INFO | apscheduler.executors.default | Running job "GameEngine.registration_watchdog (trigger: interval[0:00:05], next run at: 2026-08-19 12:32:42 UTC)" (scheduled at 2026-08-19 12:32:37.702445+00:00)
2026-08-19 17:32:37,715 | INFO | apscheduler.executors.default | Job "GameEngine.registration_watchdog (trigger: interval[0:00:05], next run at: 2026-08-19 12:32:42 UTC)" executed successfully
2026-08-19 17:32:37,750 | INFO | aiogram.event | Update id=466217381 is handled. Duration 219 ms by bot id=8894100649
2026-08-19 17:32:42,473 | INFO | root | DEBUG_INCOMING Message from=7526403539 payload=Ana
2026-08-19 17:32:42,507 | INFO | aiogram.event | Update id=466217382 is handled. Duration 32 ms by bot id=8894100649
2026-08-19 17:32:42,721 | INFO | apscheduler.executors.default | Running job "GameEngine.registration_watchdog (trigger: interval[0:00:05], next run at: 2026-08-19 12:32:47 UTC)" (scheduled at 2026-08-19 12:32:42.702445+00:00)
2026-08-19 17:32:42,728 | INFO | apscheduler.executors.default | Job "GameEngine.registration_watchdog (trigger: interval[0:00:05], next run at: 2026-08-19 12:32:47 UTC)" executed successfully
2026-08-19 17:32:43,277 | INFO | root | DEBUG_INCOMING Message from=5713560695 payload=5
2026-08-19 17:32:43,307 | INFO | aiogram.event | Update id=466217383 is handled. Duration 15 ms by bot id=8894100649
2026-08-19 17:32:44,602 | INFO | root | DEBUG_INCOMING Message from=5713560695 payload=4
2026-08-19 17:32:44,618 | INFO | aiogram.event | Update id=466217384 is handled. Duration 31 ms by bot id=8894100649
2026-08-19 17:32:45,742 | INFO | root | DEBUG_INCOMING Message from=5713560695 payload=3
2026-08-19 17:32:45,763 | INFO | aiogram.event | Update id=466217385 is handled. Duration 30 ms by bot id=8894100649
2026-08-19 17:32:46,665 | INFO | root | DEBUG_INCOMING Message from=5713560695 payload=2
2026-08-19 17:32:46,679 | INFO | aiogram.event | Update id=466217386 is handled. Duration 15 ms by bot id=8894100649
2026-08-19 17:32:47,722 | INFO | apscheduler.executors.default | Running job "GameEngine.registration_watchdog (trigger: interval[0:00:05], next run at: 2026-08-19 12:32:52 UTC)" (scheduled at 2026-08-19 12:32:47.702445+00:00)
2026-08-19 17:32:47,729 | INFO | apscheduler.executors.default | Running job "GameEngine.send_pending_diamond_logs (trigger: interval[0:00:30], next run at: 2026-08-19 12:33:17 UTC)" (scheduled at 2026-08-19 12:32:47.708289+00:00)
2026-08-19 17:32:47,738 | INFO | apscheduler.executors.default | Job "GameEngine.registration_watchdog (trigger: interval[0:00:05], next run at: 2026-08-19 12:32:52 UTC)" executed successfully
2026-08-19 17:32:47,738 | INFO | apscheduler.executors.default | Job "GameEngine.send_pending_diamond_logs (trigger: interval[0:00:30], next run at: 2026-08-19 12:33:17 UTC)" executed successfully
2026-08-19 17:32:47,786 | INFO | root | DEBUG_INCOMING Message from=5713560695 payload=1
2026-08-19 17:32:47,802 | INFO | aiogram.event | Update id=466217387 is handled. Duration 15 ms by bot id=8894100649
2026-08-19 17:32:48,853 | INFO | root | DEBUG_INCOMING Message from=5713560695 payload=St
2026-08-19 17:32:48,865 | INFO | aiogram.event | Update id=466217388 is handled. Duration 16 ms by bot id=8894100649
2026-08-19 17:32:52,600 | INFO | root | DEBUG_INCOMING Message from=5713560695 payload=/start@ProMafiyaBot
2026-08-19 17:32:52,712 | INFO | apscheduler.executors.default | Running job "GameEngine.registration_watchdog (trigger: interval[0:00:05], next run at: 2026-08-19 12:32:57 UTC)" (scheduled at 2026-08-19 12:32:52.702445+00:00)
2026-08-19 17:32:52,722 | INFO | apscheduler.executors.default | Job "GameEngine.registration_watchdog (trigger: interval[0:00:05], next run at: 2026-08-19 12:32:57 UTC)" executed successfully
2026-08-19 17:32:52,864 | INFO | aiogram.event | Update id=466217389 is handled. Duration 266 ms by bot id=8894100649
2026-08-19 17:32:57,707 | INFO | apscheduler.executors.default | Running job "GameEngine.registration_watchdog (trigger: interval[0:00:05], next run at: 2026-08-19 12:33:02 UTC)" (scheduled at 2026-08-19 12:32:57.702445+00:00)
2026-08-19 17:32:57,714 | INFO | apscheduler.executors.default | Job "GameEngine.registration_watchdog (trigger: interval[0:00:05], next run at: 2026-08-19 12:33:02 UTC)" executed successfully
2026-08-19 17:33:02,705 | INFO | apscheduler.executors.default | Running job "GameEngine.registration_watchdog (trigger: interval[0:00:05], next run at: 2026-08-19 12:33:07 UTC)" (scheduled at 2026-08-19 12:33:02.702445+00:00)
2026-08-19 17:33:02,711 | INFO | apscheduler.executors.default | Job "GameEngine.registration_watchdog (trigger: interval[0:00:05], next run at: 2026-08-19 12:33:07 UTC)" executed successfully
2026-08-19 17:33:07,714 | INFO | apscheduler.executors.default | Running job "GameEngine.registration_watchdog (trigger: interval[0:00:05], next run at: 2026-08-19 12:33:12 UTC)" (scheduled at 2026-08-19 12:33:07.702445+00:00)
2026-08-19 17:33:07,722 | INFO | apscheduler.executors.default | Job "GameEngine.registration_watchdog (trigger: interval[0:00:05], next run at: 2026-08-19 12:33:12 UTC)" executed successfully
2026-08-19 17:33:12,723 | INFO | apscheduler.executors.default | Running job "GameEngine.registration_watchdog (trigger: interval[0:00:05], next run at: 2026-08-19 12:33:17 UTC)" (scheduled at 2026-08-19 12:33:12.702445+00:00)
2026-08-19 17:33:12,730 | INFO | apscheduler.executors.default | Job "GameEngine.registration_watchdog (trigger: interval[0:00:05], next run at: 2026-08-19 12:33:17 UTC)" executed successfully
2026-08-19 17:33:17,702 | INFO | apscheduler.executors.default | Running job "GameEngine.registration_watchdog (trigger: interval[0:00:05], next run at: 2026-08-19 12:33:22 UTC)" (scheduled at 2026-08-19 12:33:17.702445+00:00)
2026-08-19 17:33:17,713 | INFO | apscheduler.executors.default | Running job "GameEngine.send_pending_diamond_logs (trigger: interval[0:00:30], next run at: 2026-08-19 12:33:47 UTC)" (scheduled at 2026-08-19 12:33:17.708289+00:00)
2026-08-19 17:33:17,713 | INFO | apscheduler.executors.default | Running job "GameEngine.premium_reset_watchdog (trigger: interval[0:01:00], next run at: 2026-08-19 12:34:17 UTC)" (scheduled at 2026-08-19 12:33:17.708289+00:00)
2026-08-19 17:33:17,718 | INFO | apscheduler.executors.default | Job "GameEngine.registration_watchdog (trigger: interval[0:00:05], next run at: 2026-08-19 12:33:22 UTC)" executed successfully
2026-08-19 17:33:17,718 | INFO | apscheduler.executors.default | Job "GameEngine.premium_reset_watchdog (trigger: interval[0:01:00], next run at: 2026-08-19 12:34:17 UTC)" executed successfully
2026-08-19 17:33:17,718 | INFO | apscheduler.executors.default | Job "GameEngine.send_pending_diamond_logs (trigger: interval[0:00:30], next run at: 2026-08-19 12:33:47 UTC)" executed successfully
2026-08-19 17:33:22,709 | INFO | apscheduler.executors.default | Running job "GameEngine.registration_watchdog (trigger: interval[0:00:05], next run at: 2026-08-19 12:33:27 UTC)" (scheduled at 2026-08-19 12:33:22.702445+00:00)
2026-08-19 17:33:22,716 | INFO | apscheduler.executors.default | Job "GameEngine.registration_watchdog (trigger: interval[0:00:05], next run at: 2026-08-19 12:33:27 UTC)" executed successfully
2026-08-19 17:33:27,708 | INFO | apscheduler.executors.default | Running job "GameEngine.registration_watchdog (trigger: interval[0:00:05], next run at: 2026-08-19 12:33:32 UTC)" (scheduled at 2026-08-19 12:33:27.702445+00:00)
2026-08-19 17:33:27,715 | INFO | apscheduler.executors.default | Job "GameEngine.registration_watchdog (trigger: interval[0:00:05], next run at: 2026-08-19 12:33:32 UTC)" executed successfully
2026-08-19 17:33:32,705 | INFO | apscheduler.executors.default | Running job "GameEngine.registration_watchdog (trigger: interval[0:00:05], next run at: 2026-08-19 12:33:37 UTC)" (scheduled at 2026-08-19 12:33:32.702445+00:00)
2026-08-19 17:33:32,711 | INFO | apscheduler.executors.default | Job "GameEngine.registration_watchdog (trigger: interval[0:00:05], next run at: 2026-08-19 12:33:37 UTC)" executed successfully
2026-08-19 17:33:37,709 | INFO | apscheduler.executors.default | Running job "GameEngine.registration_watchdog (trigger: interval[0:00:05], next run at: 2026-08-19 12:33:42 UTC)" (scheduled at 2026-08-19 12:33:37.702445+00:00)
2026-08-19 17:33:37,715 | INFO | apscheduler.executors.default | Job "GameEngine.registration_watchdog (trigger: interval[0:00:05], next run at: 2026-08-19 12:33:42 UTC)" executed successfully
2026-08-19 17:33:42,710 | INFO | apscheduler.executors.default | Running job "GameEngine.registration_watchdog (trigger: interval[0:00:05], next run at: 2026-08-19 12:33:47 UTC)" (scheduled at 2026-08-19 12:33:42.702445+00:00)
2026-08-19 17:33:42,716 | INFO | apscheduler.executors.default | Job "GameEngine.registration_watchdog (trigger: interval[0:00:05], next run at: 2026-08-19 12:33:47 UTC)" executed successfully
2026-08-19 17:33:43,299 | INFO | root | DEBUG_INCOMING Message from=5713560695 payload=Тинчман
2026-08-19 17:33:43,331 | INFO | aiogram.event | Update id=466217390 is handled. Duration 32 ms by bot id=8894100649
2026-08-19 17:33:47,715 | INFO | apscheduler.executors.default | Running job "GameEngine.registration_watchdog (trigger: interval[0:00:05], next run at: 2026-08-19 12:33:52 UTC)" (scheduled at 2026-08-19 12:33:47.702445+00:00)
2026-08-19 17:33:47,722 | INFO | apscheduler.executors.default | Running job "GameEngine.send_pending_diamond_logs (trigger: interval[0:00:30], next run at: 2026-08-19 12:34:17 UTC)" (scheduled at 2026-08-19 12:33:47.708289+00:00)
2026-08-19 17:33:47,731 | INFO | apscheduler.executors.default | Job "GameEngine.registration_watchdog (trigger: interval[0:00:05], next run at: 2026-08-19 12:33:52 UTC)" executed successfully
2026-08-19 17:33:47,731 | INFO | apscheduler.executors.default | Job "GameEngine.send_pending_diamond_logs (trigger: interval[0:00:30], next run at: 2026-08-19 12:34:17 UTC)" executed successfully
2026-08-19 17:33:52,704 | INFO | apscheduler.executors.default | Running job "GameEngine.registration_watchdog (trigger: interval[0:00:05], next run at: 2026-08-19 12:33:57 UTC)" (scheduled at 2026-08-19 12:33:52.702445+00:00)
2026-08-19 17:33:52,711 | INFO | apscheduler.executors.default | Job "GameEngine.registration_watchdog (trigger: interval[0:00:05], next run at: 2026-08-19 12:33:57 UTC)" executed successfully
2026-08-19 17:33:57,726 | INFO | apscheduler.executors.default | Running job "GameEngine.registration_watchdog (trigger: interval[0:00:05], next run at: 2026-08-19 12:34:02 UTC)" (scheduled at 2026-08-19 12:33:57.702445+00:00)
2026-08-19 17:33:57,733 | INFO | apscheduler.executors.default | Job "GameEngine.registration_watchdog (trigger: interval[0:00:05], next run at: 2026-08-19 12:34:02 UTC)" executed successfully
2026-08-19 17:34:02,707 | INFO | apscheduler.executors.default | Running job "GameEngine.registration_watchdog (trigger: interval[0:00:05], next run at: 2026-08-19 12:34:07 UTC)" (scheduled at 2026-08-19 12:34:02.702445+00:00)
2026-08-19 17:34:02,711 | INFO | apscheduler.executors.default | Job "GameEngine.registration_watchdog (trigger: interval[0:00:05], next run at: 2026-08-19 12:34:07 UTC)" executed successfully
2026-08-19 17:34:07,723 | INFO | apscheduler.executors.default | Running job "GameEngine.registration_watchdog (trigger: interval[0:00:05], next run at: 2026-08-19 12:34:12 UTC)" (scheduled at 2026-08-19 12:34:07.702445+00:00)
2026-08-19 17:34:07,730 | INFO | apscheduler.executors.default | Job "GameEngine.registration_watchdog (trigger: interval[0:00:05], next run at: 2026-08-19 12:34:12 UTC)" executed successfully
2026-08-19 17:34:12,712 | INFO | apscheduler.executors.default | Running job "GameEngine.registration_watchdog (trigger: interval[0:00:05], next run at: 2026-08-19 12:34:17 UTC)" (scheduled at 2026-08-19 12:34:12.702445+00:00)
2026-08-19 17:34:12,719 | INFO | apscheduler.executors.default | Job "GameEngine.registration_watchdog (trigger: interval[0:00:05], next run at: 2026-08-19 12:34:17 UTC)" executed successfully
2026-08-19 17:34:17,713 | INFO | apscheduler.executors.default | Running job "GameEngine.registration_watchdog (trigger: interval[0:00:05], next run at: 2026-08-19 12:34:22 UTC)" (scheduled at 2026-08-19 12:34:17.702445+00:00)
2026-08-19 17:34:17,720 | INFO | apscheduler.executors.default | Running job "GameEngine.send_pending_diamond_logs (trigger: interval[0:00:30], next run at: 2026-08-19 12:34:47 UTC)" (scheduled at 2026-08-19 12:34:17.708289+00:00)
2026-08-19 17:34:17,720 | INFO | apscheduler.executors.default | Running job "GameEngine.premium_reset_watchdog (trigger: interval[0:01:00], next run at: 2026-08-19 12:35:17 UTC)" (scheduled at 2026-08-19 12:34:17.708289+00:00)
2026-08-19 17:34:17,729 | INFO | apscheduler.executors.default | Job "GameEngine.registration_watchdog (trigger: interval[0:00:05], next run at: 2026-08-19 12:34:22 UTC)" executed successfully
2026-08-19 17:34:17,745 | INFO | apscheduler.executors.default | Job "GameEngine.premium_reset_watchdog (trigger: interval[0:01:00], next run at: 2026-08-19 12:35:17 UTC)" executed successfully
2026-08-19 17:34:17,745 | INFO | apscheduler.executors.default | Job "GameEngine.send_pending_diamond_logs (trigger: interval[0:00:30], next run at: 2026-08-19 12:34:47 UTC)" executed successfully
2026-08-19 17:34:22,706 | INFO | apscheduler.executors.default | Running job "GameEngine.registration_watchdog (trigger: interval[0:00:05], next run at: 2026-08-19 12:34:27 UTC)" (scheduled at 2026-08-19 12:34:22.702445+00:00)
2026-08-19 17:34:22,713 | INFO | apscheduler.executors.default | Job "GameEngine.registration_watchdog (trigger: interval[0:00:05], next run at: 2026-08-19 12:34:27 UTC)" executed successfully
2026-08-19 17:34:27,702 | INFO | apscheduler.executors.default | Running job "GameEngine.registration_watchdog (trigger: interval[0:00:05], next run at: 2026-08-19 12:34:32 UTC)" (scheduled at 2026-08-19 12:34:27.702445+00:00)
2026-08-19 17:34:27,709 | INFO | apscheduler.executors.default | Job "GameEngine.registration_watchdog (trigger: interval[0:00:05], next run at: 2026-08-19 12:34:32 UTC)" executed successfully
2026-08-19 17:34:32,714 | INFO | apscheduler.executors.default | Running job "GameEngine.registration_watchdog (trigger: interval[0:00:05], next run at: 2026-08-19 12:34:37 UTC)" (scheduled at 2026-08-19 12:34:32.702445+00:00)
2026-08-19 17:34:32,720 | INFO | apscheduler.executors.default | Job "GameEngine.registration_watchdog (trigger: interval[0:00:05], next run at: 2026-08-19 12:34:37 UTC)" executed successfully
2026-08-19 17:34:37,710 | INFO | apscheduler.executors.default | Running job "GameEngine.registration_watchdog (trigger: interval[0:00:05], next run at: 2026-08-19 12:34:42 UTC)" (scheduled at 2026-08-19 12:34:37.702445+00:00)
2026-08-19 17:34:37,716 | INFO | apscheduler.executors.default | Job "GameEngine.registration_watchdog (trigger: interval[0:00:05], next run at: 2026-08-19 12:34:42 UTC)" executed successfully
2026-08-19 17:34:42,709 | INFO | apscheduler.executors.default | Running job "GameEngine.registration_watchdog (trigger: interval[0:00:05], next run at: 2026-08-19 12:34:47 UTC)" (scheduled at 2026-08-19 12:34:42.702445+00:00)
2026-08-19 17:34:42,715 | INFO | apscheduler.executors.default | Job "GameEngine.registration_watchdog (trigger: interval[0:00:05], next run at: 2026-08-19 12:34:47 UTC)" executed successfully
2026-08-19 17:34:47,709 | INFO | apscheduler.executors.default | Running job "GameEngine.registration_watchdog (trigger: interval[0:00:05], next run at: 2026-08-19 12:34:52 UTC)" (scheduled at 2026-08-19 12:34:47.702445+00:00)
2026-08-19 17:34:47,716 | INFO | apscheduler.executors.default | Running job "GameEngine.send_pending_diamond_logs (trigger: interval[0:00:30], next run at: 2026-08-19 12:35:17 UTC)" (scheduled at 2026-08-19 12:34:47.708289+00:00)
2026-08-19 17:34:47,716 | INFO | apscheduler.executors.default | Job "GameEngine.registration_watchdog (trigger: interval[0:00:05], next run at: 2026-08-19 12:34:52 UTC)" executed successfully
2026-08-19 17:34:47,729 | INFO | apscheduler.executors.default | Job "GameEngine.send_pending_diamond_logs (trigger: interval[0:00:30], next run at: 2026-08-19 12:35:17 UTC)" executed successfully
2026-08-19 17:34:52,710 | INFO | apscheduler.executors.default | Running job "GameEngine.registration_watchdog (trigger: interval[0:00:05], next run at: 2026-08-19 12:34:57 UTC)" (scheduled at 2026-08-19 12:34:52.702445+00:00)
2026-08-19 17:34:52,717 | INFO | apscheduler.executors.default | Job "GameEngine.registration_watchdog (trigger: interval[0:00:05], next run at: 2026-08-19 12:34:57 UTC)" executed successfully
2026-08-19 17:34:57,707 | INFO | apscheduler.executors.default | Running job "GameEngine.registration_watchdog (trigger: interval[0:00:05], next run at: 2026-08-19 12:35:02 UTC)" (scheduled at 2026-08-19 12:34:57.702445+00:00)
2026-08-19 17:34:57,714 | INFO | apscheduler.executors.default | Job "GameEngine.registration_watchdog (trigger: interval[0:00:05], next run at: 2026-08-19 12:35:02 UTC)" executed successfully
2026-08-19 17:35:01,923 | INFO | root | DEBUG_INCOMING Message from=7526403539 payload=Iib
2026-08-19 17:35:01,954 | INFO | aiogram.event | Update id=466217391 is handled. Duration 32 ms by bot id=8894100649
2026-08-19 17:35:02,708 | INFO | apscheduler.executors.default | Running job "GameEngine.registration_watchdog (trigger: interval[0:00:05], next run at: 2026-08-19 12:35:07 UTC)" (scheduled at 2026-08-19 12:35:02.702445+00:00)
2026-08-19 17:35:02,715 | INFO | apscheduler.executors.default | Job "GameEngine.registration_watchdog (trigger: interval[0:00:05], next run at: 2026-08-19 12:35:07 UTC)" executed successfully
2026-08-19 17:35:07,716 | INFO | apscheduler.executors.default | Running job "GameEngine.registration_watchdog (trigger: interval[0:00:05], next run at: 2026-08-19 12:35:12 UTC)" (scheduled at 2026-08-19 12:35:07.702445+00:00)
2026-08-19 17:35:07,723 | INFO | apscheduler.executors.default | Job "GameEngine.registration_watchdog (trigger: interval[0:00:05], next run at: 2026-08-19 12:35:12 UTC)" executed successfully
2026-08-19 17:35:08,986 | INFO | root | DEBUG_INCOMING Message from=7601257532 payload=Kom info
2026-08-19 17:35:09,018 | INFO | aiogram.event | Update id=466217392 is handled. Duration 30 ms by bot id=8894100649
2026-08-19 17:35:12,710 | INFO | apscheduler.executors.default | Running job "GameEngine.registration_watchdog (trigger: interval[0:00:05], next run at: 2026-08-19 12:35:17 UTC)" (scheduled at 2026-08-19 12:35:12.702445+00:00)
2026-08-19 17:35:12,716 | INFO | apscheduler.executors.default | Job "GameEngine.registration_watchdog (trigger: interval[0:00:05], next run at: 2026-08-19 12:35:17 UTC)" executed successfully
2026-08-19 17:35:14,420 | INFO | root | DEBUG_INCOMING Message from=7687123207 payload=+
2026-08-19 17:35:14,445 | INFO | aiogram.event | Update id=466217393 is handled. Duration 16 ms by bot id=8894100649
2026-08-19 17:35:17,714 | INFO | apscheduler.executors.default | Running job "GameEngine.registration_watchdog (trigger: interval[0:00:05], next run at: 2026-08-19 12:35:22 UTC)" (scheduled at 2026-08-19 12:35:17.702445+00:00)
2026-08-19 17:35:17,721 | INFO | apscheduler.executors.default | Running job "GameEngine.send_pending_diamond_logs (trigger: interval[0:00:30], next run at: 2026-08-19 12:35:47 UTC)" (scheduled at 2026-08-19 12:35:17.708289+00:00)
2026-08-19 17:35:17,721 | INFO | apscheduler.executors.default | Running job "GameEngine.premium_reset_watchdog (trigger: interval[0:01:00], next run at: 2026-08-19 12:36:17 UTC)" (scheduled at 2026-08-19 12:35:17.708289+00:00)
2026-08-19 17:35:17,729 | INFO | apscheduler.executors.default | Job "GameEngine.registration_watchdog (trigger: interval[0:00:05], next run at: 2026-08-19 12:35:22 UTC)" executed successfully
2026-08-19 17:35:17,729 | INFO | apscheduler.executors.default | Job "GameEngine.premium_reset_watchdog (trigger: interval[0:01:00], next run at: 2026-08-19 12:36:17 UTC)" executed successfully
2026-08-19 17:35:17,729 | INFO | apscheduler.executors.default | Job "GameEngine.send_pending_diamond_logs (trigger: interval[0:00:30], next run at: 2026-08-19 12:35:47 UTC)" executed successfully
2026-08-19 17:35:22,717 | INFO | apscheduler.executors.default | Running job "GameEngine.registration_watchdog (trigger: interval[0:00:05], next run at: 2026-08-19 12:35:27 UTC)" (scheduled at 2026-08-19 12:35:22.702445+00:00)
2026-08-19 17:35:22,723 | INFO | apscheduler.executors.default | Job "GameEngine.registration_watchdog (trigger: interval[0:00:05], next run at: 2026-08-19 12:35:27 UTC)" executed successfully
2026-08-19 17:35:27,713 | INFO | apscheduler.executors.default | Running job "GameEngine.registration_watchdog (trigger: interval[0:00:05], next run at: 2026-08-19 12:35:32 UTC)" (scheduled at 2026-08-19 12:35:27.702445+00:00)
2026-08-19 17:35:27,721 | INFO | apscheduler.executors.default | Job "GameEngine.registration_watchdog (trigger: interval[0:00:05], next run at: 2026-08-19 12:35:32 UTC)" executed successfully
2026-08-19 17:35:32,716 | INFO | apscheduler.executors.default | Running job "GameEngine.registration_watchdog (trigger: interval[0:00:05], next run at: 2026-08-19 12:35:37 UTC)" (scheduled at 2026-08-19 12:35:32.702445+00:00)
2026-08-19 17:35:32,717 | INFO | apscheduler.executors.default | Job "GameEngine.registration_watchdog (trigger: interval[0:00:05], next run at: 2026-08-19 12:35:37 UTC)" executed successfully
2026-08-19 17:35:35,510 | INFO | root | DEBUG_INCOMING Message from=8967473914 payload=\U0001f3ad Sizning rolingiz: \U0001f468\U0001f3fb\u200d\u2695 Doktor

Vazifangiz - har kecha bir kishini davolash orqali o'limdan saqlash.

\u26a0\ufe0f Davolashingiz FAQAT tungi hujumlardan (Don/Mafiya, Komissar, Qotil) saqlaydi - kunduzgi ovoz bilan osilishdan qutqara olmaysiz.
2026-08-19 17:35:35,542 | INFO | aiogram.event | Update id=466217394 is handled. Duration 45 ms by bot id=8894100649
2026-08-19 17:35:37,717 | INFO | apscheduler.executors.default | Running job "GameEngine.registration_watchdog (trigger: interval[0:00:05], next run at: 2026-08-19 12:35:42 UTC)" (scheduled at 2026-08-19 12:35:37.702445+00:00)
2026-08-19 17:35:37,723 | INFO | apscheduler.executors.default | Job "GameEngine.registration_watchdog (trigger: interval[0:00:05], next run at: 2026-08-19 12:35:42 UTC)" executed successfully
2026-08-19 17:35:42,716 | INFO | apscheduler.executors.default | Running job "GameEngine.registration_watchdog (trigger: interval[0:00:05], next run at: 2026-08-19 12:35:47 UTC)" (scheduled at 2026-08-19 12:35:42.702445+00:00)
2026-08-19 17:35:42,722 | INFO | apscheduler.executors.default | Job "GameEngine.registration_watchdog (trigger: interval[0:00:05], next run at: 2026-08-19 12:35:47 UTC)" executed successfully
2026-08-19 17:35:47,721 | INFO | apscheduler.executors.default | Running job "GameEngine.registration_watchdog (trigger: interval[0:00:05], next run at: 2026-08-19 12:35:52 UTC)" (scheduled at 2026-08-19 12:35:47.702445+00:00)
2026-08-19 17:35:47,728 | INFO | apscheduler.executors.default | Running job "GameEngine.send_pending_diamond_logs (trigger: interval[0:00:30], next run at: 2026-08-19 12:36:17 UTC)" (scheduled at 2026-08-19 12:35:47.708289+00:00)
2026-08-19 17:35:47,737 | INFO | apscheduler.executors.default | Job "GameEngine.registration_watchdog (trigger: interval[0:00:05], next run at: 2026-08-19 12:35:52 UTC)" executed successfully
2026-08-19 17:35:47,737 | INFO | apscheduler.executors.default | Job "GameEngine.send_pending_diamond_logs (trigger: interval[0:00:30], next run at: 2026-08-19 12:36:17 UTC)" executed successfully
2026-08-19 17:35:52,703 | INFO | apscheduler.executors.default | Running job "GameEngine.registration_watchdog (trigger: interval[0:00:05], next run at: 2026-08-19 12:35:57 UTC)" (scheduled at 2026-08-19 12:35:52.702445+00:00)
2026-08-19 17:35:52,710 | INFO | apscheduler.executors.default | Job "GameEngine.registration_watchdog (trigger: interval[0:00:05], next run at: 2026-08-19 12:35:57 UTC)" executed successfully
2026-08-19 17:35:57,713 | INFO | apscheduler.executors.default | Running job "GameEngine.registration_watchdog (trigger: interval[0:00:05], next run at: 2026-08-19 12:36:02 UTC)" (scheduled at 2026-08-19 12:35:57.702445+00:00)
2026-08-19 17:35:57,720 | INFO | apscheduler.executors.default | Job "GameEngine.registration_watchdog (trigger: interval[0:00:05], next run at: 2026-08-19 12:36:02 UTC)" executed successfully
2026-08-19 17:35:59,264 | INFO | root | DEBUG_INCOMING Message from=8967473914 payload=Folocmen
2026-08-19 17:35:59,284 | INFO | aiogram.event | Update id=466217395 is handled. Duration 30 ms by bot id=8894100649
2026-08-19 17:36:02,716 | INFO | apscheduler.executors.default | Running job "GameEngine.registration_watchdog (trigger: interval[0:00:05], next run at: 2026-08-19 12:36:07 UTC)" (scheduled at 2026-08-19 12:36:02.702445+00:00)
2026-08-19 17:36:02,722 | INFO | apscheduler.executors.default | Job "GameEngine.registration_watchdog (trigger: interval[0:00:05], next run at: 2026-08-19 12:36:07 UTC)" executed successfully
2026-08-19 17:36:07,715 | INFO | apscheduler.executors.default | Running job "GameEngine.registration_watchdog (trigger: interval[0:00:05], next run at: 2026-08-19 12:36:12 UTC)" (scheduled at 2026-08-19 12:36:07.702445+00:00)
2026-08-19 17:36:07,721 | INFO | apscheduler.executors.default | Job "GameEngine.registration_watchdog (trigger: interval[0:00:05], next run at: 2026-08-19 12:36:12 UTC)" executed successfully
2026-08-19 17:36:12,706 | INFO | apscheduler.executors.default | Running job "GameEngine.registration_watchdog (trigger: interval[0:00:05], next run at: 2026-08-19 12:36:17 UTC)" (scheduled at 2026-08-19 12:36:12.702445+00:00)
2026-08-19 17:36:12,714 | INFO | apscheduler.executors.default | Job "GameEngine.registration_watchdog (trigger: interval[0:00:05], next run at: 2026-08-19 12:36:17 UTC)" executed successfully
2026-08-19 17:36:17,703 | INFO | apscheduler.executors.default | Running job "GameEngine.registration_watchdog (trigger: interval[0:00:05], next run at: 2026-08-19 12:36:22 UTC)" (scheduled at 2026-08-19 12:36:17.702445+00:00)
2026-08-19 17:36:17,709 | INFO | apscheduler.executors.default | Running job "GameEngine.send_pending_diamond_logs (trigger: interval[0:00:30], next run at: 2026-08-19 12:36:47 UTC)" (scheduled at 2026-08-19 12:36:17.708289+00:00)
2026-08-19 17:36:17,709 | INFO | apscheduler.executors.default | Running job "GameEngine.premium_reset_watchdog (trigger: interval[0:01:00], next run at: 2026-08-19 12:37:17 UTC)" (scheduled at 2026-08-19 12:36:17.708289+00:00)
2026-08-19 17:36:17,719 | INFO | apscheduler.executors.default | Job "GameEngine.registration_watchdog (trigger: interval[0:00:05], next run at: 2026-08-19 12:36:22 UTC)" executed successfully
2026-08-19 17:36:17,719 | INFO | apscheduler.executors.default | Job "GameEngine.premium_reset_watchdog (trigger: interval[0:01:00], next run at: 2026-08-19 12:37:17 UTC)" executed successfully
2026-08-19 17:36:17,719 | INFO | apscheduler.executors.default | Job "GameEngine.send_pending_diamond_logs (trigger: interval[0:00:30], next run at: 2026-08-19 12:36:47 UTC)" executed successfully
2026-08-19 17:36:22,717 | INFO | apscheduler.executors.default | Running job "GameEngine.registration_watchdog (trigger: interval[0:00:05], next run at: 2026-08-19 12:36:27 UTC)" (scheduled at 2026-08-19 12:36:22.702445+00:00)
2026-08-19 17:36:22,724 | INFO | apscheduler.executors.default | Job "GameEngine.registration_watchdog (trigger: interval[0:00:05], next run at: 2026-08-19 12:36:27 UTC)" executed successfully
2026-08-19 17:36:27,723 | INFO | apscheduler.executors.default | Running job "GameEngine.registration_watchdog (trigger: interval[0:00:05], next run at: 2026-08-19 12:36:32 UTC)" (scheduled at 2026-08-19 12:36:27.702445+00:00)
2026-08-19 17:36:27,729 | INFO | apscheduler.executors.default | Job "GameEngine.registration_watchdog (trigger: interval[0:00:05], next run at: 2026-08-19 12:36:32 UTC)" executed successfully
2026-08-19 17:36:32,715 | INFO | apscheduler.executors.default | Running job "GameEngine.registration_watchdog (trigger: interval[0:00:05], next run at: 2026-08-19 12:36:37 UTC)" (scheduled at 2026-08-19 12:36:32.702445+00:00)
2026-08-19 17:36:32,721 | INFO | apscheduler.executors.default | Job "GameEngine.registration_watchdog (trigger: interval[0:00:05], next run at: 2026-08-19 12:36:37 UTC)" executed successfully
2026-08-19 17:36:37,719 | INFO | apscheduler.executors.default | Running job "GameEngine.registration_watchdog (trigger: interval[0:00:05], next run at: 2026-08-19 12:36:42 UTC)" (scheduled at 2026-08-19 12:36:37.702445+00:00)
2026-08-19 17:36:37,726 | INFO | apscheduler.executors.default | Job "GameEngine.registration_watchdog (trigger: interval[0:00:05], next run at: 2026-08-19 12:36:42 UTC)" executed successfully
2026-08-19 17:36:42,717 | INFO | apscheduler.executors.default | Running job "GameEngine.registration_watchdog (trigger: interval[0:00:05], next run at: 2026-08-19 12:36:47 UTC)" (scheduled at 2026-08-19 12:36:42.702445+00:00)
2026-08-19 17:36:42,723 | INFO | apscheduler.executors.default | Job "GameEngine.registration_watchdog (trigger: interval[0:00:05], next run at: 2026-08-19 12:36:47 UTC)" executed successfully
2026-08-19 17:36:47,708 | INFO | apscheduler.executors.default | Running job "GameEngine.registration_watchdog (trigger: interval[0:00:05], next run at: 2026-08-19 12:36:52 UTC)" (scheduled at 2026-08-19 12:36:47.702445+00:00)
2026-08-19 17:36:47,714 | INFO | apscheduler.executors.default | Running job "GameEngine.send_pending_diamond_logs (trigger: interval[0:00:30], next run at: 2026-08-19 12:37:17 UTC)" (scheduled at 2026-08-19 12:36:47.708289+00:00)
2026-08-19 17:36:47,724 | INFO | apscheduler.executors.default | Job "GameEngine.registration_watchdog (trigger: interval[0:00:05], next run at: 2026-08-19 12:36:52 UTC)" executed successfully
2026-08-19 17:36:47,724 | INFO | apscheduler.executors.default | Job "GameEngine.send_pending_diamond_logs (trigger: interval[0:00:30], next run at: 2026-08-19 12:37:17 UTC)" executed successfully
2026-08-19 17:36:51,188 | INFO | root | DEBUG_INCOMING Message from=7526403539 payload=Km uzi kom
2026-08-19 17:36:51,229 | INFO | aiogram.event | Update id=466217396 is handled. Duration 30 ms by bot id=8894100649
2026-08-19 17:36:52,709 | INFO | apscheduler.executors.default | Running job "GameEngine.registration_watchdog (trigger: interval[0:00:05], next run at: 2026-08-19 12:36:57 UTC)" (scheduled at 2026-08-19 12:36:52.702445+00:00)
2026-08-19 17:36:52,709 | INFO | apscheduler.executors.default | Job "GameEngine.registration_watchdog (trigger: interval[0:00:05], next run at: 2026-08-19 12:36:57 UTC)" executed successfully
2026-08-19 17:36:57,703 | INFO | apscheduler.executors.default | Running job "GameEngine.registration_watchdog (trigger: interval[0:00:05], next run at: 2026-08-19 12:37:02 UTC)" (scheduled at 2026-08-19 12:36:57.702445+00:00)
2026-08-19 17:36:57,710 | INFO | apscheduler.executors.default | Job "GameEngine.registration_watchdog (trigger: interval[0:00:05], next run at: 2026-08-19 12:37:02 UTC)" executed successfully
2026-08-19 17:37:02,717 | INFO | apscheduler.executors.default | Running job "GameEngine.registration_watchdog (trigger: interval[0:00:05], next run at: 2026-08-19 12:37:07 UTC)" (scheduled at 2026-08-19 12:37:02.702445+00:00)
2026-08-19 17:37:02,723 | INFO | apscheduler.executors.default | Job "GameEngine.registration_watchdog (trigger: interval[0:00:05], next run at: 2026-08-19 12:37:07 UTC)" executed successfully
2026-08-19 17:37:07,712 | INFO | apscheduler.executors.default | Running job "GameEngine.registration_watchdog (trigger: interval[0:00:05], next run at: 2026-08-19 12:37:12 UTC)" (scheduled at 2026-08-19 12:37:07.702445+00:00)
2026-08-19 17:37:07,719 | INFO | apscheduler.executors.default | Job "GameEngine.registration_watchdog (trigger: interval[0:00:05], next run at: 2026-08-19 12:37:12 UTC)" executed successfully
2026-08-19 17:37:12,707 | INFO | apscheduler.executors.default | Running job "GameEngine.registration_watchdog (trigger: interval[0:00:05], next run at: 2026-08-19 12:37:17 UTC)" (scheduled at 2026-08-19 12:37:12.702445+00:00)
2026-08-19 17:37:12,713 | INFO | apscheduler.executors.default | Job "GameEngine.registration_watchdog (trigger: interval[0:00:05], next run at: 2026-08-19 12:37:17 UTC)" executed successfully
2026-08-19 17:37:17,712 | INFO | apscheduler.executors.default | Running job "GameEngine.registration_watchdog (trigger: interval[0:00:05], next run at: 2026-08-19 12:37:22 UTC)" (scheduled at 2026-08-19 12:37:17.702445+00:00)
2026-08-19 17:37:17,720 | INFO | apscheduler.executors.default | Running job "GameEngine.send_pending_diamond_logs (trigger: interval[0:00:30], next run at: 2026-08-19 12:37:47 UTC)" (scheduled at 2026-08-19 12:37:17.708289+00:00)
2026-08-19 17:37:17,722 | INFO | apscheduler.executors.default | Running job "GameEngine.premium_reset_watchdog (trigger: interval[0:01:00], next run at: 2026-08-19 12:38:17 UTC)" (scheduled at 2026-08-19 12:37:17.708289+00:00)
2026-08-19 17:37:17,744 | INFO | apscheduler.executors.default | Job "GameEngine.registration_watchdog (trigger: interval[0:00:05], next run at: 2026-08-19 12:37:22 UTC)" executed successfully
2026-08-19 17:37:17,744 | INFO | apscheduler.executors.default | Job "GameEngine.premium_reset_watchdog (trigger: interval[0:01:00], next run at: 2026-08-19 12:38:17 UTC)" executed successfully
2026-08-19 17:37:17,760 | INFO | apscheduler.executors.default | Job "GameEngine.send_pending_diamond_logs (trigger: interval[0:00:30], next run at: 2026-08-19 12:37:47 UTC)" executed successfully
2026-08-19 17:37:22,718 | INFO | apscheduler.executors.default | Running job "GameEngine.registration_watchdog (trigger: interval[0:00:05], next run at: 2026-08-19 12:37:27 UTC)" (scheduled at 2026-08-19 12:37:22.702445+00:00)
2026-08-19 17:37:22,724 | INFO | apscheduler.executors.default | Job "GameEngine.registration_watchdog (trigger: interval[0:00:05], next run at: 2026-08-19 12:37:27 UTC)" executed successfully
2026-08-19 17:37:27,716 | INFO | apscheduler.executors.default | Running job "GameEngine.registration_watchdog (trigger: interval[0:00:05], next run at: 2026-08-19 12:37:32 UTC)" (scheduled at 2026-08-19 12:37:27.702445+00:00)
2026-08-19 17:37:27,723 | INFO | apscheduler.executors.default | Job "GameEngine.registration_watchdog (trigger: interval[0:00:05], next run at: 2026-08-19 12:37:32 UTC)" executed successfully
2026-08-19 17:37:32,727 | INFO | apscheduler.executors.default | Running job "GameEngine.registration_watchdog (trigger: interval[0:00:05], next run at: 2026-08-19 12:37:37 UTC)" (scheduled at 2026-08-19 12:37:32.702445+00:00)
2026-08-19 17:37:32,734 | INFO | apscheduler.executors.default | Job "GameEngine.registration_watchdog (trigger: interval[0:00:05], next run at: 2026-08-19 12:37:37 UTC)" executed successfully
2026-08-19 17:37:37,713 | INFO | apscheduler.executors.default | Running job "GameEngine.registration_watchdog (trigger: interval[0:00:05], next run at: 2026-08-19 12:37:42 UTC)" (scheduled at 2026-08-19 12:37:37.702445+00:00)
2026-08-19 17:37:37,720 | INFO | apscheduler.executors.default | Job "GameEngine.registration_watchdog (trigger: interval[0:00:05], next run at: 2026-08-19 12:37:42 UTC)" executed successfully
2026-08-19 17:37:42,713 | INFO | apscheduler.executors.default | Running job "GameEngine.registration_watchdog (trigger: interval[0:00:05], next run at: 2026-08-19 12:37:47 UTC)" (scheduled at 2026-08-19 12:37:42.702445+00:00)
2026-08-19 17:37:42,720 | INFO | apscheduler.executors.default | Job "GameEngine.registration_watchdog (trigger: interval[0:00:05], next run at: 2026-08-19 12:37:47 UTC)" executed successfully
2026-08-19 17:37:47,713 | INFO | apscheduler.executors.default | Running job "GameEngine.registration_watchdog (trigger: interval[0:00:05], next run at: 2026-08-19 12:37:52 UTC)" (scheduled at 2026-08-19 12:37:47.702445+00:00)
2026-08-19 17:37:47,720 | INFO | apscheduler.executors.default | Running job "GameEngine.send_pending_diamond_logs (trigger: interval[0:00:30], next run at: 2026-08-19 12:38:17 UTC)" (scheduled at 2026-08-19 12:37:47.708289+00:00)
2026-08-19 17:37:47,729 | INFO | apscheduler.executors.default | Job "GameEngine.registration_watchdog (trigger: interval[0:00:05], next run at: 2026-08-19 12:37:52 UTC)" executed successfully
2026-08-19 17:37:47,729 | INFO | apscheduler.executors.default | Job "GameEngine.send_pending_diamond_logs (trigger: interval[0:00:30], next run at: 2026-08-19 12:38:17 UTC)" executed successfully
2026-08-19 17:37:52,710 | INFO | apscheduler.executors.default | Running job "GameEngine.registration_watchdog (trigger: interval[0:00:05], next run at: 2026-08-19 12:37:57 UTC)" (scheduled at 2026-08-19 12:37:52.702445+00:00)
2026-08-19 17:37:52,717 | INFO | apscheduler.executors.default | Job "GameEngine.registration_watchdog (trigger: interval[0:00:05], next run at: 2026-08-19 12:37:57 UTC)" executed successfully
2026-08-19 17:37:57,707 | INFO | apscheduler.executors.default | Running job "GameEngine.registration_watchdog (trigger: interval[0:00:05], next run at: 2026-08-19 12:38:02 UTC)" (scheduled at 2026-08-19 12:37:57.702445+00:00)
2026-08-19 17:37:57,714 | INFO | apscheduler.executors.default | Job "GameEngine.registration_watchdog (trigger: interval[0:00:05], next run at: 2026-08-19 12:38:02 UTC)" executed successfully
2026-08-19 17:38:02,707 | INFO | apscheduler.executors.default | Running job "GameEngine.registration_watchdog (trigger: interval[0:00:05], next run at: 2026-08-19 12:38:07 UTC)" (scheduled at 2026-08-19 12:38:02.702445+00:00)
2026-08-19 17:38:02,714 | INFO | apscheduler.executors.default | Job "GameEngine.registration_watchdog (trigger: interval[0:00:05], next run at: 2026-08-19 12:38:07 UTC)" executed successfully
2026-08-19 17:38:07,711 | INFO | apscheduler.executors.default | Running job "GameEngine.registration_watchdog (trigger: interval[0:00:05], next run at: 2026-08-19 12:38:12 UTC)" (scheduled at 2026-08-19 12:38:07.702445+00:00)
2026-08-19 17:38:07,718 | INFO | apscheduler.executors.default | Job "GameEngine.registration_watchdog (trigger: interval[0:00:05], next run at: 2026-08-19 12:38:12 UTC)" executed successfully
2026-08-19 17:38:12,709 | INFO | apscheduler.executors.default | Running job "GameEngine.registration_watchdog (trigger: interval[0:00:05], next run at: 2026-08-19 12:38:17 UTC)" (scheduled at 2026-08-19 12:38:12.702445+00:00)
2026-08-19 17:38:12,715 | INFO | apscheduler.executors.default | Job "GameEngine.registration_watchdog (trigger: interval[0:00:05], next run at: 2026-08-19 12:38:17 UTC)" executed successfully
2026-08-19 17:38:17,721 | INFO | apscheduler.executors.default | Running job "GameEngine.registration_watchdog (trigger: interval[0:00:05], next run at: 2026-08-19 12:38:22 UTC)" (scheduled at 2026-08-19 12:38:17.702445+00:00)
2026-08-19 17:38:17,728 | INFO | apscheduler.executors.default | Running job "GameEngine.send_pending_diamond_logs (trigger: interval[0:00:30], next run at: 2026-08-19 12:38:47 UTC)" (scheduled at 2026-08-19 12:38:17.708289+00:00)
2026-08-19 17:38:17,728 | INFO | apscheduler.executors.default | Running job "GameEngine.premium_reset_watchdog (trigger: interval[0:01:00], next run at: 2026-08-19 12:39:17 UTC)" (scheduled at 2026-08-19 12:38:17.708289+00:00)
2026-08-19 17:38:17,737 | INFO | apscheduler.executors.default | Job "GameEngine.registration_watchdog (trigger: interval[0:00:05], next run at: 2026-08-19 12:38:22 UTC)" executed successfully
2026-08-19 17:38:17,737 | INFO | apscheduler.executors.default | Job "GameEngine.premium_reset_watchdog (trigger: interval[0:01:00], next run at: 2026-08-19 12:39:17 UTC)" executed successfully
2026-08-19 17:38:17,737 | INFO | apscheduler.executors.default | Job "GameEngine.send_pending_diamond_logs (trigger: interval[0:00:30], next run at: 2026-08-19 12:38:47 UTC)" executed successfully
2026-08-19 17:38:20,392 | INFO | root | DEBUG_INCOMING Message from=7526403539 payload=Axax
2026-08-19 17:38:20,396 | INFO | root | DEBUG_INCOMING Message from=5713560695 payload=/game@ProMafiyaBot
2026-08-19 17:38:20,425 | INFO | aiogram.event | Update id=466217397 is handled. Duration 45 ms by bot id=8894100649
2026-08-19 17:38:20,804 | INFO | aiogram.event | Update id=466217398 is handled. Duration 420 ms by bot id=8894100649
2026-08-19 17:38:22,723 | INFO | apscheduler.executors.default | Running job "GameEngine.registration_watchdog (trigger: interval[0:00:05], next run at: 2026-08-19 12:38:27 UTC)" (scheduled at 2026-08-19 12:38:22.702445+00:00)
2026-08-19 17:38:22,730 | INFO | apscheduler.executors.default | Job "GameEngine.registration_watchdog (trigger: interval[0:00:05], next run at: 2026-08-19 12:38:27 UTC)" executed successfully
2026-08-19 17:38:27,715 | INFO | apscheduler.executors.default | Running job "GameEngine.registration_watchdog (trigger: interval[0:00:05], next run at: 2026-08-19 12:38:32 UTC)" (scheduled at 2026-08-19 12:38:27.702445+00:00)
2026-08-19 17:38:27,722 | INFO | apscheduler.executors.default | Job "GameEngine.registration_watchdog (trigger: interval[0:00:05], next run at: 2026-08-19 12:38:32 UTC)" executed successfully
2026-08-19 17:38:28,052 | INFO | root | DEBUG_INCOMING Message from=7601257532 payload=Bz infoo
2026-08-19 17:38:28,083 | INFO | aiogram.event | Update id=466217399 is handled. Duration 32 ms by bot id=8894100649
2026-08-19 17:38:32,714 | INFO | apscheduler.executors.default | Running job "GameEngine.registration_watchdog (trigger: interval[0:00:05], next run at: 2026-08-19 12:38:37 UTC)" (scheduled at 2026-08-19 12:38:32.702445+00:00)
2026-08-19 17:38:32,720 | INFO | apscheduler.executors.default | Job "GameEngine.registration_watchdog (trigger: interval[0:00:05], next run at: 2026-08-19 12:38:37 UTC)" executed successfully
2026-08-19 17:38:37,484 | INFO | root | DEBUG_INCOMING Message from=7526403539 payload=Nma farqi bo
2026-08-19 17:38:37,513 | INFO | aiogram.event | Update id=466217400 is handled. Duration 30 ms by bot id=8894100649
2026-08-19 17:38:37,705 | INFO | apscheduler.executors.default | Running job "GameEngine.registration_watchdog (trigger: interval[0:00:05], next run at: 2026-08-19 12:38:42 UTC)" (scheduled at 2026-08-19 12:38:37.702445+00:00)
2026-08-19 17:38:37,711 | INFO | apscheduler.executors.default | Job "GameEngine.registration_watchdog (trigger: interval[0:00:05], next run at: 2026-08-19 12:38:42 UTC)" executed successfully
2026-08-19 17:38:37,996 | INFO | root | DEBUG_INCOMING Message from=5713560695 payload=/give 5 1
2026-08-19 17:38:38,968 | INFO | aiogram.event | Update id=466217401 is handled. Duration 967 ms by bot id=8894100649
2026-08-19 17:38:42,704 | INFO | apscheduler.executors.default | Running job "GameEngine.registration_watchdog (trigger: interval[0:00:05], next run at: 2026-08-19 12:38:47 UTC)" (scheduled at 2026-08-19 12:38:42.702445+00:00)
2026-08-19 17:38:42,708 | INFO | apscheduler.executors.default | Job "GameEngine.registration_watchdog (trigger: interval[0:00:05], next run at: 2026-08-19 12:38:47 UTC)" executed successfully
2026-08-19 17:38:45,842 | INFO | root | DEBUG_INCOMING Message from=7601257532 payload=Borda
2026-08-19 17:38:45,874 | INFO | aiogram.event | Update id=466217402 is handled. Duration 32 ms by bot id=8894100649
2026-08-19 17:38:47,713 | INFO | apscheduler.executors.default | Running job "GameEngine.registration_watchdog (trigger: interval[0:00:05], next run at: 2026-08-19 12:38:52 UTC)" (scheduled at 2026-08-19 12:38:47.702445+00:00)
2026-08-19 17:38:47,720 | INFO | apscheduler.executors.default | Running job "GameEngine.send_pending_diamond_logs (trigger: interval[0:00:30], next run at: 2026-08-19 12:39:17 UTC)" (scheduled at 2026-08-19 12:38:47.708289+00:00)
2026-08-19 17:38:47,729 | INFO | apscheduler.executors.default | Job "GameEngine.registration_watchdog (trigger: interval[0:00:05], next run at: 2026-08-19 12:38:52 UTC)" executed successfully
2026-08-19 17:38:47,729 | INFO | apscheduler.executors.default | Job "GameEngine.send_pending_diamond_logs (trigger: interval[0:00:30], next run at: 2026-08-19 12:39:17 UTC)" executed successfully
2026-08-19 17:38:50,591 | INFO | root | DEBUG_INCOMING Message from=5713560695 payload=/give  1 5
2026-08-19 17:38:51,241 | INFO | aiogram.event | Update id=466217403 is handled. Duration 641 ms by bot id=8894100649
2026-08-19 17:38:52,713 | INFO | apscheduler.executors.default | Running job "GameEngine.registration_watchdog (trigger: interval[0:00:05], next run at: 2026-08-19 12:38:57 UTC)" (scheduled at 2026-08-19 12:38:52.702445+00:00)
2026-08-19 17:38:52,720 | INFO | apscheduler.executors.default | Job "GameEngine.registration_watchdog (trigger: interval[0:00:05], next run at: 2026-08-19 12:38:57 UTC)" executed successfully
2026-08-19 17:38:55,357 | INFO | root | DEBUG_INCOMING Message from=5713560695 payload=/give 5 5
2026-08-19 17:38:55,820 | INFO | root | DEBUG_INCOMING Message from=7526403539 payload=Kallada info
2026-08-19 17:38:55,852 | INFO | aiogram.event | Update id=466217405 is handled. Duration 47 ms by bot id=8894100649
2026-08-19 17:38:56,012 | INFO | aiogram.event | Update id=466217404 is handled. Duration 655 ms by bot id=8894100649
2026-08-19 17:38:57,706 | INFO | apscheduler.executors.default | Running job "GameEngine.registration_watchdog (trigger: interval[0:00:05], next run at: 2026-08-19 12:39:02 UTC)" (scheduled at 2026-08-19 12:38:57.702445+00:00)
2026-08-19 17:38:57,712 | INFO | apscheduler.executors.default | Job "GameEngine.registration_watchdog (trigger: interval[0:00:05], next run at: 2026-08-19 12:39:02 UTC)" executed successfully
2026-08-19 17:39:02,710 | INFO | apscheduler.executors.default | Running job "GameEngine.registration_watchdog (trigger: interval[0:00:05], next run at: 2026-08-19 12:39:07 UTC)" (scheduled at 2026-08-19 12:39:02.702445+00:00)
2026-08-19 17:39:02,716 | INFO | apscheduler.executors.default | Job "GameEngine.registration_watchdog (trigger: interval[0:00:05], next run at: 2026-08-19 12:39:07 UTC)" executed successfully
2026-08-19 17:39:05,147 | INFO | root | DEBUG_INCOMING Message from=5713560695 payload=message_id=234854 date=datetime.datetime(2026, 8, 19, 12, 39, 5, tzinfo=TzInfo(UTC)) chat=Chat(id=-1003992490466, type='supergroup', title='GHOST • mafia', username=None, first_name=None, last_name=None, is_forum=None, is_direct_messages=None, accent_color_id=None, active_usernames=None, available_reactions=None, background_custom_emoji_id=None, bio=None, birthdate=None, business_intro=None, business_location=None, business_opening_hours=None, can_set_sticker_set=None, custom_emoji_sticker_set_name=None, description=None, emoji_status_custom_emoji_id=None, emoji_status_expiration_date=None, has_aggressive_anti_spam_enabled=None, has_hidden_members=None, has_private_forwards=None, has_protected_content=None, has_restricted_voice_and_video_messages=None, has_visible_history=None, invite_link=None, join_by_request=None, join_to_send_messages=None, linked_chat_id=None, location=None, message_auto_delete_time=None, permissions=None, personal_chat=None, photo=None, pinned_message=None, profile_accent_color_id=None, profile_background_custom_emoji_id=None, slow_mode_delay=None, sticker_set_name=None, unrestrict_boost_count=None) message_thread_id=234851 direct_messages_topic=None from_user=User(id=5713560695, is_bot=False, first_name='\u1d0f\u029f\u029f\u1d0f\u028f\u1d0f\u0280\u3164', last_name='|\u3164 owner', username='gafforovvv_o7', language_code='uz', is_premium=None, added_to_attachment_menu=None, can_join_groups=None, can_read_all_group_messages=None, supports_inline_queries=None, can_connect_to_business=None, has_main_web_app=None) sender_chat=None sender_boost_count=None sender_business_bot=None business_connection_id=None forward_origin=None is_topic_message=None is_automatic_forward=None reply_to_message=Message(message_id=234851, date=datetime.datetime(2026, 8, 19, 12, 38, 56, tzinfo=TzInfo(UTC)), chat=Chat(id=-1003992490466, type='supergroup', title='GHOST • mafia', username=None, first_name=None, last_name=None, is_forum=None, is_direct_messages=None, accent_color_id=None, active_usernames=None, available_reactions=None, background_custom_emoji_id=None, bio=None, birthdate=None, business_intro=None, business_location=None, business_opening_hours=None, can_set_sticker_set=None, custom_emoji_sticker_set_name=None, description=None, emoji_status_custom_emoji_id=None, emoji_status_expiration_date=None, has_aggressive_anti_spam_enabled=None, has_hidden_members=None, has_private_forwards=None, has_protected_content=None, has_restricted_voice_and_video_messages=None, has_visible_history=None, invite_link=None, join_by_request=None, join_to_send_messages=None, linked_chat_id=None, location=None, message_auto_delete_time=None, permissions=None, personal_chat=None, photo=None, pinned_message=None, profile_accent_color_id=None, profile_background_custom_emoji_id=None, slow_mode_delay=None, sticker_set_name=None, unrestrict_boost_count=None), message_thread_id=None, direct_messages_topic=None, from_user=User(id=8802835655, is_bot=True, first_name='ProMafiyaBot', last_name=None, username='ProMafiyaBot', language_code=None, is_premium=None, added_to_attachment_menu=None, can_join_groups=None, can_read_all_group_messages=None, supports_inline_queries=None, can_connect_to_business=None, has_main_web_app=None), sender_chat=None, sender_boost_count=None, sender_business_bot=None, business_connection_id=None, forward_origin=None, is_topic_message=None, is_automatic_forward=None, reply_to_message=None, external_reply=None, quote=None, reply_to_story=None, reply_to_checklist_task_id=None, via_bot=None, edit_date=1787143144, has_protected_content=True, is_from_offline=None, is_paid_post=None, media_group_id=None, author_signature=None, paid_star_count=None, text="\U0001f48e @gafforovvv_o7 - \U0001f4e4 \U0001f48e 5 ta olmosni 5 kishiga sovg'a qilmoqchi!\n\nHar biriga \U0001f48e 1 tadan tegadi.\n\n\U0001f465 Qatnashganlar (4/5):\n• @shxllvv\n• @rakh1mboyev_m\n• IIb\n• @Wakh_696\n\n\u23f3 Yana 1 kishi kutilmoqda \U0001f447", entities=[MessageEntity(type='custom_emoji', offset=0, length=2, url=None, user=None, language=None, custom_emoji_id='5287545198862176015'), MessageEntity(type='mention', offset=3, length=14, url=None, user=None, language=None, custom_emoji_id=None), MessageEntity(type='bold', offset=3, length=14, url=None, user=None, language=None, custom_emoji_id=None), MessageEntity(type='bold', offset=17, length=3, url=None, user=None, language=None, custom_emoji_id=None), MessageEntity(type='bold', offset=20, length=2, url=None, user=None, language=None, custom_emoji_id=None), MessageEntity(type='custom_emoji', offset=20, length=2, url=None, user=None, language=None, custom_emoji_id='5335060117115137913'), MessageEntity(type='custom_emoji', offset=23, length=2, url=None, user=None, language=None, custom_emoji_id='5287545198862176015'), MessageEntity(type='custom_emoji', offset=79, length=2, url=None, user=None, language=None, custom_emoji_id='5287545198862176015'), MessageEntity(type='custom_emoji', offset=99, length=2, url=None, user=None, language=None, custom_emoji_id='5372926953978341366'), MessageEntity(type='bold', offset=102, length=20, url=None, user=None, language=None, custom_emoji_id=None), MessageEntity(type='mention', offset=125, length=8, url=None, user=None, language=None, custom_emoji_id=None), MessageEntity(type='mention', offset=136, length=14, url=None, user=None, language=None, custom_emoji_id=None), MessageEntity(type='mention', offset=159, length=9, url=None, user=None, language=None, custom_emoji_id=None), MessageEntity(type='custom_emoji', offset=170, length=1, url=None, user=None, language=None, custom_emoji_id='5451732530048802485'), MessageEntity(type='bold', offset=177, length=1, url=None, user=None, language=None, custom_emoji_id=None), MessageEntity(type='custom_emoji', offset=196, length=2, url=None, user=None, language=None, custom_emoji_id='5470177992950946662')], link_preview_options=None, suggested_post_info=None, effect_id=None, animation=None, audio=None, document=None, paid_media=None, photo=None, sticker=None, story=None, video=None, video_note=None, voice=None, caption=None, caption_entities=None, show_caption_above_media=None, has_media_spoiler=None, checklist=None, contact=None, dice=None, game=None, poll=None, venue=None, location=None, new_chat_members=None, left_chat_member=None, new_chat_title=None, new_chat_photo=None, delete_chat_photo=None, group_chat_created=None, supergroup_chat_created=None, channel_chat_created=None, message_auto_delete_timer_changed=None, migrate_to_chat_id=None, migrate_from_chat_id=None, pinned_message=None, invoice=None, successful_payment=None, refunded_payment=None, users_shared=None, chat_shared=None, gift=None, unique_gift=None, connected_website=None, write_access_allowed=None, passport_data=None, proximity_alert_triggered=None, boost_added=None, chat_background_set=None, checklist_tasks_done=None, checklist_tasks_added=None, direct_message_price_changed=None, forum_topic_created=None, forum_topic_edited=None, forum_topic_closed=None, forum_topic_reopened=None, general_forum_topic_hidden=None, general_forum_topic_unhidden=None, giveaway_created=None, giveaway=None, giveaway_winners=None, giveaway_completed=None, paid_message_price_changed=None, suggested_post_approved=None, suggested_post_approval_failed=None, suggested_post_declined=None, suggested_post_paid=None, suggested_post_refunded=None, video_chat_scheduled=None, video_chat_started=None, video_chat_ended=None, video_chat_participants_invited=None, web_app_data=None, reply_markup=InlineKeyboardMarkup(inline_keyboard=[[InlineKeyboardButton(text='\U0001f381 Ishtirok etish', url=None, callback_data='give_join_238', web_app=None, login_url=None, switch_inline_query=None, switch_inline_query_current_chat=None, switch_inline_query_chosen_chat=None, copy_text=None, callback_game=None, pay=None, style='success')], [InlineKeyboardButton(text='\U0001f6d1 Yakunlash', url=None, callback_data='give_close_238', web_app=None, login_url=None, switch_inline_query=None, switch_inline_query_current_chat=None, switch_inline_query_chosen_chat=None, copy_text=None, callback_game=None, pay=None, style='danger')]]), forward_date=None, forward_from=None, forward_from_chat=None, forward_from_message_id=None, forward_sender_name=None, forward_signature=None, user_shared=None) external_reply=None quote=None reply_to_story=None reply_to_checklist_task_id=None via_bot=None edit_date=None has_protected_content=True is_from_offline=None is_paid_post=None media_group_id=None author_signature=None paid_star_count=None text=None entities=None link_preview_options=None suggested_post_info=None effect_id=None animation=None audio=None document=None paid_media=None photo=None sticker=Sticker(file_id='CAACAgIAAyEFAATt-JHiAAEDlWZqhaPpsT6QYwoTNPSxUhNozsLZcwACl6MAAoQ0CUohYECAzKmkWT0E', file_unique_id='AgADl6MAAoQ0CUo', type='regular', width=512, height=512, is_animated=False, is_video=True, thumbnail=PhotoSize(file_id='AAMCAgADIQUABO34keIAAQOVZmqFo-mxPpBjChM09LFSE2jOwtlzAAKXowAChDQJSiFgQIDMqaRZAQAHbQADPQQ', file_unique_id='AQADl6MAAoQ0CUpy', width=320, height=320, file_size=7446), emoji='\U0001f620', set_name='Sghsgsgah_by_fStikBot', premium_animation=None, mask_position=None, custom_emoji_id=None, needs_repainting=None, file_size=89129, thumb={'file_id': 'AAMCAgADIQUABO34keIAAQOVZmqFo-mxPpBjChM09LFSE2jOwtlzAAKXowAChDQJSiFgQIDMqaRZAQAHbQADPQQ', 'file_unique_id': 'AQADl6MAAoQ0CUpy', 'file_size': 7446, 'width': 320, 'height': 320}) story=None video=None video_note=None voice=None caption=None caption_entities=None show_caption_above_media=None has_media_spoiler=None checklist=None contact=None dice=None game=None poll=None venue=None location=None new_chat_members=None left_chat_member=None new_chat_title=None new_chat_photo=None delete_chat_photo=None group_chat_created=None supergroup_chat_created=None channel_chat_created=None message_auto_delete_timer_changed=None migrate_to_chat_id=None migrate_from_chat_id=None pinned_message=None invoice=None successful_payment=None refunded_payment=None users_shared=None chat_shared=None gift=None unique_gift=None connected_website=None write_access_allowed=None passport_data=None proximity_alert_triggered=None boost_added=None chat_background_set=None checklist_tasks_done=None checklist_tasks_added=None direct_message_price_changed=None forum_topic_created=None forum_topic_edited=None forum_topic_closed=None forum_topic_reopened=None general_forum_topic_hidden=None general_forum_topic_unhidden=None giveaway_created=None giveaway=None giveaway_winners=None giveaway_completed=None paid_message_price_changed=None suggested_post_approved=None suggested_post_approval_failed=None suggested_post_declined=None suggested_post_paid=None suggested_post_refunded=None video_chat_scheduled=None video_chat_started=None video_chat_ended=None video_chat_participants_invited=None web_app_data=None reply_markup=None forward_date=None forward_from=None forward_from_chat=None forward_from_message_id=None forward_sender_name=None forward_signature=None user_shared=None sender_tag='гаффоров'
2026-08-19 17:39:05,155 | INFO | aiogram.event | Update id=466217406 is handled. Duration 30 ms by bot id=8894100649
2026-08-19 17:39:07,713 | INFO | apscheduler.executors.default | Running job "GameEngine.registration_watchdog (trigger: interval[0:00:05], next run at: 2026-08-19 12:39:12 UTC)" (scheduled at 2026-08-19 12:39:07.702445+00:00)
2026-08-19 17:39:07,719 | INFO | apscheduler.executors.default | Job "GameEngine.registration_watchdog (trigger: interval[0:00:05], next run at: 2026-08-19 12:39:12 UTC)" executed successfully
2026-08-19 17:39:12,708 | INFO | apscheduler.executors.default | Running job "GameEngine.registration_watchdog (trigger: interval[0:00:05], next run at: 2026-08-19 12:39:17 UTC)" (scheduled at 2026-08-19 12:39:12.702445+00:00)
2026-08-19 17:39:12,716 | INFO | apscheduler.executors.default | Job "GameEngine.registration_watchdog (trigger: interval[0:00:05], next run at: 2026-08-19 12:39:17 UTC)" executed successfully
2026-08-19 17:39:13,731 | INFO | root | DEBUG_INCOMING Message from=8692634539 payload=Ванга
2026-08-19 17:39:13,769 | INFO | aiogram.event | Update id=466217407 is handled. Duration 30 ms by bot id=8894100649
2026-08-19 17:39:17,709 | INFO | apscheduler.executors.default | Running job "GameEngine.registration_watchdog (trigger: interval[0:00:05], next run at: 2026-08-19 12:39:22 UTC)" (scheduled at 2026-08-19 12:39:17.702445+00:00)
2026-08-19 17:39:17,716 | INFO | apscheduler.executors.default | Running job "GameEngine.send_pending_diamond_logs (trigger: interval[0:00:30], next run at: 2026-08-19 12:39:47 UTC)" (scheduled at 2026-08-19 12:39:17.708289+00:00)
2026-08-19 17:39:17,716 | INFO | apscheduler.executors.default | Running job "GameEngine.premium_reset_watchdog (trigger: interval[0:01:00], next run at: 2026-08-19 12:40:17 UTC)" (scheduled at 2026-08-19 12:39:17.708289+00:00)
2026-08-19 17:39:17,728 | INFO | apscheduler.executors.default | Job "GameEngine.registration_watchdog (trigger: interval[0:00:05], next run at: 2026-08-19 12:39:22 UTC)" executed successfully
2026-08-19 17:39:17,728 | INFO | apscheduler.executors.default | Job "GameEngine.premium_reset_watchdog (trigger: interval[0:01:00], next run at: 2026-08-19 12:40:17 UTC)" executed successfully
2026-08-19 17:39:17,728 | INFO | apscheduler.executors.default | Job "GameEngine.send_pending_diamond_logs (trigger: interval[0:00:30], next run at: 2026-08-19 12:39:47 UTC)" executed successfully
2026-08-19 17:39:22,713 | INFO | apscheduler.executors.default | Running job "GameEngine.registration_watchdog (trigger: interval[0:00:05], next run at: 2026-08-19 12:39:27 UTC)" (scheduled at 2026-08-19 12:39:22.702445+00:00)
2026-08-19 17:39:22,720 | INFO | apscheduler.executors.default | Job "GameEngine.registration_watchdog (trigger: interval[0:00:05], next run at: 2026-08-19 12:39:27 UTC)" executed successfully
2026-08-19 17:39:27,715 | INFO | apscheduler.executors.default | Running job "GameEngine.registration_watchdog (trigger: interval[0:00:05], next run at: 2026-08-19 12:39:32 UTC)" (scheduled at 2026-08-19 12:39:27.702445+00:00)
2026-08-19 17:39:27,721 | INFO | apscheduler.executors.default | Job "GameEngine.registration_watchdog (trigger: interval[0:00:05], next run at: 2026-08-19 12:39:32 UTC)" executed successfully
2026-08-19 17:39:32,711 | INFO | apscheduler.executors.default | Running job "GameEngine.registration_watchdog (trigger: interval[0:00:05], next run at: 2026-08-19 12:39:37 UTC)" (scheduled at 2026-08-19 12:39:32.702445+00:00)
2026-08-19 17:39:32,717 | INFO | apscheduler.executors.default | Job "GameEngine.registration_watchdog (trigger: interval[0:00:05], next run at: 2026-08-19 12:39:37 UTC)" executed successfully
2026-08-19 17:39:35,034 | INFO | root | DEBUG_INCOMING Message from=7526403539 payload=Nma u vanga
2026-08-19 17:39:35,066 | INFO | aiogram.event | Update id=466217408 is handled. Duration 47 ms by bot id=8894100649
2026-08-19 17:39:37,710 | INFO | apscheduler.executors.default | Running job "GameEngine.registration_watchdog (trigger: interval[0:00:05], next run at: 2026-08-19 12:39:42 UTC)" (scheduled at 2026-08-19 12:39:37.702445+00:00)
2026-08-19 17:39:37,710 | INFO | apscheduler.executors.default | Job "GameEngine.registration_watchdog (trigger: interval[0:00:05], next run at: 2026-08-19 12:39:42 UTC)" executed successfully
2026-08-19 17:39:42,705 | INFO | apscheduler.executors.default | Running job "GameEngine.registration_watchdog (trigger: interval[0:00:05], next run at: 2026-08-19 12:39:47 UTC)" (scheduled at 2026-08-19 12:39:42.702445+00:00)
2026-08-19 17:39:42,712 | INFO | apscheduler.executors.default | Job "GameEngine.registration_watchdog (trigger: interval[0:00:05], next run at: 2026-08-19 12:39:47 UTC)" executed successfully
2026-08-19 17:39:47,716 | INFO | apscheduler.executors.default | Running job "GameEngine.registration_watchdog (trigger: interval[0:00:05], next run at: 2026-08-19 12:39:52 UTC)" (scheduled at 2026-08-19 12:39:47.702445+00:00)
2026-08-19 17:39:47,723 | INFO | apscheduler.executors.default | Running job "GameEngine.send_pending_diamond_logs (trigger: interval[0:00:30], next run at: 2026-08-19 12:40:17 UTC)" (scheduled at 2026-08-19 12:39:47.708289+00:00)
2026-08-19 17:39:47,731 | INFO | apscheduler.executors.default | Job "GameEngine.registration_watchdog (trigger: interval[0:00:05], next run at: 2026-08-19 12:39:52 UTC)" executed successfully
2026-08-19 17:39:47,731 | INFO | apscheduler.executors.default | Job "GameEngine.send_pending_diamond_logs (trigger: interval[0:00:30], next run at: 2026-08-19 12:40:17 UTC)" executed successfully
2026-08-19 17:39:48,654 | INFO | root | DEBUG_INCOMING Message from=8692634539 payload=Фолбн
2026-08-19 17:39:48,685 | INFO | aiogram.event | Update id=466217409 is handled. Duration 47 ms by bot id=8894100649
2026-08-19 17:39:52,712 | INFO | apscheduler.executors.default | Running job "GameEngine.registration_watchdog (trigger: interval[0:00:05], next run at: 2026-08-19 12:39:57 UTC)" (scheduled at 2026-08-19 12:39:52.702445+00:00)
2026-08-19 17:39:52,719 | INFO | apscheduler.executors.default | Job "GameEngine.registration_watchdog (trigger: interval[0:00:05], next run at: 2026-08-19 12:39:57 UTC)" executed successfully
2026-08-19 17:39:57,717 | INFO | apscheduler.executors.default | Running job "GameEngine.registration_watchdog (trigger: interval[0:00:05], next run at: 2026-08-19 12:40:02 UTC)" (scheduled at 2026-08-19 12:39:57.702445+00:00)
2026-08-19 17:39:57,724 | INFO | apscheduler.executors.default | Job "GameEngine.registration_watchdog (trigger: interval[0:00:05], next run at: 2026-08-19 12:40:02 UTC)" executed successfully
2026-08-19 17:39:58,169 | INFO | root | DEBUG_INCOMING Message from=5713560695 payload=/game@ProMafiyaBot
2026-08-19 17:39:58,367 | INFO | aiogram.event | Update id=466217410 is handled. Duration 188 ms by bot id=8894100649
2026-08-19 17:40:01,457 | INFO | root | DEBUG_INCOMING Message from=5713560695 payload=Кошлш
2026-08-19 17:40:01,487 | INFO | aiogram.event | Update id=466217411 is handled. Duration 47 ms by bot id=8894100649
2026-08-19 17:40:02,717 | INFO | apscheduler.executors.default | Running job "GameEngine.registration_watchdog (trigger: interval[0:00:05], next run at: 2026-08-19 12:40:07 UTC)" (scheduled at 2026-08-19 12:40:02.702445+00:00)
2026-08-19 17:40:02,723 | INFO | apscheduler.executors.default | Job "GameEngine.registration_watchdog (trigger: interval[0:00:05], next run at: 2026-08-19 12:40:07 UTC)" executed successfully
2026-08-19 17:40:04,629 | INFO | root | DEBUG_INCOMING Message from=7526403539 payload=Eyaa ruxwojonee
2026-08-19 17:40:04,645 | INFO | aiogram.event | Update id=466217412 is handled. Duration 30 ms by bot id=8894100649
2026-08-19 17:40:07,714 | INFO | apscheduler.executors.default | Running job "GameEngine.registration_watchdog (trigger: interval[0:00:05], next run at: 2026-08-19 12:40:12 UTC)" (scheduled at 2026-08-19 12:40:07.702445+00:00)
2026-08-19 17:40:07,728 | INFO | apscheduler.executors.default | Job "GameEngine.registration_watchdog (trigger: interval[0:00:05], next run at: 2026-08-19 12:40:12 UTC)" executed successfully
2026-08-19 17:40:12,731 | INFO | apscheduler.executors.default | Running job "GameEngine.registration_watchdog (trigger: interval[0:00:05], next run at: 2026-08-19 12:40:17 UTC)" (scheduled at 2026-08-19 12:40:12.702445+00:00)
2026-08-19 17:40:12,738 | INFO | apscheduler.executors.default | Job "GameEngine.registration_watchdog (trigger: interval[0:00:05], next run at: 2026-08-19 12:40:17 UTC)" executed successfully
2026-08-19 17:40:17,718 | INFO | apscheduler.executors.default | Running job "GameEngine.registration_watchdog (trigger: interval[0:00:05], next run at: 2026-08-19 12:40:22 UTC)" (scheduled at 2026-08-19 12:40:17.702445+00:00)
2026-08-19 17:40:17,726 | INFO | apscheduler.executors.default | Running job "GameEngine.send_pending_diamond_logs (trigger: interval[0:00:30], next run at: 2026-08-19 12:40:47 UTC)" (scheduled at 2026-08-19 12:40:17.708289+00:00)
2026-08-19 17:40:17,726 | INFO | apscheduler.executors.default | Running job "GameEngine.premium_reset_watchdog (trigger: interval[0:01:00], next run at: 2026-08-19 12:41:17 UTC)" (scheduled at 2026-08-19 12:40:17.708289+00:00)
2026-08-19 17:40:17,734 | INFO | apscheduler.executors.default | Job "GameEngine.registration_watchdog (trigger: interval[0:00:05], next run at: 2026-08-19 12:40:22 UTC)" executed successfully
2026-08-19 17:40:17,734 | INFO | apscheduler.executors.default | Job "GameEngine.premium_reset_watchdog (trigger: interval[0:01:00], next run at: 2026-08-19 12:41:17 UTC)" executed successfully
2026-08-19 17:40:17,734 | INFO | apscheduler.executors.default | Job "GameEngine.send_pending_diamond_logs (trigger: interval[0:00:30], next run at: 2026-08-19 12:40:47 UTC)" executed successfully
2026-08-19 17:40:22,704 | INFO | apscheduler.executors.default | Running job "GameEngine.registration_watchdog (trigger: interval[0:00:05], next run at: 2026-08-19 12:40:27 UTC)" (scheduled at 2026-08-19 12:40:22.702445+00:00)
2026-08-19 17:40:22,711 | INFO | apscheduler.executors.default | Job "GameEngine.registration_watchdog (trigger: interval[0:00:05], next run at: 2026-08-19 12:40:27 UTC)" executed successfully
2026-08-19 17:40:25,824 | INFO | root | DEBUG_INCOMING Message from=8692634539 payload=Еххеее шахбозжонееее
2026-08-19 17:40:25,869 | INFO | aiogram.event | Update id=466217413 is handled. Duration 31 ms by bot id=8894100649
2026-08-19 17:40:27,720 | INFO | apscheduler.executors.default | Running job "GameEngine.registration_watchdog (trigger: interval[0:00:05], next run at: 2026-08-19 12:40:32 UTC)" (scheduled at 2026-08-19 12:40:27.702445+00:00)
2026-08-19 17:40:27,727 | INFO | apscheduler.executors.default | Job "GameEngine.registration_watchdog (trigger: interval[0:00:05], next run at: 2026-08-19 12:40:32 UTC)" executed successfully
2026-08-19 17:40:32,723 | INFO | apscheduler.executors.default | Running job "GameEngine.registration_watchdog (trigger: interval[0:00:05], next run at: 2026-08-19 12:40:37 UTC)" (scheduled at 2026-08-19 12:40:32.702445+00:00)
2026-08-19 17:40:32,730 | INFO | apscheduler.executors.default | Job "GameEngine.registration_watchdog (trigger: interval[0:00:05], next run at: 2026-08-19 12:40:37 UTC)" executed successfully
2026-08-19 17:40:37,711 | INFO | apscheduler.executors.default | Running job "GameEngine.registration_watchdog (trigger: interval[0:00:05], next run at: 2026-08-19 12:40:42 UTC)" (scheduled at 2026-08-19 12:40:37.702445+00:00)
2026-08-19 17:40:37,711 | INFO | apscheduler.executors.default | Job "GameEngine.registration_watchdog (trigger: interval[0:00:05], next run at: 2026-08-19 12:40:42 UTC)" executed successfully
2026-08-19 17:40:42,717 | INFO | apscheduler.executors.default | Running job "GameEngine.registration_watchdog (trigger: interval[0:00:05], next run at: 2026-08-19 12:40:47 UTC)" (scheduled at 2026-08-19 12:40:42.702445+00:00)
2026-08-19 17:40:42,723 | INFO | apscheduler.executors.default | Job "GameEngine.registration_watchdog (trigger: interval[0:00:05], next run at: 2026-08-19 12:40:47 UTC)" executed successfully
2026-08-19 17:40:47,718 | INFO | apscheduler.executors.default | Running job "GameEngine.registration_watchdog (trigger: interval[0:00:05], next run at: 2026-08-19 12:40:52 UTC)" (scheduled at 2026-08-19 12:40:47.702445+00:00)
2026-08-19 17:40:47,724 | INFO | apscheduler.executors.default | Running job "GameEngine.send_pending_diamond_logs (trigger: interval[0:00:30], next run at: 2026-08-19 12:41:17 UTC)" (scheduled at 2026-08-19 12:40:47.708289+00:00)
2026-08-19 17:40:47,734 | INFO | apscheduler.executors.default | Job "GameEngine.registration_watchdog (trigger: interval[0:00:05], next run at: 2026-08-19 12:40:52 UTC)" executed successfully
2026-08-19 17:40:47,734 | INFO | apscheduler.executors.default | Job "GameEngine.send_pending_diamond_logs (trigger: interval[0:00:30], next run at: 2026-08-19 12:41:17 UTC)" executed successfully
2026-08-19 17:40:48,862 | INFO | root | DEBUG_INCOMING Message from=7526403539 payload=Annaneey
2026-08-19 17:40:48,904 | INFO | aiogram.event | Update id=466217414 is handled. Duration 46 ms by bot id=8894100649
2026-08-19 17:40:52,711 | INFO | apscheduler.executors.default | Running job "GameEngine.registration_watchdog (trigger: interval[0:00:05], next run at: 2026-08-19 12:40:57 UTC)" (scheduled at 2026-08-19 12:40:52.702445+00:00)
2026-08-19 17:40:52,717 | INFO | apscheduler.executors.default | Job "GameEngine.registration_watchdog (trigger: interval[0:00:05], next run at: 2026-08-19 12:40:57 UTC)" executed successfully
2026-08-19 17:40:57,708 | INFO | apscheduler.executors.default | Running job "GameEngine.registration_watchdog (trigger: interval[0:00:05], next run at: 2026-08-19 12:41:02 UTC)" (scheduled at 2026-08-19 12:40:57.702445+00:00)
2026-08-19 17:40:57,715 | INFO | apscheduler.executors.default | Job "GameEngine.registration_watchdog (trigger: interval[0:00:05], next run at: 2026-08-19 12:41:02 UTC)" executed successfully
2026-08-19 17:41:02,713 | INFO | apscheduler.executors.default | Running job "GameEngine.registration_watchdog (trigger: interval[0:00:05], next run at: 2026-08-19 12:41:07 UTC)" (scheduled at 2026-08-19 12:41:02.702445+00:00)
2026-08-19 17:41:02,719 | INFO | apscheduler.executors.default | Job "GameEngine.registration_watchdog (trigger: interval[0:00:05], next run at: 2026-08-19 12:41:07 UTC)" executed successfully
2026-08-19 17:41:07,718 | INFO | apscheduler.executors.default | Running job "GameEngine.registration_watchdog (trigger: interval[0:00:05], next run at: 2026-08-19 12:41:12 UTC)" (scheduled at 2026-08-19 12:41:07.702445+00:00)
2026-08-19 17:41:07,724 | INFO | apscheduler.executors.default | Job "GameEngine.registration_watchdog (trigger: interval[0:00:05], next run at: 2026-08-19 12:41:12 UTC)" executed successfully
2026-08-19 17:41:12,725 | INFO | apscheduler.executors.default | Running job "GameEngine.registration_watchdog (trigger: interval[0:00:05], next run at: 2026-08-19 12:41:17 UTC)" (scheduled at 2026-08-19 12:41:12.702445+00:00)
2026-08-19 17:41:12,732 | INFO | apscheduler.executors.default | Job "GameEngine.registration_watchdog (trigger: interval[0:00:05], next run at: 2026-08-19 12:41:17 UTC)" executed successfully
2026-08-19 17:41:17,713 | INFO | apscheduler.executors.default | Running job "GameEngine.registration_watchdog (trigger: interval[0:00:05], next run at: 2026-08-19 12:41:22 UTC)" (scheduled at 2026-08-19 12:41:17.702445+00:00)
2026-08-19 17:41:17,720 | INFO | apscheduler.executors.default | Running job "GameEngine.send_pending_diamond_logs (trigger: interval[0:00:30], next run at: 2026-08-19 12:41:47 UTC)" (scheduled at 2026-08-19 12:41:17.708289+00:00)
2026-08-19 17:41:17,720 | INFO | apscheduler.executors.default | Running job "GameEngine.premium_reset_watchdog (trigger: interval[0:01:00], next run at: 2026-08-19 12:42:17 UTC)" (scheduled at 2026-08-19 12:41:17.708289+00:00)
2026-08-19 17:41:17,729 | INFO | apscheduler.executors.default | Job "GameEngine.registration_watchdog (trigger: interval[0:00:05], next run at: 2026-08-19 12:41:22 UTC)" executed successfully
2026-08-19 17:41:17,729 | INFO | apscheduler.executors.default | Job "GameEngine.premium_reset_watchdog (trigger: interval[0:01:00], next run at: 2026-08-19 12:42:17 UTC)" executed successfully
2026-08-19 17:41:17,729 | INFO | apscheduler.executors.default | Job "GameEngine.send_pending_diamond_logs (trigger: interval[0:00:30], next run at: 2026-08-19 12:41:47 UTC)" executed successfully
2026-08-19 17:41:22,729 | INFO | apscheduler.executors.default | Running job "GameEngine.registration_watchdog (trigger: interval[0:00:05], next run at: 2026-08-19 12:41:27 UTC)" (scheduled at 2026-08-19 12:41:22.702445+00:00)
2026-08-19 17:41:22,735 | INFO | apscheduler.executors.default | Job "GameEngine.registration_watchdog (trigger: interval[0:00:05], next run at: 2026-08-19 12:41:27 UTC)" executed successfully
2026-08-19 17:41:23,884 | INFO | root | DEBUG_INCOMING Message from=8692634539 payload=Коп гапиворябс
2026-08-19 17:41:23,913 | INFO | aiogram.event | Update id=466217415 is handled. Duration 30 ms by bot id=8894100649
2026-08-19 17:41:27,704 | INFO | apscheduler.executors.default | Running job "GameEngine.registration_watchdog (trigger: interval[0:00:05], next run at: 2026-08-19 12:41:32 UTC)" (scheduled at 2026-08-19 12:41:27.702445+00:00)
2026-08-19 17:41:27,710 | INFO | apscheduler.executors.default | Job "GameEngine.registration_watchdog (trigger: interval[0:00:05], next run at: 2026-08-19 12:41:32 UTC)" executed successfully
2026-08-19 17:41:32,712 | INFO | apscheduler.executors.default | Running job "GameEngine.registration_watchdog (trigger: interval[0:00:05], next run at: 2026-08-19 12:41:37 UTC)" (scheduled at 2026-08-19 12:41:32.702445+00:00)
2026-08-19 17:41:32,719 | INFO | apscheduler.executors.default | Job "GameEngine.registration_watchdog (trigger: interval[0:00:05], next run at: 2026-08-19 12:41:37 UTC)" executed successfully
2026-08-19 17:41:37,707 | INFO | apscheduler.executors.default | Running job "GameEngine.registration_watchdog (trigger: interval[0:00:05], next run at: 2026-08-19 12:41:42 UTC)" (scheduled at 2026-08-19 12:41:37.702445+00:00)
2026-08-19 17:41:37,713 | INFO | apscheduler.executors.default | Job "GameEngine.registration_watchdog (trigger: interval[0:00:05], next run at: 2026-08-19 12:41:42 UTC)" executed successfully
2026-08-19 17:41:42,717 | INFO | apscheduler.executors.default | Running job "GameEngine.registration_watchdog (trigger: interval[0:00:05], next run at: 2026-08-19 12:41:47 UTC)" (scheduled at 2026-08-19 12:41:42.702445+00:00)
2026-08-19 17:41:42,723 | INFO | apscheduler.executors.default | Job "GameEngine.registration_watchdog (trigger: interval[0:00:05], next run at: 2026-08-19 12:41:47 UTC)" executed successfully
2026-08-19 17:41:47,720 | INFO | apscheduler.executors.default | Running job "GameEngine.registration_watchdog (trigger: interval[0:00:05], next run at: 2026-08-19 12:41:52 UTC)" (scheduled at 2026-08-19 12:41:47.702445+00:00)
2026-08-19 17:41:47,726 | INFO | apscheduler.executors.default | Running job "GameEngine.send_pending_diamond_logs (trigger: interval[0:00:30], next run at: 2026-08-19 12:42:17 UTC)" (scheduled at 2026-08-19 12:41:47.708289+00:00)
2026-08-19 17:41:47,736 | INFO | apscheduler.executors.default | Job "GameEngine.registration_watchdog (trigger: interval[0:00:05], next run at: 2026-08-19 12:41:52 UTC)" executed successfully
2026-08-19 17:41:47,736 | INFO | apscheduler.executors.default | Job "GameEngine.send_pending_diamond_logs (trigger: interval[0:00:30], next run at: 2026-08-19 12:42:17 UTC)" executed successfully
2026-08-19 17:41:52,716 | INFO | apscheduler.executors.default | Running job "GameEngine.registration_watchdog (trigger: interval[0:00:05], next run at: 2026-08-19 12:41:57 UTC)" (scheduled at 2026-08-19 12:41:52.702445+00:00)
2026-08-19 17:41:52,716 | INFO | apscheduler.executors.default | Job "GameEngine.registration_watchdog (trigger: interval[0:00:05], next run at: 2026-08-19 12:41:57 UTC)" executed successfully
2026-08-19 17:41:57,719 | INFO | apscheduler.executors.default | Running job "GameEngine.registration_watchdog (trigger: interval[0:00:05], next run at: 2026-08-19 12:42:02 UTC)" (scheduled at 2026-08-19 12:41:57.702445+00:00)
2026-08-19 17:41:57,719 | INFO | apscheduler.executors.default | Job "GameEngine.registration_watchdog (trigger: interval[0:00:05], next run at: 2026-08-19 12:42:02 UTC)" executed successfully
2026-08-19 17:42:02,704 | INFO | apscheduler.executors.default | Running job "GameEngine.registration_watchdog (trigger: interval[0:00:05], next run at: 2026-08-19 12:42:07 UTC)" (scheduled at 2026-08-19 12:42:02.702445+00:00)
2026-08-19 17:42:02,710 | INFO | apscheduler.executors.default | Job "GameEngine.registration_watchdog (trigger: interval[0:00:05], next run at: 2026-08-19 12:42:07 UTC)" executed successfully
2026-08-19 17:42:06,795 | INFO | root | DEBUG_INCOMING Message from=5713560695 payload=/game@ProMafiyaBot
2026-08-19 17:42:07,002 | INFO | aiogram.event | Update id=466217416 is handled. Duration 219 ms by bot id=8894100649
2026-08-19 17:42:07,712 | INFO | apscheduler.executors.default | Running job "GameEngine.registration_watchdog (trigger: interval[0:00:05], next run at: 2026-08-19 12:42:12 UTC)" (scheduled at 2026-08-19 12:42:07.702445+00:00)
2026-08-19 17:42:07,718 | INFO | apscheduler.executors.default | Job "GameEngine.registration_watchdog (trigger: interval[0:00:05], next run at: 2026-08-19 12:42:12 UTC)" executed successfully
2026-08-19 17:42:07,909 | INFO | root | DEBUG_INCOMING Message from=5713560695 payload=5
2026-08-19 17:42:07,937 | INFO | aiogram.event | Update id=466217417 is handled. Duration 31 ms by bot id=8894100649
2026-08-19 17:42:09,163 | INFO | root | DEBUG_INCOMING Message from=5713560695 payload=4
2026-08-19 17:42:09,179 | INFO | aiogram.event | Update id=466217418 is handled. Duration 15 ms by bot id=8894100649
2026-08-19 17:42:10,542 | INFO | root | DEBUG_INCOMING Message from=5713560695 payload=3
2026-08-19 17:42:10,569 | INFO | aiogram.event | Update id=466217419 is handled. Duration 16 ms by bot id=8894100649
2026-08-19 17:42:11,503 | INFO | root | DEBUG_INCOMING Message from=5713560695 payload=2
2026-08-19 17:42:11,521 | INFO | aiogram.event | Update id=466217420 is handled. Duration 30 ms by bot id=8894100649
2026-08-19 17:42:12,214 | INFO | root | DEBUG_INCOMING Message from=5713560695 payload=1
2026-08-19 17:42:12,246 | INFO | aiogram.event | Update id=466217421 is handled. Duration 32 ms by bot id=8894100649
2026-08-19 17:42:12,706 | INFO | apscheduler.executors.default | Running job "GameEngine.registration_watchdog (trigger: interval[0:00:05], next run at: 2026-08-19 12:42:17 UTC)" (scheduled at 2026-08-19 12:42:12.702445+00:00)
2026-08-19 17:42:12,713 | INFO | apscheduler.executors.default | Job "GameEngine.registration_watchdog (trigger: interval[0:00:05], next run at: 2026-08-19 12:42:17 UTC)" executed successfully
2026-08-19 17:42:13,961 | INFO | root | DEBUG_INCOMING Message from=5713560695 payload=Ст
2026-08-19 17:42:13,987 | INFO | aiogram.event | Update id=466217422 is handled. Duration 31 ms by bot id=8894100649
2026-08-19 17:42:17,718 | INFO | apscheduler.executors.default | Running job "GameEngine.registration_watchdog (trigger: interval[0:00:05], next run at: 2026-08-19 12:42:22 UTC)" (scheduled at 2026-08-19 12:42:17.702445+00:00)
2026-08-19 17:42:17,725 | INFO | apscheduler.executors.default | Running job "GameEngine.send_pending_diamond_logs (trigger: interval[0:00:30], next run at: 2026-08-19 12:42:47 UTC)" (scheduled at 2026-08-19 12:42:17.708289+00:00)
2026-08-19 17:42:17,725 | INFO | apscheduler.executors.default | Running job "GameEngine.premium_reset_watchdog (trigger: interval[0:01:00], next run at: 2026-08-19 12:43:17 UTC)" (scheduled at 2026-08-19 12:42:17.708289+00:00)
2026-08-19 17:42:17,734 | INFO | apscheduler.executors.default | Job "GameEngine.registration_watchdog (trigger: interval[0:00:05], next run at: 2026-08-19 12:42:22 UTC)" executed successfully
2026-08-19 17:42:17,734 | INFO | apscheduler.executors.default | Job "GameEngine.premium_reset_watchdog (trigger: interval[0:01:00], next run at: 2026-08-19 12:43:17 UTC)" executed successfully
2026-08-19 17:42:17,734 | INFO | apscheduler.executors.default | Job "GameEngine.send_pending_diamond_logs (trigger: interval[0:00:30], next run at: 2026-08-19 12:42:47 UTC)" executed successfully
2026-08-19 17:42:18,482 | INFO | root | DEBUG_INCOMING Message from=5713560695 payload=/start@ProMafiyaBot
2026-08-19 17:42:18,690 | INFO | aiogram.event | Update id=466217423 is handled. Duration 202 ms by bot id=8894100649
2026-08-19 17:42:22,710 | INFO | apscheduler.executors.default | Running job "GameEngine.registration_watchdog (trigger: interval[0:00:05], next run at: 2026-08-19 12:42:27 UTC)" (scheduled at 2026-08-19 12:42:22.702445+00:00)
2026-08-19 17:42:22,716 | INFO | apscheduler.executors.default | Job "GameEngine.registration_watchdog (trigger: interval[0:00:05], next run at: 2026-08-19 12:42:27 UTC)" executed successfully
2026-08-19 17:42:27,702 | INFO | apscheduler.executors.default | Running job "GameEngine.registration_watchdog (trigger: interval[0:00:05], next run at: 2026-08-19 12:42:32 UTC)" (scheduled at 2026-08-19 12:42:27.702445+00:00)
2026-08-19 17:42:27,709 | INFO | apscheduler.executors.default | Job "GameEngine.registration_watchdog (trigger: interval[0:00:05], next run at: 2026-08-19 12:42:32 UTC)" executed successfully
2026-08-19 17:42:31,778 | INFO | root | DEBUG_INCOMING Message from=8212830097 payload=Qo\u02bbshlb qoldim \U0001f602
2026-08-19 17:42:31,807 | INFO | aiogram.event | Update id=466217424 is handled. Duration 30 ms by bot id=8894100649
2026-08-19 17:42:32,725 | INFO | apscheduler.executors.default | Running job "GameEngine.registration_watchdog (trigger: interval[0:00:05], next run at: 2026-08-19 12:42:37 UTC)" (scheduled at 2026-08-19 12:42:32.702445+00:00)
2026-08-19 17:42:32,731 | INFO | apscheduler.executors.default | Job "GameEngine.registration_watchdog (trigger: interval[0:00:05], next run at: 2026-08-19 12:42:37 UTC)" executed successfully
2026-08-19 17:42:37,708 | INFO | apscheduler.executors.default | Running job "GameEngine.registration_watchdog (trigger: interval[0:00:05], next run at: 2026-08-19 12:42:42 UTC)" (scheduled at 2026-08-19 12:42:37.702445+00:00)
2026-08-19 17:42:37,715 | INFO | apscheduler.executors.default | Job "GameEngine.registration_watchdog (trigger: interval[0:00:05], next run at: 2026-08-19 12:42:42 UTC)" executed successfully
2026-08-19 17:42:42,716 | INFO | apscheduler.executors.default | Running job "GameEngine.registration_watchdog (trigger: interval[0:00:05], next run at: 2026-08-19 12:42:47 UTC)" (scheduled at 2026-08-19 12:42:42.702445+00:00)
2026-08-19 17:42:42,722 | INFO | apscheduler.executors.default | Job "GameEngine.registration_watchdog (trigger: interval[0:00:05], next run at: 2026-08-19 12:42:47 UTC)" executed successfully
2026-08-19 17:42:44,257 | INFO | root | DEBUG_INCOMING Message from=7601257532 payload=\U0001f3ad Sizning rolingiz: \U0001f468\U0001f3fc Tinch aholi

Vazifangiz mafiyani topish va ularni shahar yig'ilishida ovoz berib osish.
2026-08-19 17:42:44,273 | INFO | aiogram.event | Update id=466217425 is handled. Duration 15 ms by bot id=8894100649
2026-08-19 17:42:46,782 | INFO | root | DEBUG_INCOMING Message from=7601257532 payload=Otwmaa
2026-08-19 17:42:46,798 | INFO | aiogram.event | Update id=466217426 is handled. Duration 15 ms by bot id=8894100649
2026-08-19 17:42:47,721 | INFO | apscheduler.executors.default | Running job "GameEngine.registration_watchdog (trigger: interval[0:00:05], next run at: 2026-08-19 12:42:52 UTC)" (scheduled at 2026-08-19 12:42:47.702445+00:00)
2026-08-19 17:42:47,728 | INFO | apscheduler.executors.default | Running job "GameEngine.send_pending_diamond_logs (trigger: interval[0:00:30], next run at: 2026-08-19 12:43:17 UTC)" (scheduled at 2026-08-19 12:42:47.708289+00:00)
2026-08-19 17:42:47,728 | INFO | apscheduler.executors.default | Job "GameEngine.registration_watchdog (trigger: interval[0:00:05], next run at: 2026-08-19 12:42:52 UTC)" executed successfully
2026-08-19 17:42:47,737 | INFO | apscheduler.executors.default | Job "GameEngine.send_pending_diamond_logs (trigger: interval[0:00:30], next run at: 2026-08-19 12:43:17 UTC)" executed successfully
2026-08-19 17:42:52,719 | INFO | apscheduler.executors.default | Running job "GameEngine.registration_watchdog (trigger: interval[0:00:05], next run at: 2026-08-19 12:42:57 UTC)" (scheduled at 2026-08-19 12:42:52.702445+00:00)
2026-08-19 17:42:52,726 | INFO | apscheduler.executors.default | Job "GameEngine.registration_watchdog (trigger: interval[0:00:05], next run at: 2026-08-19 12:42:57 UTC)" executed successfully
2026-08-19 17:42:57,723 | INFO | apscheduler.executors.default | Running job "GameEngine.registration_watchdog (trigger: interval[0:00:05], next run at: 2026-08-19 12:43:02 UTC)" (scheduled at 2026-08-19 12:42:57.702445+00:00)
2026-08-19 17:42:57,730 | INFO | apscheduler.executors.default | Job "GameEngine.registration_watchdog (trigger: interval[0:00:05], next run at: 2026-08-19 12:43:02 UTC)" executed successfully
2026-08-19 17:43:02,711 | INFO | apscheduler.executors.default | Running job "GameEngine.registration_watchdog (trigger: interval[0:00:05], next run at: 2026-08-19 12:43:07 UTC)" (scheduled at 2026-08-19 12:43:02.702445+00:00)
2026-08-19 17:43:02,715 | INFO | apscheduler.executors.default | Job "GameEngine.registration_watchdog (trigger: interval[0:00:05], next run at: 2026-08-19 12:43:07 UTC)" executed successfully
2026-08-19 17:43:04,767 | INFO | root | DEBUG_INCOMING Message from=5713560695 payload=Карчерда ювпсзда
2026-08-19 17:43:04,806 | INFO | aiogram.event | Update id=466217427 is handled. Duration 30 ms by bot id=8894100649
2026-08-19 17:43:07,708 | INFO | apscheduler.executors.default | Running job "GameEngine.registration_watchdog (trigger: interval[0:00:05], next run at: 2026-08-19 12:43:12 UTC)" (scheduled at 2026-08-19 12:43:07.702445+00:00)
2026-08-19 17:43:07,714 | INFO | apscheduler.executors.default | Job "GameEngine.registration_watchdog (trigger: interval[0:00:05], next run at: 2026-08-19 12:43:12 UTC)" executed successfully
2026-08-19 17:43:12,704 | INFO | apscheduler.executors.default | Running job "GameEngine.registration_watchdog (trigger: interval[0:00:05], next run at: 2026-08-19 12:43:17 UTC)" (scheduled at 2026-08-19 12:43:12.702445+00:00)
2026-08-19 17:43:12,710 | INFO | apscheduler.executors.default | Job "GameEngine.registration_watchdog (trigger: interval[0:00:05], next run at: 2026-08-19 12:43:17 UTC)" executed successfully
2026-08-19 17:43:15,506 | INFO | root | DEBUG_INCOMING Message from=5713560695 payload=4 инфо
2026-08-19 17:43:15,521 | INFO | aiogram.event | Update id=466217428 is handled. Duration 30 ms by bot id=8894100649
2026-08-19 17:43:17,712 | INFO | apscheduler.executors.default | Running job "GameEngine.registration_watchdog (trigger: interval[0:00:05], next run at: 2026-08-19 12:43:22 UTC)" (scheduled at 2026-08-19 12:43:17.702445+00:00)
2026-08-19 17:43:17,719 | INFO | apscheduler.executors.default | Running job "GameEngine.send_pending_diamond_logs (trigger: interval[0:00:30], next run at: 2026-08-19 12:43:47 UTC)" (scheduled at 2026-08-19 12:43:17.708289+00:00)
2026-08-19 17:43:17,719 | INFO | apscheduler.executors.default | Running job "GameEngine.premium_reset_watchdog (trigger: interval[0:01:00], next run at: 2026-08-19 12:44:17 UTC)" (scheduled at 2026-08-19 12:43:17.708289+00:00)
2026-08-19 17:43:17,728 | INFO | apscheduler.executors.default | Job "GameEngine.registration_watchdog (trigger: interval[0:00:05], next run at: 2026-08-19 12:43:22 UTC)" executed successfully
2026-08-19 17:43:17,728 | INFO | apscheduler.executors.default | Job "GameEngine.premium_reset_watchdog (trigger: interval[0:01:00], next run at: 2026-08-19 12:44:17 UTC)" executed successfully
2026-08-19 17:43:17,728 | INFO | apscheduler.executors.default | Job "GameEngine.send_pending_diamond_logs (trigger: interval[0:00:30], next run at: 2026-08-19 12:43:47 UTC)" executed successfully
2026-08-19 17:43:22,707 | INFO | apscheduler.executors.default | Running job "GameEngine.registration_watchdog (trigger: interval[0:00:05], next run at: 2026-08-19 12:43:27 UTC)" (scheduled at 2026-08-19 12:43:22.702445+00:00)
2026-08-19 17:43:22,714 | INFO | apscheduler.executors.default | Job "GameEngine.registration_watchdog (trigger: interval[0:00:05], next run at: 2026-08-19 12:43:27 UTC)" executed successfully
2026-08-19 17:43:25,377 | INFO | root | DEBUG_INCOMING Message from=8692634539 payload=Док
2026-08-19 17:43:25,405 | INFO | aiogram.event | Update id=466217429 is handled. Duration 30 ms by bot id=8894100649
2026-08-19 17:43:27,718 | INFO | apscheduler.executors.default | Running job "GameEngine.registration_watchdog (trigger: interval[0:00:05], next run at: 2026-08-19 12:43:32 UTC)" (scheduled at 2026-08-19 12:43:27.702445+00:00)
2026-08-19 17:43:27,724 | INFO | apscheduler.executors.default | Job "GameEngine.registration_watchdog (trigger: interval[0:00:05], next run at: 2026-08-19 12:43:32 UTC)" executed successfully
2026-08-19 17:43:32,716 | INFO | apscheduler.executors.default | Running job "GameEngine.registration_watchdog (trigger: interval[0:00:05], next run at: 2026-08-19 12:43:37 UTC)" (scheduled at 2026-08-19 12:43:32.702445+00:00)
2026-08-19 17:43:32,723 | INFO | apscheduler.executors.default | Job "GameEngine.registration_watchdog (trigger: interval[0:00:05], next run at: 2026-08-19 12:43:37 UTC)" executed successfully
2026-08-19 17:43:34,981 | INFO | root | DEBUG_INCOMING Message from=5713560695 payload=2 газ
2026-08-19 17:43:35,007 | INFO | aiogram.event | Update id=466217430 is handled. Duration 15 ms by bot id=8894100649
2026-08-19 17:43:37,724 | INFO | apscheduler.executors.default | Running job "GameEngine.registration_watchdog (trigger: interval[0:00:05], next run at: 2026-08-19 12:43:42 UTC)" (scheduled at 2026-08-19 12:43:37.702445+00:00)
2026-08-19 17:43:37,732 | INFO | apscheduler.executors.default | Job "GameEngine.registration_watchdog (trigger: interval[0:00:05], next run at: 2026-08-19 12:43:42 UTC)" executed successfully
2026-08-19 17:43:42,709 | INFO | apscheduler.executors.default | Running job "GameEngine.registration_watchdog (trigger: interval[0:00:05], next run at: 2026-08-19 12:43:47 UTC)" (scheduled at 2026-08-19 12:43:42.702445+00:00)
2026-08-19 17:43:42,713 | INFO | apscheduler.executors.default | Job "GameEngine.registration_watchdog (trigger: interval[0:00:05], next run at: 2026-08-19 12:43:47 UTC)" executed successfully
2026-08-19 17:43:47,711 | INFO | apscheduler.executors.default | Running job "GameEngine.registration_watchdog (trigger: interval[0:00:05], next run at: 2026-08-19 12:43:52 UTC)" (scheduled at 2026-08-19 12:43:47.702445+00:00)
2026-08-19 17:43:47,717 | INFO | apscheduler.executors.default | Running job "GameEngine.send_pending_diamond_logs (trigger: interval[0:00:30], next run at: 2026-08-19 12:44:17 UTC)" (scheduled at 2026-08-19 12:43:47.708289+00:00)
2026-08-19 17:43:47,717 | INFO | apscheduler.executors.default | Job "GameEngine.registration_watchdog (trigger: interval[0:00:05], next run at: 2026-08-19 12:43:52 UTC)" executed successfully
2026-08-19 17:43:47,727 | INFO | apscheduler.executors.default | Job "GameEngine.send_pending_diamond_logs (trigger: interval[0:00:30], next run at: 2026-08-19 12:44:17 UTC)" executed successfully
2026-08-19 17:43:52,708 | INFO | apscheduler.executors.default | Running job "GameEngine.registration_watchdog (trigger: interval[0:00:05], next run at: 2026-08-19 12:43:57 UTC)" (scheduled at 2026-08-19 12:43:52.702445+00:00)
2026-08-19 17:43:52,715 | INFO | apscheduler.executors.default | Job "GameEngine.registration_watchdog (trigger: interval[0:00:05], next run at: 2026-08-19 12:43:57 UTC)" executed successfully
2026-08-19 17:43:57,716 | INFO | apscheduler.executors.default | Running job "GameEngine.registration_watchdog (trigger: interval[0:00:05], next run at: 2026-08-19 12:44:02 UTC)" (scheduled at 2026-08-19 12:43:57.702445+00:00)
2026-08-19 17:43:57,723 | INFO | apscheduler.executors.default | Job "GameEngine.registration_watchdog (trigger: interval[0:00:05], next run at: 2026-08-19 12:44:02 UTC)" executed successfully
2026-08-19 17:44:02,711 | INFO | apscheduler.executors.default | Running job "GameEngine.registration_watchdog (trigger: interval[0:00:05], next run at: 2026-08-19 12:44:07 UTC)" (scheduled at 2026-08-19 12:44:02.702445+00:00)
2026-08-19 17:44:02,717 | INFO | apscheduler.executors.default | Job "GameEngine.registration_watchdog (trigger: interval[0:00:05], next run at: 2026-08-19 12:44:07 UTC)" executed successfully
2026-08-19 17:44:07,708 | INFO | apscheduler.executors.default | Running job "GameEngine.registration_watchdog (trigger: interval[0:00:05], next run at: 2026-08-19 12:44:12 UTC)" (scheduled at 2026-08-19 12:44:07.702445+00:00)
2026-08-19 17:44:07,714 | INFO | apscheduler.executors.default | Job "GameEngine.registration_watchdog (trigger: interval[0:00:05], next run at: 2026-08-19 12:44:12 UTC)" executed successfully
2026-08-19 17:44:12,707 | INFO | apscheduler.executors.default | Running job "GameEngine.registration_watchdog (trigger: interval[0:00:05], next run at: 2026-08-19 12:44:17 UTC)" (scheduled at 2026-08-19 12:44:12.702445+00:00)
2026-08-19 17:44:12,717 | INFO | apscheduler.executors.default | Job "GameEngine.registration_watchdog (trigger: interval[0:00:05], next run at: 2026-08-19 12:44:17 UTC)" executed successfully
2026-08-19 17:44:17,385 | INFO | root | DEBUG_INCOMING Message from=5713560695 payload=Ксее
2026-08-19 17:44:17,401 | INFO | aiogram.event | Update id=466217431 is handled. Duration 30 ms by bot id=8894100649
2026-08-19 17:44:17,719 | INFO | apscheduler.executors.default | Running job "GameEngine.registration_watchdog (trigger: interval[0:00:05], next run at: 2026-08-19 12:44:22 UTC)" (scheduled at 2026-08-19 12:44:17.702445+00:00)
2026-08-19 17:44:17,725 | INFO | apscheduler.executors.default | Running job "GameEngine.send_pending_diamond_logs (trigger: interval[0:00:30], next run at: 2026-08-19 12:44:47 UTC)" (scheduled at 2026-08-19 12:44:17.708289+00:00)
2026-08-19 17:44:17,725 | INFO | apscheduler.executors.default | Running job "GameEngine.premium_reset_watchdog (trigger: interval[0:01:00], next run at: 2026-08-19 12:45:17 UTC)" (scheduled at 2026-08-19 12:44:17.708289+00:00)
2026-08-19 17:44:17,734 | INFO | apscheduler.executors.default | Job "GameEngine.registration_watchdog (trigger: interval[0:00:05], next run at: 2026-08-19 12:44:22 UTC)" executed successfully
2026-08-19 17:44:17,734 | INFO | apscheduler.executors.default | Job "GameEngine.premium_reset_watchdog (trigger: interval[0:01:00], next run at: 2026-08-19 12:45:17 UTC)" executed successfully
2026-08-19 17:44:17,734 | INFO | apscheduler.executors.default | Job "GameEngine.send_pending_diamond_logs (trigger: interval[0:00:30], next run at: 2026-08-19 12:44:47 UTC)" executed successfully
2026-08-19 17:44:22,703 | INFO | apscheduler.executors.default | Running job "GameEngine.registration_watchdog (trigger: interval[0:00:05], next run at: 2026-08-19 12:44:27 UTC)" (scheduled at 2026-08-19 12:44:22.702445+00:00)
2026-08-19 17:44:22,709 | INFO | apscheduler.executors.default | Job "GameEngine.registration_watchdog (trigger: interval[0:00:05], next run at: 2026-08-19 12:44:27 UTC)" executed successfully
2026-08-19 17:44:27,718 | INFO | apscheduler.executors.default | Running job "GameEngine.registration_watchdog (trigger: interval[0:00:05], next run at: 2026-08-19 12:44:32 UTC)" (scheduled at 2026-08-19 12:44:27.702445+00:00)
2026-08-19 17:44:27,724 | INFO | apscheduler.executors.default | Job "GameEngine.registration_watchdog (trigger: interval[0:00:05], next run at: 2026-08-19 12:44:32 UTC)" executed successfully
2026-08-19 17:44:32,718 | INFO | apscheduler.executors.default | Running job "GameEngine.registration_watchdog (trigger: interval[0:00:05], next run at: 2026-08-19 12:44:37 UTC)" (scheduled at 2026-08-19 12:44:32.702445+00:00)
2026-08-19 17:44:32,725 | INFO | apscheduler.executors.default | Job "GameEngine.registration_watchdog (trigger: interval[0:00:05], next run at: 2026-08-19 12:44:37 UTC)" executed successfully
2026-08-19 17:44:37,714 | INFO | apscheduler.executors.default | Running job "GameEngine.registration_watchdog (trigger: interval[0:00:05], next run at: 2026-08-19 12:44:42 UTC)" (scheduled at 2026-08-19 12:44:37.702445+00:00)
2026-08-19 17:44:37,721 | INFO | apscheduler.executors.default | Job "GameEngine.registration_watchdog (trigger: interval[0:00:05], next run at: 2026-08-19 12:44:42 UTC)" executed successfully
2026-08-19 17:44:42,720 | INFO | apscheduler.executors.default | Running job "GameEngine.registration_watchdog (trigger: interval[0:00:05], next run at: 2026-08-19 12:44:47 UTC)" (scheduled at 2026-08-19 12:44:42.702445+00:00)
2026-08-19 17:44:42,727 | INFO | apscheduler.executors.default | Job "GameEngine.registration_watchdog (trigger: interval[0:00:05], next run at: 2026-08-19 12:44:47 UTC)" executed successfully
2026-08-19 17:44:43,887 | INFO | root | DEBUG_INCOMING Message from=8967473914 payload=Kezma
2026-08-19 17:44:43,919 | INFO | aiogram.event | Update id=466217432 is handled. Duration 30 ms by bot id=8894100649
2026-08-19 17:44:47,705 | INFO | apscheduler.executors.default | Running job "GameEngine.registration_watchdog (trigger: interval[0:00:05], next run at: 2026-08-19 12:44:52 UTC)" (scheduled at 2026-08-19 12:44:47.702445+00:00)
2026-08-19 17:44:47,712 | INFO | apscheduler.executors.default | Running job "GameEngine.send_pending_diamond_logs (trigger: interval[0:00:30], next run at: 2026-08-19 12:45:17 UTC)" (scheduled at 2026-08-19 12:44:47.708289+00:00)
2026-08-19 17:44:47,720 | INFO | apscheduler.executors.default | Job "GameEngine.registration_watchdog (trigger: interval[0:00:05], next run at: 2026-08-19 12:44:52 UTC)" executed successfully
2026-08-19 17:44:47,720 | INFO | apscheduler.executors.default | Job "GameEngine.send_pending_diamond_logs (trigger: interval[0:00:30], next run at: 2026-08-19 12:45:17 UTC)" executed successfully
2026-08-19 17:44:52,711 | INFO | apscheduler.executors.default | Running job "GameEngine.registration_watchdog (trigger: interval[0:00:05], next run at: 2026-08-19 12:44:57 UTC)" (scheduled at 2026-08-19 12:44:52.702445+00:00)
2026-08-19 17:44:52,717 | INFO | apscheduler.executors.default | Job "GameEngine.registration_watchdog (trigger: interval[0:00:05], next run at: 2026-08-19 12:44:57 UTC)" executed successfully
2026-08-19 17:44:57,704 | INFO | apscheduler.executors.default | Running job "GameEngine.registration_watchdog (trigger: interval[0:00:05], next run at: 2026-08-19 12:45:02 UTC)" (scheduled at 2026-08-19 12:44:57.702445+00:00)
2026-08-19 17:44:57,708 | INFO | apscheduler.executors.default | Job "GameEngine.registration_watchdog (trigger: interval[0:00:05], next run at: 2026-08-19 12:45:02 UTC)" executed successfully
2026-08-19 17:45:02,716 | INFO | apscheduler.executors.default | Running job "GameEngine.registration_watchdog (trigger: interval[0:00:05], next run at: 2026-08-19 12:45:07 UTC)" (scheduled at 2026-08-19 12:45:02.702445+00:00)
2026-08-19 17:45:02,721 | INFO | apscheduler.executors.default | Job "GameEngine.registration_watchdog (trigger: interval[0:00:05], next run at: 2026-08-19 12:45:07 UTC)" executed successfully
2026-08-19 17:45:07,709 | INFO | apscheduler.executors.default | Running job "GameEngine.registration_watchdog (trigger: interval[0:00:05], next run at: 2026-08-19 12:45:12 UTC)" (scheduled at 2026-08-19 12:45:07.702445+00:00)
2026-08-19 17:45:07,715 | INFO | apscheduler.executors.default | Job "GameEngine.registration_watchdog (trigger: interval[0:00:05], next run at: 2026-08-19 12:45:12 UTC)" executed successfully
2026-08-19 17:45:12,717 | INFO | apscheduler.executors.default | Running job "GameEngine.registration_watchdog (trigger: interval[0:00:05], next run at: 2026-08-19 12:45:17 UTC)" (scheduled at 2026-08-19 12:45:12.702445+00:00)
2026-08-19 17:45:12,720 | INFO | apscheduler.executors.default | Job "GameEngine.registration_watchdog (trigger: interval[0:00:05], next run at: 2026-08-19 12:45:17 UTC)" executed successfully
2026-08-19 17:45:17,724 | INFO | apscheduler.executors.default | Running job "GameEngine.registration_watchdog (trigger: interval[0:00:05], next run at: 2026-08-19 12:45:22 UTC)" (scheduled at 2026-08-19 12:45:17.702445+00:00)
2026-08-19 17:45:17,731 | INFO | apscheduler.executors.default | Running job "GameEngine.send_pending_diamond_logs (trigger: interval[0:00:30], next run at: 2026-08-19 12:45:47 UTC)" (scheduled at 2026-08-19 12:45:17.708289+00:00)
2026-08-19 17:45:17,731 | INFO | apscheduler.executors.default | Running job "GameEngine.premium_reset_watchdog (trigger: interval[0:01:00], next run at: 2026-08-19 12:46:17 UTC)" (scheduled at 2026-08-19 12:45:17.708289+00:00)
2026-08-19 17:45:17,740 | INFO | apscheduler.executors.default | Job "GameEngine.registration_watchdog (trigger: interval[0:00:05], next run at: 2026-08-19 12:45:22 UTC)" executed successfully
2026-08-19 17:45:17,740 | INFO | apscheduler.executors.default | Job "GameEngine.premium_reset_watchdog (trigger: interval[0:01:00], next run at: 2026-08-19 12:46:17 UTC)" executed successfully
2026-08-19 17:45:17,740 | INFO | apscheduler.executors.default | Job "GameEngine.send_pending_diamond_logs (trigger: interval[0:00:30], next run at: 2026-08-19 12:45:47 UTC)" executed successfully
2026-08-19 17:45:22,704 | INFO | apscheduler.executors.default | Running job "GameEngine.registration_watchdog (trigger: interval[0:00:05], next run at: 2026-08-19 12:45:27 UTC)" (scheduled at 2026-08-19 12:45:22.702445+00:00)
2026-08-19 17:45:22,710 | INFO | apscheduler.executors.default | Job "GameEngine.registration_watchdog (trigger: interval[0:00:05], next run at: 2026-08-19 12:45:27 UTC)" executed successfully
2026-08-19 17:45:27,712 | INFO | apscheduler.executors.default | Running job "GameEngine.registration_watchdog (trigger: interval[0:00:05], next run at: 2026-08-19 12:45:32 UTC)" (scheduled at 2026-08-19 12:45:27.702445+00:00)
2026-08-19 17:45:27,718 | INFO | apscheduler.executors.default | Job "GameEngine.registration_watchdog (trigger: interval[0:00:05], next run at: 2026-08-19 12:45:32 UTC)" executed successfully
2026-08-19 17:45:32,710 | INFO | apscheduler.executors.default | Running job "GameEngine.registration_watchdog (trigger: interval[0:00:05], next run at: 2026-08-19 12:45:37 UTC)" (scheduled at 2026-08-19 12:45:32.702445+00:00)
2026-08-19 17:45:32,710 | INFO | apscheduler.executors.default | Job "GameEngine.registration_watchdog (trigger: interval[0:00:05], next run at: 2026-08-19 12:45:37 UTC)" executed successfully
2026-08-19 17:45:37,708 | INFO | apscheduler.executors.default | Running job "GameEngine.registration_watchdog (trigger: interval[0:00:05], next run at: 2026-08-19 12:45:42 UTC)" (scheduled at 2026-08-19 12:45:37.702445+00:00)
2026-08-19 17:45:37,714 | INFO | apscheduler.executors.default | Job "GameEngine.registration_watchdog (trigger: interval[0:00:05], next run at: 2026-08-19 12:45:42 UTC)" executed successfully
2026-08-19 17:45:38,367 | INFO | root | DEBUG_INCOMING Message from=5713560695 payload=Кейн 4 ни осамз
2026-08-19 17:45:38,383 | INFO | aiogram.event | Update id=466217433 is handled. Duration 15 ms by bot id=8894100649
2026-08-19 17:45:42,705 | INFO | apscheduler.executors.default | Running job "GameEngine.registration_watchdog (trigger: interval[0:00:05], next run at: 2026-08-19 12:45:47 UTC)" (scheduled at 2026-08-19 12:45:42.702445+00:00)
2026-08-19 17:45:42,712 | INFO | apscheduler.executors.default | Job "GameEngine.registration_watchdog (trigger: interval[0:00:05], next run at: 2026-08-19 12:45:47 UTC)" executed successfully
2026-08-19 17:45:47,719 | INFO | apscheduler.executors.default | Running job "GameEngine.registration_watchdog (trigger: interval[0:00:05], next run at: 2026-08-19 12:45:52 UTC)" (scheduled at 2026-08-19 12:45:47.702445+00:00)
2026-08-19 17:45:47,726 | INFO | apscheduler.executors.default | Running job "GameEngine.send_pending_diamond_logs (trigger: interval[0:00:30], next run at: 2026-08-19 12:46:17 UTC)" (scheduled at 2026-08-19 12:45:47.708289+00:00)
2026-08-19 17:45:47,735 | INFO | apscheduler.executors.default | Job "GameEngine.registration_watchdog (trigger: interval[0:00:05], next run at: 2026-08-19 12:45:52 UTC)" executed successfully
2026-08-19 17:45:47,735 | INFO | apscheduler.executors.default | Job "GameEngine.send_pending_diamond_logs (trigger: interval[0:00:30], next run at: 2026-08-19 12:46:17 UTC)" executed successfully
2026-08-19 17:45:52,711 | INFO | apscheduler.executors.default | Running job "GameEngine.registration_watchdog (trigger: interval[0:00:05], next run at: 2026-08-19 12:45:57 UTC)" (scheduled at 2026-08-19 12:45:52.702445+00:00)
2026-08-19 17:45:52,718 | INFO | apscheduler.executors.default | Job "GameEngine.registration_watchdog (trigger: interval[0:00:05], next run at: 2026-08-19 12:45:57 UTC)" executed successfully
2026-08-19 17:45:57,702 | INFO | apscheduler.executors.default | Running job "GameEngine.registration_watchdog (trigger: interval[0:00:05], next run at: 2026-08-19 12:46:02 UTC)" (scheduled at 2026-08-19 12:45:57.702445+00:00)
2026-08-19 17:45:57,710 | INFO | apscheduler.executors.default | Job "GameEngine.registration_watchdog (trigger: interval[0:00:05], next run at: 2026-08-19 12:46:02 UTC)" executed successfully
2026-08-19 17:46:02,205 | INFO | root | DEBUG_INCOMING Message from=5713560695 payload=/start@snutagbot true
2026-08-19 17:46:02,397 | INFO | aiogram.event | Update id=466217434 is handled. Duration 187 ms by bot id=8894100649
2026-08-19 17:46:02,708 | INFO | apscheduler.executors.default | Running job "GameEngine.registration_watchdog (trigger: interval[0:00:05], next run at: 2026-08-19 12:46:07 UTC)" (scheduled at 2026-08-19 12:46:02.702445+00:00)
2026-08-19 17:46:02,716 | INFO | apscheduler.executors.default | Job "GameEngine.registration_watchdog (trigger: interval[0:00:05], next run at: 2026-08-19 12:46:07 UTC)" executed successfully
2026-08-19 17:46:07,705 | INFO | apscheduler.executors.default | Running job "GameEngine.registration_watchdog (trigger: interval[0:00:05], next run at: 2026-08-19 12:46:12 UTC)" (scheduled at 2026-08-19 12:46:07.702445+00:00)
2026-08-19 17:46:07,717 | INFO | apscheduler.executors.default | Job "GameEngine.registration_watchdog (trigger: interval[0:00:05], next run at: 2026-08-19 12:46:12 UTC)" executed successfully
2026-08-19 17:46:12,715 | INFO | apscheduler.executors.default | Running job "GameEngine.registration_watchdog (trigger: interval[0:00:05], next run at: 2026-08-19 12:46:17 UTC)" (scheduled at 2026-08-19 12:46:12.702445+00:00)
2026-08-19 17:46:12,723 | INFO | apscheduler.executors.default | Job "GameEngine.registration_watchdog (trigger: interval[0:00:05], next run at: 2026-08-19 12:46:17 UTC)" executed successfully
2026-08-19 17:46:17,710 | INFO | apscheduler.executors.default | Running job "GameEngine.registration_watchdog (trigger: interval[0:00:05], next run at: 2026-08-19 12:46:22 UTC)" (scheduled at 2026-08-19 12:46:17.702445+00:00)
2026-08-19 17:46:17,717 | INFO | apscheduler.executors.default | Running job "GameEngine.send_pending_diamond_logs (trigger: interval[0:00:30], next run at: 2026-08-19 12:46:47 UTC)" (scheduled at 2026-08-19 12:46:17.708289+00:00)
2026-08-19 17:46:17,717 | INFO | apscheduler.executors.default | Running job "GameEngine.premium_reset_watchdog (trigger: interval[0:01:00], next run at: 2026-08-19 12:47:17 UTC)" (scheduled at 2026-08-19 12:46:17.708289+00:00)
2026-08-19 17:46:17,742 | INFO | apscheduler.executors.default | Job "GameEngine.registration_watchdog (trigger: interval[0:00:05], next run at: 2026-08-19 12:46:22 UTC)" executed successfully
2026-08-19 17:46:17,742 | INFO | apscheduler.executors.default | Job "GameEngine.premium_reset_watchdog (trigger: interval[0:01:00], next run at: 2026-08-19 12:47:17 UTC)" executed successfully
2026-08-19 17:46:17,742 | INFO | apscheduler.executors.default | Job "GameEngine.send_pending_diamond_logs (trigger: interval[0:00:30], next run at: 2026-08-19 12:46:47 UTC)" executed successfully
2026-08-19 17:46:22,717 | INFO | apscheduler.executors.default | Running job "GameEngine.registration_watchdog (trigger: interval[0:00:05], next run at: 2026-08-19 12:46:27 UTC)" (scheduled at 2026-08-19 12:46:22.702445+00:00)
2026-08-19 17:46:22,723 | INFO | apscheduler.executors.default | Job "GameEngine.registration_watchdog (trigger: interval[0:00:05], next run at: 2026-08-19 12:46:27 UTC)" executed successfully
2026-08-19 17:46:27,707 | INFO | apscheduler.executors.default | Running job "GameEngine.registration_watchdog (trigger: interval[0:00:05], next run at: 2026-08-19 12:46:32 UTC)" (scheduled at 2026-08-19 12:46:27.702445+00:00)
2026-08-19 17:46:27,713 | INFO | apscheduler.executors.default | Job "GameEngine.registration_watchdog (trigger: interval[0:00:05], next run at: 2026-08-19 12:46:32 UTC)" executed successfully
2026-08-19 17:46:32,717 | INFO | apscheduler.executors.default | Running job "GameEngine.registration_watchdog (trigger: interval[0:00:05], next run at: 2026-08-19 12:46:37 UTC)" (scheduled at 2026-08-19 12:46:32.702445+00:00)
2026-08-19 17:46:32,723 | INFO | apscheduler.executors.default | Job "GameEngine.registration_watchdog (trigger: interval[0:00:05], next run at: 2026-08-19 12:46:37 UTC)" executed successfully
2026-08-19 17:46:37,718 | INFO | apscheduler.executors.default | Running job "GameEngine.registration_watchdog (trigger: interval[0:00:05], next run at: 2026-08-19 12:46:42 UTC)" (scheduled at 2026-08-19 12:46:37.702445+00:00)
2026-08-19 17:46:37,724 | INFO | apscheduler.executors.default | Job "GameEngine.registration_watchdog (trigger: interval[0:00:05], next run at: 2026-08-19 12:46:42 UTC)" executed successfully
2026-08-19 17:46:42,707 | INFO | apscheduler.executors.default | Running job "GameEngine.registration_watchdog (trigger: interval[0:00:05], next run at: 2026-08-19 12:46:47 UTC)" (scheduled at 2026-08-19 12:46:42.702445+00:00)
2026-08-19 17:46:42,714 | INFO | apscheduler.executors.default | Job "GameEngine.registration_watchdog (trigger: interval[0:00:05], next run at: 2026-08-19 12:46:47 UTC)" executed successfully
2026-08-19 17:46:47,714 | INFO | apscheduler.executors.default | Running job "GameEngine.registration_watchdog (trigger: interval[0:00:05], next run at: 2026-08-19 12:46:52 UTC)" (scheduled at 2026-08-19 12:46:47.702445+00:00)
2026-08-19 17:46:47,720 | INFO | apscheduler.executors.default | Running job "GameEngine.send_pending_diamond_logs (trigger: interval[0:00:30], next run at: 2026-08-19 12:47:17 UTC)" (scheduled at 2026-08-19 12:46:47.708289+00:00)
2026-08-19 17:46:47,720 | INFO | apscheduler.executors.default | Job "GameEngine.registration_watchdog (trigger: interval[0:00:05], next run at: 2026-08-19 12:46:52 UTC)" executed successfully
2026-08-19 17:46:47,730 | INFO | apscheduler.executors.default | Job "GameEngine.send_pending_diamond_logs (trigger: interval[0:00:30], next run at: 2026-08-19 12:47:17 UTC)" executed successfully
2026-08-19 17:46:52,718 | INFO | apscheduler.executors.default | Running job "GameEngine.registration_watchdog (trigger: interval[0:00:05], next run at: 2026-08-19 12:46:57 UTC)" (scheduled at 2026-08-19 12:46:52.702445+00:00)
2026-08-19 17:46:52,718 | INFO | apscheduler.executors.default | Job "GameEngine.registration_watchdog (trigger: interval[0:00:05], next run at: 2026-08-19 12:46:57 UTC)" executed successfully
2026-08-19 17:46:57,714 | INFO | apscheduler.executors.default | Running job "GameEngine.registration_watchdog (trigger: interval[0:00:05], next run at: 2026-08-19 12:47:02 UTC)" (scheduled at 2026-08-19 12:46:57.702445+00:00)
2026-08-19 17:46:57,721 | INFO | apscheduler.executors.default | Job "GameEngine.registration_watchdog (trigger: interval[0:00:05], next run at: 2026-08-19 12:47:02 UTC)" executed successfully
2026-08-19 17:47:01,902 | INFO | root | DEBUG_INCOMING Message from=8212830097 payload=Man dok man
2026-08-19 17:47:01,938 | INFO | aiogram.event | Update id=466217435 is handled. Duration 31 ms by bot id=8894100649
2026-08-19 17:47:02,715 | INFO | apscheduler.executors.default | Running job "GameEngine.registration_watchdog (trigger: interval[0:00:05], next run at: 2026-08-19 12:47:07 UTC)" (scheduled at 2026-08-19 12:47:02.702445+00:00)
2026-08-19 17:47:02,721 | INFO | apscheduler.executors.default | Job "GameEngine.registration_watchdog (trigger: interval[0:00:05], next run at: 2026-08-19 12:47:07 UTC)" executed successfully
2026-08-19 17:47:07,717 | INFO | apscheduler.executors.default | Running job "GameEngine.registration_watchdog (trigger: interval[0:00:05], next run at: 2026-08-19 12:47:12 UTC)" (scheduled at 2026-08-19 12:47:07.702445+00:00)
2026-08-19 17:47:07,723 | INFO | apscheduler.executors.default | Job "GameEngine.registration_watchdog (trigger: interval[0:00:05], next run at: 2026-08-19 12:47:12 UTC)" executed successfully
2026-08-19 17:47:12,716 | INFO | apscheduler.executors.default | Running job "GameEngine.registration_watchdog (trigger: interval[0:00:05], next run at: 2026-08-19 12:47:17 UTC)" (scheduled at 2026-08-19 12:47:12.702445+00:00)
2026-08-19 17:47:12,722 | INFO | apscheduler.executors.default | Job "GameEngine.registration_watchdog (trigger: interval[0:00:05], next run at: 2026-08-19 12:47:17 UTC)" executed successfully
2026-08-19 17:47:17,710 | INFO | apscheduler.executors.default | Running job "GameEngine.registration_watchdog (trigger: interval[0:00:05], next run at: 2026-08-19 12:47:22 UTC)" (scheduled at 2026-08-19 12:47:17.702445+00:00)
2026-08-19 17:47:17,717 | INFO | apscheduler.executors.default | Running job "GameEngine.send_pending_diamond_logs (trigger: interval[0:00:30], next run at: 2026-08-19 12:47:47 UTC)" (scheduled at 2026-08-19 12:47:17.708289+00:00)
2026-08-19 17:47:17,721 | INFO | apscheduler.executors.default | Running job "GameEngine.premium_reset_watchdog (trigger: interval[0:01:00], next run at: 2026-08-19 12:48:17 UTC)" (scheduled at 2026-08-19 12:47:17.708289+00:00)
2026-08-19 17:47:17,726 | INFO | apscheduler.executors.default | Job "GameEngine.registration_watchdog (trigger: interval[0:00:05], next run at: 2026-08-19 12:47:22 UTC)" executed successfully
2026-08-19 17:47:17,726 | INFO | apscheduler.executors.default | Job "GameEngine.premium_reset_watchdog (trigger: interval[0:01:00], next run at: 2026-08-19 12:48:17 UTC)" executed successfully
2026-08-19 17:47:17,726 | INFO | apscheduler.executors.default | Job "GameEngine.send_pending_diamond_logs (trigger: interval[0:00:30], next run at: 2026-08-19 12:47:47 UTC)" executed successfully
2026-08-19 17:47:18,802 | INFO | root | DEBUG_INCOMING Message from=5713560695 payload=А мен дон
2026-08-19 17:47:18,833 | INFO | aiogram.event | Update id=466217436 is handled. Duration 32 ms by bot id=8894100649
2026-08-19 17:47:18,977 | INFO | root | DEBUG_INCOMING Message from=8692634539 payload=Оллойорга молодец
2026-08-19 17:47:19,008 | INFO | aiogram.event | Update id=466217437 is handled. Duration 32 ms by bot id=8894100649
2026-08-19 17:47:22,719 | INFO | apscheduler.executors.default | Running job "GameEngine.registration_watchdog (trigger: interval[0:00:05], next run at: 2026-08-19 12:47:27 UTC)" (scheduled at 2026-08-19 12:47:22.702445+00:00)
2026-08-19 17:47:22,725 | INFO | apscheduler.executors.default | Job "GameEngine.registration_watchdog (trigger: interval[0:00:05], next run at: 2026-08-19 12:47:27 UTC)" executed successfully
2026-08-19 17:47:27,708 | INFO | apscheduler.executors.default | Running job "GameEngine.registration_watchdog (trigger: interval[0:00:05], next run at: 2026-08-19 12:47:32 UTC)" (scheduled at 2026-08-19 12:47:27.702445+00:00)
2026-08-19 17:47:27,714 | INFO | apscheduler.executors.default | Job "GameEngine.registration_watchdog (trigger: interval[0:00:05], next run at: 2026-08-19 12:47:32 UTC)" executed successfully
2026-08-19 17:47:28,839 | INFO | root | DEBUG_INCOMING Message from=5713560695 payload=message_id=234915 date=datetime.datetime(2026, 8, 19, 12, 47, 29, tzinfo=TzInfo(UTC)) chat=Chat(id=-1003992490466, type='supergroup', title='GHOST • mafia', username=None, first_name=None, last_name=None, is_forum=None, is_direct_messages=None, accent_color_id=None, active_usernames=None, available_reactions=None, background_custom_emoji_id=None, bio=None, birthdate=None, business_intro=None, business_location=None, business_opening_hours=None, can_set_sticker_set=None, custom_emoji_sticker_set_name=None, description=None, emoji_status_custom_emoji_id=None, emoji_status_expiration_date=None, has_aggressive_anti_spam_enabled=None, has_hidden_members=None, has_private_forwards=None, has_protected_content=None, has_restricted_voice_and_video_messages=None, has_visible_history=None, invite_link=None, join_by_request=None, join_to_send_messages=None, linked_chat_id=None, location=None, message_auto_delete_time=None, permissions=None, personal_chat=None, photo=None, pinned_message=None, profile_accent_color_id=None, profile_background_custom_emoji_id=None, slow_mode_delay=None, sticker_set_name=None, unrestrict_boost_count=None) message_thread_id=234914 direct_messages_topic=None from_user=User(id=5713560695, is_bot=False, first_name='\u1d0f\u029f\u029f\u1d0f\u028f\u1d0f\u0280\u3164', last_name='|\u3164 owner', username='gafforovvv_o7', language_code='uz', is_premium=None, added_to_attachment_menu=None, can_join_groups=None, can_read_all_group_messages=None, supports_inline_queries=None, can_connect_to_business=None, has_main_web_app=None) sender_chat=None sender_boost_count=None sender_business_bot=None business_connection_id=None forward_origin=None is_topic_message=None is_automatic_forward=None reply_to_message=Message(message_id=234914, date=datetime.datetime(2026, 8, 19, 12, 47, 19, tzinfo=TzInfo(UTC)), chat=Chat(id=-1003992490466, type='supergroup', title='GHOST • mafia', username=None, first_name=None, last_name=None, is_forum=None, is_direct_messages=None, accent_color_id=None, active_usernames=None, available_reactions=None, background_custom_emoji_id=None, bio=None, birthdate=None, business_intro=None, business_location=None, business_opening_hours=None, can_set_sticker_set=None, custom_emoji_sticker_set_name=None, description=None, emoji_status_custom_emoji_id=None, emoji_status_expiration_date=None, has_aggressive_anti_spam_enabled=None, has_hidden_members=None, has_private_forwards=None, has_protected_content=None, has_restricted_voice_and_video_messages=None, has_visible_history=None, invite_link=None, join_by_request=None, join_to_send_messages=None, linked_chat_id=None, location=None, message_auto_delete_time=None, permissions=None, personal_chat=None, photo=None, pinned_message=None, profile_accent_color_id=None, profile_background_custom_emoji_id=None, slow_mode_delay=None, sticker_set_name=None, unrestrict_boost_count=None), message_thread_id=None, direct_messages_topic=None, from_user=User(id=8692634539, is_bot=False, first_name="r'", last_name=None, username=None, language_code='en', is_premium=None, added_to_attachment_menu=None, can_join_groups=None, can_read_all_group_messages=None, supports_inline_queries=None, can_connect_to_business=None, has_main_web_app=None), sender_chat=None, sender_boost_count=None, sender_business_bot=None, business_connection_id=None, forward_origin=None, is_topic_message=None, is_automatic_forward=None, reply_to_message=None, external_reply=None, quote=None, reply_to_story=None, reply_to_checklist_task_id=None, via_bot=None, edit_date=None, has_protected_content=True, is_from_offline=None, is_paid_post=None, media_group_id=None, author_signature=None, paid_star_count=None, text='Оллойорга молодец', entities=None, link_preview_options=None, suggested_post_info=None, effect_id=None, animation=None, audio=None, document=None, paid_media=None, photo=None, sticker=None, story=None, video=None, video_note=None, voice=None, caption=None, caption_entities=None, show_caption_above_media=None, has_media_spoiler=None, checklist=None, contact=None, dice=None, game=None, poll=None, venue=None, location=None, new_chat_members=None, left_chat_member=None, new_chat_title=None, new_chat_photo=None, delete_chat_photo=None, group_chat_created=None, supergroup_chat_created=None, channel_chat_created=None, message_auto_delete_timer_changed=None, migrate_to_chat_id=None, migrate_from_chat_id=None, pinned_message=None, invoice=None, successful_payment=None, refunded_payment=None, users_shared=None, chat_shared=None, gift=None, unique_gift=None, connected_website=None, write_access_allowed=None, passport_data=None, proximity_alert_triggered=None, boost_added=None, chat_background_set=None, checklist_tasks_done=None, checklist_tasks_added=None, direct_message_price_changed=None, forum_topic_created=None, forum_topic_edited=None, forum_topic_closed=None, forum_topic_reopened=None, general_forum_topic_hidden=None, general_forum_topic_unhidden=None, giveaway_created=None, giveaway=None, giveaway_winners=None, giveaway_completed=None, paid_message_price_changed=None, suggested_post_approved=None, suggested_post_approval_failed=None, suggested_post_declined=None, suggested_post_paid=None, suggested_post_refunded=None, video_chat_scheduled=None, video_chat_started=None, video_chat_ended=None, video_chat_participants_invited=None, web_app_data=None, reply_markup=None, forward_date=None, forward_from=None, forward_from_chat=None, forward_from_message_id=None, forward_sender_name=None, forward_signature=None, user_shared=None, sender_tag='GHOST • ADMIN') external_reply=None quote=None reply_to_story=None reply_to_checklist_task_id=None via_bot=None edit_date=None has_protected_content=True is_from_offline=None is_paid_post=None media_group_id=None author_signature=None paid_star_count=None text=None entities=None link_preview_options=None suggested_post_info=None effect_id=None animation=None audio=None document=None paid_media=None photo=None sticker=Sticker(file_id='CAACAgIAAyEFAATt-JHiAAEDk9pqhZqS_JMFFdO56J0-Msz3C-LjdAACh6AAApZRCEoq2yENKhI00z0E', file_unique_id='AgADh6AAApZRCEo', type='regular', width=512, height=512, is_animated=False, is_video=True, thumbnail=PhotoSize(file_id='AAMCAgADIQUABO34keIAAQOT2mqFmpL8kwUV07nonT4yzPcL4uN0AAKHoAACllEISirbIQ0qEjTTAQAHbQADPQQ', file_unique_id='AQADh6AAApZRCEpy', width=320, height=320, file_size=10892), emoji='\U0001fae5', set_name='Sghsgsgah_by_fStikBot', premium_animation=None, mask_position=None, custom_emoji_id=None, needs_repainting=None, file_size=125487, thumb={'file_id': 'AAMCAgADIQUABO34keIAAQOT2mqFmpL8kwUV07nonT4yzPcL4uN0AAKHoAACllEISirbIQ0qEjTTAQAHbQADPQQ', 'file_unique_id': 'AQADh6AAApZRCEpy', 'file_size': 10892, 'width': 320, 'height': 320}) story=None video=None video_note=None voice=None caption=None caption_entities=None show_caption_above_media=None has_media_spoiler=None checklist=None contact=None dice=None game=None poll=None venue=None location=None new_chat_members=None left_chat_member=None new_chat_title=None new_chat_photo=None delete_chat_photo=None group_chat_created=None supergroup_chat_created=None channel_chat_created=None message_auto_delete_timer_changed=None migrate_to_chat_id=None migrate_from_chat_id=None pinned_message=None invoice=None successful_payment=None refunded_payment=None users_shared=None chat_shared=None gift=None unique_gift=None connected_website=None write_access_allowed=None passport_data=None proximity_alert_triggered=None boost_added=None chat_background_set=None checklist_tasks_done=None checklist_tasks_added=None direct_message_price_changed=None forum_topic_created=None forum_topic_edited=None forum_topic_closed=None forum_topic_reopened=None general_forum_topic_hidden=None general_forum_topic_unhidden=None giveaway_created=None giveaway=None giveaway_winners=None giveaway_completed=None paid_message_price_changed=None suggested_post_approved=None suggested_post_approval_failed=None suggested_post_declined=None suggested_post_paid=None suggested_post_refunded=None video_chat_scheduled=None video_chat_started=None video_chat_ended=None video_chat_participants_invited=None web_app_data=None reply_markup=None forward_date=None forward_from=None forward_from_chat=None forward_from_message_id=None forward_sender_name=None forward_signature=None user_shared=None sender_tag='гаффоров'
2026-08-19 17:47:28,871 | INFO | aiogram.event | Update id=466217438 is handled. Duration 32 ms by bot id=8894100649
2026-08-19 17:47:30,994 | INFO | root | DEBUG_INCOMING Message from=7526403539 payload=Axx jinni uzi aytb turibdiku donman db
2026-08-19 17:47:31,003 | INFO | aiogram.event | Update id=466217439 is handled. Duration 15 ms by bot id=8894100649
2026-08-19 17:47:32,707 | INFO | apscheduler.executors.default | Running job "GameEngine.registration_watchdog (trigger: interval[0:00:05], next run at: 2026-08-19 12:47:37 UTC)" (scheduled at 2026-08-19 12:47:32.702445+00:00)
2026-08-19 17:47:32,713 | INFO | apscheduler.executors.default | Job "GameEngine.registration_watchdog (trigger: interval[0:00:05], next run at: 2026-08-19 12:47:37 UTC)" executed successfully
2026-08-19 17:47:36,205 | INFO | root | DEBUG_INCOMING Message from=1032523871 payload=Monipulyatsiya qiladi
2026-08-19 17:47:36,244 | INFO | aiogram.event | Update id=466217440 is handled. Duration 31 ms by bot id=8894100649
2026-08-19 17:47:37,711 | INFO | apscheduler.executors.default | Running job "GameEngine.registration_watchdog (trigger: interval[0:00:05], next run at: 2026-08-19 12:47:42 UTC)" (scheduled at 2026-08-19 12:47:37.702445+00:00)
2026-08-19 17:47:37,718 | INFO | apscheduler.executors.default | Job "GameEngine.registration_watchdog (trigger: interval[0:00:05], next run at: 2026-08-19 12:47:42 UTC)" executed successfully
2026-08-19 17:47:42,712 | INFO | apscheduler.executors.default | Running job "GameEngine.registration_watchdog (trigger: interval[0:00:05], next run at: 2026-08-19 12:47:47 UTC)" (scheduled at 2026-08-19 12:47:42.702445+00:00)
2026-08-19 17:47:42,719 | INFO | apscheduler.executors.default | Job "GameEngine.registration_watchdog (trigger: interval[0:00:05], next run at: 2026-08-19 12:47:47 UTC)" executed successfully
2026-08-19 17:47:47,709 | INFO | apscheduler.executors.default | Running job "GameEngine.registration_watchdog (trigger: interval[0:00:05], next run at: 2026-08-19 12:47:52 UTC)" (scheduled at 2026-08-19 12:47:47.702445+00:00)
2026-08-19 17:47:47,716 | INFO | apscheduler.executors.default | Running job "GameEngine.send_pending_diamond_logs (trigger: interval[0:00:30], next run at: 2026-08-19 12:48:17 UTC)" (scheduled at 2026-08-19 12:47:47.708289+00:00)
2026-08-19 17:47:47,716 | INFO | apscheduler.executors.default | Job "GameEngine.registration_watchdog (trigger: interval[0:00:05], next run at: 2026-08-19 12:47:52 UTC)" executed successfully
2026-08-19 17:47:47,725 | INFO | apscheduler.executors.default | Job "GameEngine.send_pending_diamond_logs (trigger: interval[0:00:30], next run at: 2026-08-19 12:48:17 UTC)" executed successfully
2026-08-19 17:47:52,712 | INFO | apscheduler.executors.default | Running job "GameEngine.registration_watchdog (trigger: interval[0:00:05], next run at: 2026-08-19 12:47:57 UTC)" (scheduled at 2026-08-19 12:47:52.702445+00:00)
2026-08-19 17:47:52,719 | INFO | apscheduler.executors.default | Job "GameEngine.registration_watchdog (trigger: interval[0:00:05], next run at: 2026-08-19 12:47:57 UTC)" executed successfully
2026-08-19 17:47:57,716 | INFO | apscheduler.executors.default | Running job "GameEngine.registration_watchdog (trigger: interval[0:00:05], next run at: 2026-08-19 12:48:02 UTC)" (scheduled at 2026-08-19 12:47:57.702445+00:00)
2026-08-19 17:47:57,728 | INFO | apscheduler.executors.default | Job "GameEngine.registration_watchdog (trigger: interval[0:00:05], next run at: 2026-08-19 12:48:02 UTC)" executed successfully
2026-08-19 17:47:59,873 | INFO | root | DEBUG_INCOMING Message from=8692634539 payload=Хаммасин клурад бу не только манипуляцич
2026-08-19 17:47:59,888 | INFO | aiogram.event | Update id=466217441 is handled. Duration 30 ms by bot id=8894100649
2026-08-19 17:48:02,711 | INFO | apscheduler.executors.default | Running job "GameEngine.registration_watchdog (trigger: interval[0:00:05], next run at: 2026-08-19 12:48:07 UTC)" (scheduled at 2026-08-19 12:48:02.702445+00:00)
2026-08-19 17:48:02,718 | INFO | apscheduler.executors.default | Job "GameEngine.registration_watchdog (trigger: interval[0:00:05], next run at: 2026-08-19 12:48:07 UTC)" executed successfully
2026-08-19 17:48:07,703 | INFO | apscheduler.executors.default | Running job "GameEngine.registration_watchdog (trigger: interval[0:00:05], next run at: 2026-08-19 12:48:12 UTC)" (scheduled at 2026-08-19 12:48:07.702445+00:00)
2026-08-19 17:48:07,710 | INFO | apscheduler.executors.default | Job "GameEngine.registration_watchdog (trigger: interval[0:00:05], next run at: 2026-08-19 12:48:12 UTC)" executed successfully
2026-08-19 17:48:08,752 | INFO | root | DEBUG_INCOMING Message from=1032523871 payload=How
2026-08-19 17:48:08,783 | INFO | aiogram.event | Update id=466217442 is handled. Duration 30 ms by bot id=8894100649
2026-08-19 17:48:12,717 | INFO | apscheduler.executors.default | Running job "GameEngine.registration_watchdog (trigger: interval[0:00:05], next run at: 2026-08-19 12:48:17 UTC)" (scheduled at 2026-08-19 12:48:12.702445+00:00)
2026-08-19 17:48:12,724 | INFO | apscheduler.executors.default | Job "GameEngine.registration_watchdog (trigger: interval[0:00:05], next run at: 2026-08-19 12:48:17 UTC)" executed successfully
2026-08-19 17:48:17,719 | INFO | apscheduler.executors.default | Running job "GameEngine.registration_watchdog (trigger: interval[0:00:05], next run at: 2026-08-19 12:48:22 UTC)" (scheduled at 2026-08-19 12:48:17.702445+00:00)
2026-08-19 17:48:17,725 | INFO | apscheduler.executors.default | Running job "GameEngine.send_pending_diamond_logs (trigger: interval[0:00:30], next run at: 2026-08-19 12:48:47 UTC)" (scheduled at 2026-08-19 12:48:17.708289+00:00)
2026-08-19 17:48:17,725 | INFO | apscheduler.executors.default | Running job "GameEngine.premium_reset_watchdog (trigger: interval[0:01:00], next run at: 2026-08-19 12:49:17 UTC)" (scheduled at 2026-08-19 12:48:17.708289+00:00)
2026-08-19 17:48:17,735 | INFO | apscheduler.executors.default | Job "GameEngine.registration_watchdog (trigger: interval[0:00:05], next run at: 2026-08-19 12:48:22 UTC)" executed successfully
2026-08-19 17:48:17,735 | INFO | apscheduler.executors.default | Job "GameEngine.premium_reset_watchdog (trigger: interval[0:01:00], next run at: 2026-08-19 12:49:17 UTC)" executed successfully
2026-08-19 17:48:17,735 | INFO | apscheduler.executors.default | Job "GameEngine.send_pending_diamond_logs (trigger: interval[0:00:30], next run at: 2026-08-19 12:48:47 UTC)" executed successfully
2026-08-19 17:48:22,597 | INFO | root | DEBUG_INCOMING Message from=1032523871 payload=Hammayam qlomidi
2026-08-19 17:48:22,626 | INFO | aiogram.event | Update id=466217443 is handled. Duration 32 ms by bot id=8894100649
2026-08-19 17:48:22,706 | INFO | apscheduler.executors.default | Running job "GameEngine.registration_watchdog (trigger: interval[0:00:05], next run at: 2026-08-19 12:48:27 UTC)" (scheduled at 2026-08-19 12:48:22.702445+00:00)
2026-08-19 17:48:22,709 | INFO | apscheduler.executors.default | Job "GameEngine.registration_watchdog (trigger: interval[0:00:05], next run at: 2026-08-19 12:48:27 UTC)" executed successfully
2026-08-19 17:48:27,712 | INFO | apscheduler.executors.default | Running job "GameEngine.registration_watchdog (trigger: interval[0:00:05], next run at: 2026-08-19 12:48:32 UTC)" (scheduled at 2026-08-19 12:48:27.702445+00:00)
2026-08-19 17:48:27,718 | INFO | apscheduler.executors.default | Job "GameEngine.registration_watchdog (trigger: interval[0:00:05], next run at: 2026-08-19 12:48:32 UTC)" executed successfully
2026-08-19 17:48:29,511 | INFO | root | DEBUG_INCOMING Message from=5713560695 payload=/game@ProMafiyaBot
2026-08-19 17:48:29,758 | INFO | aiogram.event | Update id=466217444 is handled. Duration 234 ms by bot id=8894100649
2026-08-19 17:48:32,703 | INFO | apscheduler.executors.default | Running job "GameEngine.registration_watchdog (trigger: interval[0:00:05], next run at: 2026-08-19 12:48:37 UTC)" (scheduled at 2026-08-19 12:48:32.702445+00:00)
2026-08-19 17:48:32,709 | INFO | apscheduler.executors.default | Job "GameEngine.registration_watchdog (trigger: interval[0:00:05], next run at: 2026-08-19 12:48:37 UTC)" executed successfully
2026-08-19 17:48:37,711 | INFO | apscheduler.executors.default | Running job "GameEngine.registration_watchdog (trigger: interval[0:00:05], next run at: 2026-08-19 12:48:42 UTC)" (scheduled at 2026-08-19 12:48:37.702445+00:00)
2026-08-19 17:48:37,718 | INFO | apscheduler.executors.default | Job "GameEngine.registration_watchdog (trigger: interval[0:00:05], next run at: 2026-08-19 12:48:42 UTC)" executed successfully
2026-08-19 17:48:41,447 | INFO | root | DEBUG_INCOMING Message from=8692634539 payload=Ишонин мнга всё
2026-08-19 17:48:41,474 | INFO | aiogram.event | Update id=466217445 is handled. Duration 30 ms by bot id=8894100649
2026-08-19 17:48:42,706 | INFO | apscheduler.executors.default | Running job "GameEngine.registration_watchdog (trigger: interval[0:00:05], next run at: 2026-08-19 12:48:47 UTC)" (scheduled at 2026-08-19 12:48:42.702445+00:00)
2026-08-19 17:48:42,712 | INFO | apscheduler.executors.default | Job "GameEngine.registration_watchdog (trigger: interval[0:00:05], next run at: 2026-08-19 12:48:47 UTC)" executed successfully
2026-08-19 17:48:47,724 | INFO | apscheduler.executors.default | Running job "GameEngine.registration_watchdog (trigger: interval[0:00:05], next run at: 2026-08-19 12:48:52 UTC)" (scheduled at 2026-08-19 12:48:47.702445+00:00)
2026-08-19 17:48:47,731 | INFO | apscheduler.executors.default | Running job "GameEngine.send_pending_diamond_logs (trigger: interval[0:00:30], next run at: 2026-08-19 12:49:17 UTC)" (scheduled at 2026-08-19 12:48:47.708289+00:00)
2026-08-19 17:48:47,740 | INFO | apscheduler.executors.default | Job "GameEngine.registration_watchdog (trigger: interval[0:00:05], next run at: 2026-08-19 12:48:52 UTC)" executed successfully
2026-08-19 17:48:47,740 | INFO | apscheduler.executors.default | Job "GameEngine.send_pending_diamond_logs (trigger: interval[0:00:30], next run at: 2026-08-19 12:49:17 UTC)" executed successfully
2026-08-19 17:48:50,244 | INFO | root | DEBUG_INCOMING Message from=1032523871 payload=Iyyyy
2026-08-19 17:48:50,260 | INFO | aiogram.event | Update id=466217446 is handled. Duration 15 ms by bot id=8894100649
2026-08-19 17:48:52,708 | INFO | apscheduler.executors.default | Running job "GameEngine.registration_watchdog (trigger: interval[0:00:05], next run at: 2026-08-19 12:48:57 UTC)" (scheduled at 2026-08-19 12:48:52.702445+00:00)
2026-08-19 17:48:52,714 | INFO | apscheduler.executors.default | Job "GameEngine.registration_watchdog (trigger: interval[0:00:05], next run at: 2026-08-19 12:48:57 UTC)" executed successfully
2026-08-19 17:48:57,714 | INFO | apscheduler.executors.default | Running job "GameEngine.registration_watchdog (trigger: interval[0:00:05], next run at: 2026-08-19 12:49:02 UTC)" (scheduled at 2026-08-19 12:48:57.702445+00:00)
2026-08-19 17:48:57,720 | INFO | apscheduler.executors.default | Job "GameEngine.registration_watchdog (trigger: interval[0:00:05], next run at: 2026-08-19 12:49:02 UTC)" executed successfully
2026-08-19 17:49:02,716 | INFO | apscheduler.executors.default | Running job "GameEngine.registration_watchdog (trigger: interval[0:00:05], next run at: 2026-08-19 12:49:07 UTC)" (scheduled at 2026-08-19 12:49:02.702445+00:00)
2026-08-19 17:49:02,722 | INFO | apscheduler.executors.default | Job "GameEngine.registration_watchdog (trigger: interval[0:00:05], next run at: 2026-08-19 12:49:07 UTC)" executed successfully
2026-08-19 17:49:05,817 | INFO | root | DEBUG_INCOMING Message from=8692634539 payload=Серёзно
2026-08-19 17:49:05,838 | INFO | aiogram.event | Update id=466217447 is handled. Duration 15 ms by bot id=8894100649
2026-08-19 17:49:07,720 | INFO | apscheduler.executors.default | Running job "GameEngine.registration_watchdog (trigger: interval[0:00:05], next run at: 2026-08-19 12:49:12 UTC)" (scheduled at 2026-08-19 12:49:07.702445+00:00)
2026-08-19 17:49:07,727 | INFO | apscheduler.executors.default | Job "GameEngine.registration_watchdog (trigger: interval[0:00:05], next run at: 2026-08-19 12:49:12 UTC)" executed successfully
2026-08-19 17:49:09,700 | INFO | root | DEBUG_INCOMING Message from=540711126 payload=Haligi osh masalasi nima buldi
2026-08-19 17:49:09,731 | INFO | aiogram.event | Update id=466217448 is handled. Duration 31 ms by bot id=8894100649
2026-08-19 17:49:12,709 | INFO | apscheduler.executors.default | Running job "GameEngine.registration_watchdog (trigger: interval[0:00:05], next run at: 2026-08-19 12:49:17 UTC)" (scheduled at 2026-08-19 12:49:12.702445+00:00)
2026-08-19 17:49:12,715 | INFO | apscheduler.executors.default | Job "GameEngine.registration_watchdog (trigger: interval[0:00:05], next run at: 2026-08-19 12:49:17 UTC)" executed successfully
2026-08-19 17:49:17,707 | INFO | apscheduler.executors.default | Running job "GameEngine.registration_watchdog (trigger: interval[0:00:05], next run at: 2026-08-19 12:49:22 UTC)" (scheduled at 2026-08-19 12:49:17.702445+00:00)
2026-08-19 17:49:17,714 | INFO | apscheduler.executors.default | Running job "GameEngine.send_pending_diamond_logs (trigger: interval[0:00:30], next run at: 2026-08-19 12:49:47 UTC)" (scheduled at 2026-08-19 12:49:17.708289+00:00)
2026-08-19 17:49:17,714 | INFO | apscheduler.executors.default | Running job "GameEngine.premium_reset_watchdog (trigger: interval[0:01:00], next run at: 2026-08-19 12:50:17 UTC)" (scheduled at 2026-08-19 12:49:17.708289+00:00)
2026-08-19 17:49:17,723 | INFO | apscheduler.executors.default | Job "GameEngine.registration_watchdog (trigger: interval[0:00:05], next run at: 2026-08-19 12:49:22 UTC)" executed successfully
2026-08-19 17:49:17,723 | INFO | apscheduler.executors.default | Job "GameEngine.premium_reset_watchdog (trigger: interval[0:01:00], next run at: 2026-08-19 12:50:17 UTC)" executed successfully
2026-08-19 17:49:17,723 | INFO | apscheduler.executors.default | Job "GameEngine.send_pending_diamond_logs (trigger: interval[0:00:30], next run at: 2026-08-19 12:49:47 UTC)" executed successfully
2026-08-19 17:49:22,709 | INFO | apscheduler.executors.default | Running job "GameEngine.registration_watchdog (trigger: interval[0:00:05], next run at: 2026-08-19 12:49:27 UTC)" (scheduled at 2026-08-19 12:49:22.702445+00:00)
2026-08-19 17:49:22,715 | INFO | apscheduler.executors.default | Job "GameEngine.registration_watchdog (trigger: interval[0:00:05], next run at: 2026-08-19 12:49:27 UTC)" executed successfully
2026-08-19 17:49:27,715 | INFO | apscheduler.executors.default | Running job "GameEngine.registration_watchdog (trigger: interval[0:00:05], next run at: 2026-08-19 12:49:32 UTC)" (scheduled at 2026-08-19 12:49:27.702445+00:00)
2026-08-19 17:49:27,722 | INFO | apscheduler.executors.default | Job "GameEngine.registration_watchdog (trigger: interval[0:00:05], next run at: 2026-08-19 12:49:32 UTC)" executed successfully
2026-08-19 17:49:32,712 | INFO | apscheduler.executors.default | Running job "GameEngine.registration_watchdog (trigger: interval[0:00:05], next run at: 2026-08-19 12:49:37 UTC)" (scheduled at 2026-08-19 12:49:32.702445+00:00)
2026-08-19 17:49:32,718 | INFO | apscheduler.executors.default | Job "GameEngine.registration_watchdog (trigger: interval[0:00:05], next run at: 2026-08-19 12:49:37 UTC)" executed successfully
2026-08-19 17:49:37,717 | INFO | apscheduler.executors.default | Running job "GameEngine.registration_watchdog (trigger: interval[0:00:05], next run at: 2026-08-19 12:49:42 UTC)" (scheduled at 2026-08-19 12:49:37.702445+00:00)
2026-08-19 17:49:37,724 | INFO | apscheduler.executors.default | Job "GameEngine.registration_watchdog (trigger: interval[0:00:05], next run at: 2026-08-19 12:49:42 UTC)" executed successfully
2026-08-19 17:49:42,704 | INFO | apscheduler.executors.default | Running job "GameEngine.registration_watchdog (trigger: interval[0:00:05], next run at: 2026-08-19 12:49:47 UTC)" (scheduled at 2026-08-19 12:49:42.702445+00:00)
2026-08-19 17:49:42,710 | INFO | apscheduler.executors.default | Job "GameEngine.registration_watchdog (trigger: interval[0:00:05], next run at: 2026-08-19 12:49:47 UTC)" executed successfully
2026-08-19 17:49:47,717 | INFO | apscheduler.executors.default | Running job "GameEngine.registration_watchdog (trigger: interval[0:00:05], next run at: 2026-08-19 12:49:52 UTC)" (scheduled at 2026-08-19 12:49:47.702445+00:00)
2026-08-19 17:49:47,724 | INFO | apscheduler.executors.default | Running job "GameEngine.send_pending_diamond_logs (trigger: interval[0:00:30], next run at: 2026-08-19 12:50:17 UTC)" (scheduled at 2026-08-19 12:49:47.708289+00:00)
2026-08-19 17:49:47,733 | INFO | apscheduler.executors.default | Job "GameEngine.registration_watchdog (trigger: interval[0:00:05], next run at: 2026-08-19 12:49:52 UTC)" executed successfully
2026-08-19 17:49:47,733 | INFO | apscheduler.executors.default | Job "GameEngine.send_pending_diamond_logs (trigger: interval[0:00:30], next run at: 2026-08-19 12:50:17 UTC)" executed successfully
2026-08-19 17:49:52,714 | INFO | apscheduler.executors.default | Running job "GameEngine.registration_watchdog (trigger: interval[0:00:05], next run at: 2026-08-19 12:49:57 UTC)" (scheduled at 2026-08-19 12:49:52.702445+00:00)
2026-08-19 17:49:52,721 | INFO | apscheduler.executors.default | Job "GameEngine.registration_watchdog (trigger: interval[0:00:05], next run at: 2026-08-19 12:49:57 UTC)" executed successfully
2026-08-19 17:49:57,711 | INFO | apscheduler.executors.default | Running job "GameEngine.registration_watchdog (trigger: interval[0:00:05], next run at: 2026-08-19 12:50:02 UTC)" (scheduled at 2026-08-19 12:49:57.702445+00:00)
2026-08-19 17:49:57,717 | INFO | apscheduler.executors.default | Job "GameEngine.registration_watchdog (trigger: interval[0:00:05], next run at: 2026-08-19 12:50:02 UTC)" executed successfully
2026-08-19 17:50:02,703 | INFO | apscheduler.executors.default | Running job "GameEngine.registration_watchdog (trigger: interval[0:00:05], next run at: 2026-08-19 12:50:07 UTC)" (scheduled at 2026-08-19 12:50:02.702445+00:00)
2026-08-19 17:50:02,710 | INFO | apscheduler.executors.default | Job "GameEngine.registration_watchdog (trigger: interval[0:00:05], next run at: 2026-08-19 12:50:07 UTC)" executed successfully
2026-08-19 17:50:07,704 | INFO | apscheduler.executors.default | Running job "GameEngine.registration_watchdog (trigger: interval[0:00:05], next run at: 2026-08-19 12:50:12 UTC)" (scheduled at 2026-08-19 12:50:07.702445+00:00)
2026-08-19 17:50:07,711 | INFO | apscheduler.executors.default | Job "GameEngine.registration_watchdog (trigger: interval[0:00:05], next run at: 2026-08-19 12:50:12 UTC)" executed successfully
2026-08-19 17:50:12,717 | INFO | apscheduler.executors.default | Running job "GameEngine.registration_watchdog (trigger: interval[0:00:05], next run at: 2026-08-19 12:50:17 UTC)" (scheduled at 2026-08-19 12:50:12.702445+00:00)
2026-08-19 17:50:12,724 | INFO | apscheduler.executors.default | Job "GameEngine.registration_watchdog (trigger: interval[0:00:05], next run at: 2026-08-19 12:50:17 UTC)" executed successfully
2026-08-19 17:50:17,720 | INFO | apscheduler.executors.default | Running job "GameEngine.registration_watchdog (trigger: interval[0:00:05], next run at: 2026-08-19 12:50:22 UTC)" (scheduled at 2026-08-19 12:50:17.702445+00:00)
2026-08-19 17:50:17,727 | INFO | apscheduler.executors.default | Running job "GameEngine.send_pending_diamond_logs (trigger: interval[0:00:30], next run at: 2026-08-19 12:50:47 UTC)" (scheduled at 2026-08-19 12:50:17.708289+00:00)
2026-08-19 17:50:17,727 | INFO | apscheduler.executors.default | Running job "GameEngine.premium_reset_watchdog (trigger: interval[0:01:00], next run at: 2026-08-19 12:51:17 UTC)" (scheduled at 2026-08-19 12:50:17.708289+00:00)
2026-08-19 17:50:17,736 | INFO | apscheduler.executors.default | Job "GameEngine.registration_watchdog (trigger: interval[0:00:05], next run at: 2026-08-19 12:50:22 UTC)" executed successfully
2026-08-19 17:50:17,736 | INFO | apscheduler.executors.default | Job "GameEngine.premium_reset_watchdog (trigger: interval[0:01:00], next run at: 2026-08-19 12:51:17 UTC)" executed successfully
2026-08-19 17:50:17,736 | INFO | apscheduler.executors.default | Job "GameEngine.send_pending_diamond_logs (trigger: interval[0:00:30], next run at: 2026-08-19 12:50:47 UTC)" executed successfully
2026-08-19 17:50:22,703 | INFO | apscheduler.executors.default | Running job "GameEngine.registration_watchdog (trigger: interval[0:00:05], next run at: 2026-08-19 12:50:27 UTC)" (scheduled at 2026-08-19 12:50:22.702445+00:00)
2026-08-19 17:50:22,710 | INFO | apscheduler.executors.default | Job "GameEngine.registration_watchdog (trigger: interval[0:00:05], next run at: 2026-08-19 12:50:27 UTC)" executed successfully
2026-08-19 17:50:27,718 | INFO | apscheduler.executors.default | Running job "GameEngine.registration_watchdog (trigger: interval[0:00:05], next run at: 2026-08-19 12:50:32 UTC)" (scheduled at 2026-08-19 12:50:27.702445+00:00)
2026-08-19 17:50:27,724 | INFO | apscheduler.executors.default | Job "GameEngine.registration_watchdog (trigger: interval[0:00:05], next run at: 2026-08-19 12:50:32 UTC)" executed successfully
2026-08-19 17:50:32,718 | INFO | apscheduler.executors.default | Running job "GameEngine.registration_watchdog (trigger: interval[0:00:05], next run at: 2026-08-19 12:50:37 UTC)" (scheduled at 2026-08-19 12:50:32.702445+00:00)
2026-08-19 17:50:32,729 | INFO | apscheduler.executors.default | Job "GameEngine.registration_watchdog (trigger: interval[0:00:05], next run at: 2026-08-19 12:50:37 UTC)" executed successfully
2026-08-19 17:50:37,721 | INFO | apscheduler.executors.default | Running job "GameEngine.registration_watchdog (trigger: interval[0:00:05], next run at: 2026-08-19 12:50:42 UTC)" (scheduled at 2026-08-19 12:50:37.702445+00:00)
2026-08-19 17:50:37,729 | INFO | apscheduler.executors.default | Job "GameEngine.registration_watchdog (trigger: interval[0:00:05], next run at: 2026-08-19 12:50:42 UTC)" executed successfully
2026-08-19 17:50:42,715 | INFO | apscheduler.executors.default | Running job "GameEngine.registration_watchdog (trigger: interval[0:00:05], next run at: 2026-08-19 12:50:47 UTC)" (scheduled at 2026-08-19 12:50:42.702445+00:00)
2026-08-19 17:50:42,722 | INFO | apscheduler.executors.default | Job "GameEngine.registration_watchdog (trigger: interval[0:00:05], next run at: 2026-08-19 12:50:47 UTC)" executed successfully
2026-08-19 17:50:47,725 | INFO | apscheduler.executors.default | Running job "GameEngine.registration_watchdog (trigger: interval[0:00:05], next run at: 2026-08-19 12:50:52 UTC)" (scheduled at 2026-08-19 12:50:47.702445+00:00)
2026-08-19 17:50:47,731 | INFO | apscheduler.executors.default | Running job "GameEngine.send_pending_diamond_logs (trigger: interval[0:00:30], next run at: 2026-08-19 12:51:17 UTC)" (scheduled at 2026-08-19 12:50:47.708289+00:00)
2026-08-19 17:50:47,740 | INFO | apscheduler.executors.default | Job "GameEngine.registration_watchdog (trigger: interval[0:00:05], next run at: 2026-08-19 12:50:52 UTC)" executed successfully
2026-08-19 17:50:47,740 | INFO | apscheduler.executors.default | Job "GameEngine.send_pending_diamond_logs (trigger: interval[0:00:30], next run at: 2026-08-19 12:51:17 UTC)" executed successfully
2026-08-19 17:50:48,730 | INFO | root | DEBUG_INCOMING Message from=5713560695 payload=@admins utag aktv bo\u02bblinglar
2026-08-19 17:50:48,762 | INFO | aiogram.event | Update id=466217449 is handled. Duration 47 ms by bot id=8894100649
2026-08-19 17:50:52,707 | INFO | apscheduler.executors.default | Running job "GameEngine.registration_watchdog (trigger: interval[0:00:05], next run at: 2026-08-19 12:50:57 UTC)" (scheduled at 2026-08-19 12:50:52.702445+00:00)
2026-08-19 17:50:52,713 | INFO | apscheduler.executors.default | Job "GameEngine.registration_watchdog (trigger: interval[0:00:05], next run at: 2026-08-19 12:50:57 UTC)" executed successfully
2026-08-19 17:50:54,559 | INFO | root | DEBUG_INCOMING Message from=5713560695 payload=Faqat men kelganda emas o\u02bbyin
2026-08-19 17:50:54,591 | INFO | aiogram.event | Update id=466217450 is handled. Duration 30 ms by bot id=8894100649
2026-08-19 17:50:57,715 | INFO | apscheduler.executors.default | Running job "GameEngine.registration_watchdog (trigger: interval[0:00:05], next run at: 2026-08-19 12:51:02 UTC)" (scheduled at 2026-08-19 12:50:57.702445+00:00)
2026-08-19 17:50:57,722 | INFO | apscheduler.executors.default | Job "GameEngine.registration_watchdog (trigger: interval[0:00:05], next run at: 2026-08-19 12:51:02 UTC)" executed successfully
2026-08-19 17:51:02,711 | INFO | apscheduler.executors.default | Running job "GameEngine.registration_watchdog (trigger: interval[0:00:05], next run at: 2026-08-19 12:51:07 UTC)" (scheduled at 2026-08-19 12:51:02.702445+00:00)
2026-08-19 17:51:02,717 | INFO | apscheduler.executors.default | Job "GameEngine.registration_watchdog (trigger: interval[0:00:05], next run at: 2026-08-19 12:51:07 UTC)" executed successfully
2026-08-19 17:51:07,710 | INFO | apscheduler.executors.default | Running job "GameEngine.registration_watchdog (trigger: interval[0:00:05], next run at: 2026-08-19 12:51:12 UTC)" (scheduled at 2026-08-19 12:51:07.702445+00:00)
2026-08-19 17:51:07,717 | INFO | apscheduler.executors.default | Job "GameEngine.registration_watchdog (trigger: interval[0:00:05], next run at: 2026-08-19 12:51:12 UTC)" executed successfully
2026-08-19 17:51:12,709 | INFO | apscheduler.executors.default | Running job "GameEngine.registration_watchdog (trigger: interval[0:00:05], next run at: 2026-08-19 12:51:17 UTC)" (scheduled at 2026-08-19 12:51:12.702445+00:00)
2026-08-19 17:51:12,715 | INFO | apscheduler.executors.default | Job "GameEngine.registration_watchdog (trigger: interval[0:00:05], next run at: 2026-08-19 12:51:17 UTC)" executed successfully
2026-08-19 17:51:17,712 | INFO | apscheduler.executors.default | Running job "GameEngine.registration_watchdog (trigger: interval[0:00:05], next run at: 2026-08-19 12:51:22 UTC)" (scheduled at 2026-08-19 12:51:17.702445+00:00)
2026-08-19 17:51:17,718 | INFO | apscheduler.executors.default | Running job "GameEngine.send_pending_diamond_logs (trigger: interval[0:00:30], next run at: 2026-08-19 12:51:47 UTC)" (scheduled at 2026-08-19 12:51:17.708289+00:00)
2026-08-19 17:51:17,718 | INFO | apscheduler.executors.default | Running job "GameEngine.premium_reset_watchdog (trigger: interval[0:01:00], next run at: 2026-08-19 12:52:17 UTC)" (scheduled at 2026-08-19 12:51:17.708289+00:00)
2026-08-19 17:51:17,727 | INFO | apscheduler.executors.default | Job "GameEngine.registration_watchdog (trigger: interval[0:00:05], next run at: 2026-08-19 12:51:22 UTC)" executed successfully
2026-08-19 17:51:17,727 | INFO | apscheduler.executors.default | Job "GameEngine.premium_reset_watchdog (trigger: interval[0:01:00], next run at: 2026-08-19 12:52:17 UTC)" executed successfully
2026-08-19 17:51:17,727 | INFO | apscheduler.executors.default | Job "GameEngine.send_pending_diamond_logs (trigger: interval[0:00:30], next run at: 2026-08-19 12:51:47 UTC)" executed successfully
2026-08-19 17:51:22,708 | INFO | apscheduler.executors.default | Running job "GameEngine.registration_watchdog (trigger: interval[0:00:05], next run at: 2026-08-19 12:51:27 UTC)" (scheduled at 2026-08-19 12:51:22.702445+00:00)
2026-08-19 17:51:22,714 | INFO | apscheduler.executors.default | Job "GameEngine.registration_watchdog (trigger: interval[0:00:05], next run at: 2026-08-19 12:51:27 UTC)" executed successfully
2026-08-19 17:51:27,711 | INFO | apscheduler.executors.default | Running job "GameEngine.registration_watchdog (trigger: interval[0:00:05], next run at: 2026-08-19 12:51:32 UTC)" (scheduled at 2026-08-19 12:51:27.702445+00:00)
2026-08-19 17:51:27,717 | INFO | apscheduler.executors.default | Job "GameEngine.registration_watchdog (trigger: interval[0:00:05], next run at: 2026-08-19 12:51:32 UTC)" executed successfully
2026-08-19 17:51:32,716 | INFO | apscheduler.executors.default | Running job "GameEngine.registration_watchdog (trigger: interval[0:00:05], next run at: 2026-08-19 12:51:37 UTC)" (scheduled at 2026-08-19 12:51:32.702445+00:00)
2026-08-19 17:51:32,723 | INFO | apscheduler.executors.default | Job "GameEngine.registration_watchdog (trigger: interval[0:00:05], next run at: 2026-08-19 12:51:37 UTC)" executed successfully
2026-08-19 17:51:37,723 | INFO | apscheduler.executors.default | Running job "GameEngine.registration_watchdog (trigger: interval[0:00:05], next run at: 2026-08-19 12:51:42 UTC)" (scheduled at 2026-08-19 12:51:37.702445+00:00)
2026-08-19 17:51:37,727 | INFO | apscheduler.executors.default | Job "GameEngine.registration_watchdog (trigger: interval[0:00:05], next run at: 2026-08-19 12:51:42 UTC)" executed successfully
2026-08-19 17:51:39,826 | INFO | root | DEBUG_INCOMING Message from=1032523871 payload=Hop
2026-08-19 17:51:39,857 | INFO | aiogram.event | Update id=466217451 is handled. Duration 31 ms by bot id=8894100649
2026-08-19 17:51:42,713 | INFO | apscheduler.executors.default | Running job "GameEngine.registration_watchdog (trigger: interval[0:00:05], next run at: 2026-08-19 12:51:47 UTC)" (scheduled at 2026-08-19 12:51:42.702445+00:00)
2026-08-19 17:51:42,720 | INFO | apscheduler.executors.default | Job "GameEngine.registration_watchdog (trigger: interval[0:00:05], next run at: 2026-08-19 12:51:47 UTC)" executed successfully
2026-08-19 17:51:47,709 | INFO | apscheduler.executors.default | Running job "GameEngine.registration_watchdog (trigger: interval[0:00:05], next run at: 2026-08-19 12:51:52 UTC)" (scheduled at 2026-08-19 12:51:47.702445+00:00)
2026-08-19 17:51:47,709 | INFO | apscheduler.executors.default | Running job "GameEngine.send_pending_diamond_logs (trigger: interval[0:00:30], next run at: 2026-08-19 12:52:17 UTC)" (scheduled at 2026-08-19 12:51:47.708289+00:00)
2026-08-19 17:51:47,718 | INFO | apscheduler.executors.default | Job "GameEngine.registration_watchdog (trigger: interval[0:00:05], next run at: 2026-08-19 12:51:52 UTC)" executed successfully
2026-08-19 17:51:47,743 | INFO | apscheduler.executors.default | Job "GameEngine.send_pending_diamond_logs (trigger: interval[0:00:30], next run at: 2026-08-19 12:52:17 UTC)" executed successfully
2026-08-19 17:54:30,222 | ERROR | aiogram.dispatcher | Failed to fetch updates - TelegramNetworkError: HTTP Client says - Request timeout error
2026-08-19 17:54:30,222 | WARNING | aiogram.dispatcher | Sleep for 1.000000 seconds and try again... (tryings = 0, bot id = 8894100649)
2026-08-19 17:54:30,228 | INFO | apscheduler.executors.default | Running job "GameEngine.registration_watchdog (trigger: interval[0:00:05], next run at: 2026-08-19 12:54:32 UTC)" (scheduled at 2026-08-19 12:54:27.702445+00:00)
2026-08-19 17:54:30,228 | INFO | apscheduler.executors.default | Running job "GameEngine.send_pending_diamond_logs (trigger: interval[0:00:30], next run at: 2026-08-19 12:54:47 UTC)" (scheduled at 2026-08-19 12:54:17.708289+00:00)
2026-08-19 17:54:30,230 | INFO | apscheduler.executors.default | Running job "GameEngine.premium_reset_watchdog (trigger: interval[0:01:00], next run at: 2026-08-19 12:55:17 UTC)" (scheduled at 2026-08-19 12:54:17.708289+00:00)
2026-08-19 17:54:30,238 | INFO | apscheduler.executors.default | Job "GameEngine.registration_watchdog (trigger: interval[0:00:05], next run at: 2026-08-19 12:54:32 UTC)" executed successfully
2026-08-19 17:54:30,238 | INFO | apscheduler.executors.default | Job "GameEngine.premium_reset_watchdog (trigger: interval[0:01:00], next run at: 2026-08-19 12:55:17 UTC)" executed successfully
2026-08-19 17:54:30,244 | INFO | apscheduler.executors.default | Job "GameEngine.send_pending_diamond_logs (trigger: interval[0:00:30], next run at: 2026-08-19 12:54:47 UTC)" executed successfully
2026-08-19 17:54:31,237 | ERROR | aiogram.dispatcher | Failed to fetch updates - TelegramNetworkError: HTTP Client says - ClientConnectorDNSError: Cannot connect to host api.telegram.org:443 ssl:default [getaddrinfo failed]
2026-08-19 17:54:31,237 | WARNING | aiogram.dispatcher | Sleep for 1.210815 seconds and try again... (tryings = 1, bot id = 8894100649)
2026-08-19 17:54:32,703 | INFO | apscheduler.executors.default | Running job "GameEngine.registration_watchdog (trigger: interval[0:00:05], next run at: 2026-08-19 12:54:37 UTC)" (scheduled at 2026-08-19 12:54:32.702445+00:00)
2026-08-19 17:54:32,707 | INFO | apscheduler.executors.default | Job "GameEngine.registration_watchdog (trigger: interval[0:00:05], next run at: 2026-08-19 12:54:37 UTC)" executed successfully
2026-08-19 17:54:33,055 | INFO | aiogram.dispatcher | Connection established (tryings = 2, bot id = 8894100649)
2026-08-19 17:54:33,055 | INFO | root | DEBUG_INCOMING Message from=8692634539 payload=Иш клябма
2026-08-19 17:54:33,081 | INFO | aiogram.event | Update id=466217452 is handled. Duration 32 ms by bot id=8894100649
2026-08-19 17:54:37,715 | INFO | apscheduler.executors.default | Running job "GameEngine.registration_watchdog (trigger: interval[0:00:05], next run at: 2026-08-19 12:54:42 UTC)" (scheduled at 2026-08-19 12:54:37.702445+00:00)
2026-08-19 17:54:37,715 | INFO | apscheduler.executors.default | Job "GameEngine.registration_watchdog (trigger: interval[0:00:05], next run at: 2026-08-19 12:54:42 UTC)" executed successfully
2026-08-19 17:54:42,713 | INFO | apscheduler.executors.default | Running job "GameEngine.registration_watchdog (trigger: interval[0:00:05], next run at: 2026-08-19 12:54:47 UTC)" (scheduled at 2026-08-19 12:54:42.702445+00:00)
2026-08-19 17:54:42,719 | INFO | apscheduler.executors.default | Job "GameEngine.registration_watchdog (trigger: interval[0:00:05], next run at: 2026-08-19 12:54:47 UTC)" executed successfully
2026-08-19 17:54:47,712 | INFO | apscheduler.executors.default | Running job "GameEngine.registration_watchdog (trigger: interval[0:00:05], next run at: 2026-08-19 12:54:52 UTC)" (scheduled at 2026-08-19 12:54:47.702445+00:00)
2026-08-19 17:54:47,717 | INFO | apscheduler.executors.default | Running job "GameEngine.send_pending_diamond_logs (trigger: interval[0:00:30], next run at: 2026-08-19 12:55:17 UTC)" (scheduled at 2026-08-19 12:54:47.708289+00:00)
2026-08-19 17:54:47,717 | INFO | apscheduler.executors.default | Job "GameEngine.registration_watchdog (trigger: interval[0:00:05], next run at: 2026-08-19 12:54:52 UTC)" executed successfully
2026-08-19 17:54:47,727 | INFO | apscheduler.executors.default | Job "GameEngine.send_pending_diamond_logs (trigger: interval[0:00:30], next run at: 2026-08-19 12:55:17 UTC)" executed successfully
2026-08-19 17:54:50,516 | INFO | root | DEBUG_INCOMING Message from=7601257532 payload=/game
2026-08-19 17:54:52,130 | INFO | root | DEBUG_INCOMING Message from=8894100649 payload=message_id=234937 date=datetime.datetime(2026, 8, 19, 12, 54, 52, tzinfo=TzInfo(UTC)) chat=Chat(id=-1003992490466, type='supergroup', title='GHOST • mafia', username=None, first_name=None, last_name=None, is_forum=None, is_direct_messages=None, accent_color_id=None, active_usernames=None, available_reactions=None, background_custom_emoji_id=None, bio=None, birthdate=None, business_intro=None, business_location=None, business_opening_hours=None, can_set_sticker_set=None, custom_emoji_sticker_set_name=None, description=None, emoji_status_custom_emoji_id=None, emoji_status_expiration_date=None, has_aggressive_anti_spam_enabled=None, has_hidden_members=None, has_private_forwards=None, has_protected_content=None, has_restricted_voice_and_video_messages=None, has_visible_history=None, invite_link=None, join_by_request=None, join_to_send_messages=None, linked_chat_id=None, location=None, message_auto_delete_time=None, permissions=None, personal_chat=None, photo=None, pinned_message=None, profile_accent_color_id=None, profile_background_custom_emoji_id=None, slow_mode_delay=None, sticker_set_name=None, unrestrict_boost_count=None) message_thread_id=234936 direct_messages_topic=None from_user=User(id=8894100649, is_bot=True, first_name='WORLD MAFIA BOT \U0001f3c6', last_name=None, username='WorldMafiaBot', language_code=None, is_premium=None, added_to_attachment_menu=None, can_join_groups=None, can_read_all_group_messages=None, supports_inline_queries=None, can_connect_to_business=None, has_main_web_app=None) sender_chat=None sender_boost_count=None sender_business_bot=None business_connection_id=None forward_origin=None is_topic_message=None is_automatic_forward=None reply_to_message=Message(message_id=234936, date=datetime.datetime(2026, 8, 19, 12, 54, 52, tzinfo=TzInfo(UTC)), chat=Chat(id=-1003992490466, type='supergroup', title='GHOST • mafia', username=None, first_name=None, last_name=None, is_forum=None, is_direct_messages=None, accent_color_id=None, active_usernames=None, available_reactions=None, background_custom_emoji_id=None, bio=None, birthdate=None, business_intro=None, business_location=None, business_opening_hours=None, can_set_sticker_set=None, custom_emoji_sticker_set_name=None, description=None, emoji_status_custom_emoji_id=None, emoji_status_expiration_date=None, has_aggressive_anti_spam_enabled=None, has_hidden_members=None, has_private_forwards=None, has_protected_content=None, has_restricted_voice_and_video_messages=None, has_visible_history=None, invite_link=None, join_by_request=None, join_to_send_messages=None, linked_chat_id=None, location=None, message_auto_delete_time=None, permissions=None, personal_chat=None, photo=None, pinned_message=None, profile_accent_color_id=None, profile_background_custom_emoji_id=None, slow_mode_delay=None, sticker_set_name=None, unrestrict_boost_count=None), message_thread_id=None, direct_messages_topic=None, from_user=User(id=8894100649, is_bot=True, first_name='WORLD MAFIA BOT \U0001f3c6', last_name=None, username='WorldMafiaBot', language_code=None, is_premium=None, added_to_attachment_menu=None, can_join_groups=None, can_read_all_group_messages=None, supports_inline_queries=None, can_connect_to_business=None, has_main_web_app=None), sender_chat=None, sender_boost_count=None, sender_business_bot=None, business_connection_id=None, forward_origin=None, is_topic_message=None, is_automatic_forward=None, reply_to_message=None, external_reply=None, quote=None, reply_to_story=None, reply_to_checklist_task_id=None, via_bot=None, edit_date=None, has_protected_content=True, is_from_offline=None, is_paid_post=None, media_group_id=None, author_signature=None, paid_star_count=None, text="Ro'yxatdan o'tish boshlandi!", entities=[MessageEntity(type='bold', offset=0, length=28, url=None, user=None, language=None, custom_emoji_id=None)], link_preview_options=None, suggested_post_info=None, effect_id=None, animation=None, audio=None, document=None, paid_media=None, photo=None, sticker=None, story=None, video=None, video_note=None, voice=None, caption=None, caption_entities=None, show_caption_above_media=None, has_media_spoiler=None, checklist=None, contact=None, dice=None, game=None, poll=None, venue=None, location=None, new_chat_members=None, left_chat_member=None, new_chat_title=None, new_chat_photo=None, delete_chat_photo=None, group_chat_created=None, supergroup_chat_created=None, channel_chat_created=None, message_auto_delete_timer_changed=None, migrate_to_chat_id=None, migrate_from_chat_id=None, pinned_message=None, invoice=None, successful_payment=None, refunded_payment=None, users_shared=None, chat_shared=None, gift=None, unique_gift=None, connected_website=None, write_access_allowed=None, passport_data=None, proximity_alert_triggered=None, boost_added=None, chat_background_set=None, checklist_tasks_done=None, checklist_tasks_added=None, direct_message_price_changed=None, forum_topic_created=None, forum_topic_edited=None, forum_topic_closed=None, forum_topic_reopened=None, general_forum_topic_hidden=None, general_forum_topic_unhidden=None, giveaway_created=None, giveaway=None, giveaway_winners=None, giveaway_completed=None, paid_message_price_changed=None, suggested_post_approved=None, suggested_post_approval_failed=None, suggested_post_declined=None, suggested_post_paid=None, suggested_post_refunded=None, video_chat_scheduled=None, video_chat_started=None, video_chat_ended=None, video_chat_participants_invited=None, web_app_data=None, reply_markup=InlineKeyboardMarkup(inline_keyboard=[[InlineKeyboardButton(text="\U0001f935 Qo'shilish", url='https://t.me/WorldMafiaBot?start=join_2166_-1003992490466', callback_data=None, web_app=None, login_url=None, switch_inline_query=None, switch_inline_query_current_chat=None, switch_inline_query_chosen_chat=None, copy_text=None, callback_game=None, pay=None)]]), forward_date=None, forward_from=None, forward_from_chat=None, forward_from_message_id=None, forward_sender_name=None, forward_signature=None, user_shared=None) external_reply=None quote=None reply_to_story=None reply_to_checklist_task_id=None via_bot=None edit_date=None has_protected_content=True is_from_offline=None is_paid_post=None media_group_id=None author_signature=None paid_star_count=None text=None entities=None link_preview_options=None suggested_post_info=None effect_id=None animation=None audio=None document=None paid_media=None photo=None sticker=None story=None video=None video_note=None voice=None caption=None caption_entities=None show_caption_above_media=None has_media_spoiler=None checklist=None contact=None dice=None game=None poll=None venue=None location=None new_chat_members=None left_chat_member=None new_chat_title=None new_chat_photo=None delete_chat_photo=None group_chat_created=None supergroup_chat_created=None channel_chat_created=None message_auto_delete_timer_changed=None migrate_to_chat_id=None migrate_from_chat_id=None pinned_message=Message(message_id=234936, date=datetime.datetime(2026, 8, 19, 12, 54, 52, tzinfo=TzInfo(UTC)), chat=Chat(id=-1003992490466, type='supergroup', title='GHOST • mafia', username=None, first_name=None, last_name=None, is_forum=None, is_direct_messages=None, accent_color_id=None, active_usernames=None, available_reactions=None, background_custom_emoji_id=None, bio=None, birthdate=None, business_intro=None, business_location=None, business_opening_hours=None, can_set_sticker_set=None, custom_emoji_sticker_set_name=None, description=None, emoji_status_custom_emoji_id=None, emoji_status_expiration_date=None, has_aggressive_anti_spam_enabled=None, has_hidden_members=None, has_private_forwards=None, has_protected_content=None, has_restricted_voice_and_video_messages=None, has_visible_history=None, invite_link=None, join_by_request=None, join_to_send_messages=None, linked_chat_id=None, location=None, message_auto_delete_time=None, permissions=None, personal_chat=None, photo=None, pinned_message=None, profile_accent_color_id=None, profile_background_custom_emoji_id=None, slow_mode_delay=None, sticker_set_name=None, unrestrict_boost_count=None), message_thread_id=None, direct_messages_topic=None, from_user=User(id=8894100649, is_bot=True, first_name='WORLD MAFIA BOT \U0001f3c6', last_name=None, username='WorldMafiaBot', language_code=None, is_premium=None, added_to_attachment_menu=None, can_join_groups=None, can_read_all_group_messages=None, supports_inline_queries=None, can_connect_to_business=None, has_main_web_app=None), sender_chat=None, sender_boost_count=None, sender_business_bot=None, business_connection_id=None, forward_origin=None, is_topic_message=None, is_automatic_forward=None, reply_to_message=None, external_reply=None, quote=None, reply_to_story=None, reply_to_checklist_task_id=None, via_bot=None, edit_date=None, has_protected_content=True, is_from_offline=None, is_paid_post=None, media_group_id=None, author_signature=None, paid_star_count=None, text="Ro'yxatdan o'tish boshlandi!", entities=[MessageEntity(type='bold', offset=0, length=28, url=None, user=None, language=None, custom_emoji_id=None)], link_preview_options=None, suggested_post_info=None, effect_id=None, animation=None, audio=None, document=None, paid_media=None, photo=None, sticker=None, story=None, video=None, video_note=None, voice=None, caption=None, caption_entities=None, show_caption_above_media=None, has_media_spoiler=None, checklist=None, contact=None, dice=None, game=None, poll=None, venue=None, location=None, new_chat_members=None, left_chat_member=None, new_chat_title=None, new_chat_photo=None, delete_chat_photo=None, group_chat_created=None, supergroup_chat_created=None, channel_chat_created=None, message_auto_delete_timer_changed=None, migrate_to_chat_id=None, migrate_from_chat_id=None, pinned_message=None, invoice=None, successful_payment=None, refunded_payment=None, users_shared=None, chat_shared=None, gift=None, unique_gift=None, connected_website=None, write_access_allowed=None, passport_data=None, proximity_alert_triggered=None, boost_added=None, chat_background_set=None, checklist_tasks_done=None, checklist_tasks_added=None, direct_message_price_changed=None, forum_topic_created=None, forum_topic_edited=None, forum_topic_closed=None, forum_topic_reopened=None, general_forum_topic_hidden=None, general_forum_topic_unhidden=None, giveaway_created=None, giveaway=None, giveaway_winners=None, giveaway_completed=None, paid_message_price_changed=None, suggested_post_approved=None, suggested_post_approval_failed=None, suggested_post_declined=None, suggested_post_paid=None, suggested_post_refunded=None, video_chat_scheduled=None, video_chat_started=None, video_chat_ended=None, video_chat_participants_invited=None, web_app_data=None, reply_markup=InlineKeyboardMarkup(inline_keyboard=[[InlineKeyboardButton(text="\U0001f935 Qo'shilish", url='https://t.me/WorldMafiaBot?start=join_2166_-1003992490466', callback_data=None, web_app=None, login_url=None, switch_inline_query=None, switch_inline_query_current_chat=None, switch_inline_query_chosen_chat=None, copy_text=None, callback_game=None, pay=None)]]), forward_date=None, forward_from=None, forward_from_chat=None, forward_from_message_id=None, forward_sender_name=None, forward_signature=None, user_shared=None) invoice=None successful_payment=None refunded_payment=None users_shared=None chat_shared=None gift=None unique_gift=None connected_website=None write_access_allowed=None passport_data=None proximity_alert_triggered=None boost_added=None chat_background_set=None checklist_tasks_done=None checklist_tasks_added=None direct_message_price_changed=None forum_topic_created=None forum_topic_edited=None forum_topic_closed=None forum_topic_reopened=None general_forum_topic_hidden=None general_forum_topic_unhidden=None giveaway_created=None giveaway=None giveaway_winners=None giveaway_completed=None paid_message_price_changed=None suggested_post_approved=None suggested_post_approval_failed=None suggested_post_declined=None suggested_post_paid=None suggested_post_refunded=None video_chat_scheduled=None video_chat_started=None video_chat_ended=None video_chat_participants_invited=None web_app_data=None reply_markup=None forward_date=None forward_from=None forward_from_chat=None forward_from_message_id=None forward_sender_name=None forward_signature=None user_shared=None
2026-08-19 17:54:52,163 | INFO | apscheduler.scheduler | Added job "GameEngine.send_registration_warning" to job store "default"
2026-08-19 17:54:52,163 | INFO | apscheduler.scheduler | Added job "GameEngine.close_registration" to job store "default"
2026-08-19 17:54:52,179 | INFO | aiogram.event | Update id=466217454 is handled. Duration 45 ms by bot id=8894100649
2026-08-19 17:54:52,306 | INFO | aiogram.event | Update id=466217453 is handled. Duration 1795 ms by bot id=8894100649
2026-08-19 17:54:52,708 | INFO | apscheduler.executors.default | Running job "GameEngine.registration_watchdog (trigger: interval[0:00:05], next run at: 2026-08-19 12:54:57 UTC)" (scheduled at 2026-08-19 12:54:52.702445+00:00)
2026-08-19 17:54:52,708 | INFO | apscheduler.executors.default | Job "GameEngine.registration_watchdog (trigger: interval[0:00:05], next run at: 2026-08-19 12:54:57 UTC)" executed successfully
2026-08-19 17:54:57,707 | INFO | apscheduler.executors.default | Running job "GameEngine.registration_watchdog (trigger: interval[0:00:05], next run at: 2026-08-19 12:55:02 UTC)" (scheduled at 2026-08-19 12:54:57.702445+00:00)
2026-08-19 17:54:57,713 | INFO | apscheduler.executors.default | Job "GameEngine.registration_watchdog (trigger: interval[0:00:05], next run at: 2026-08-19 12:55:02 UTC)" executed successfully
2026-08-19 17:55:02,721 | INFO | apscheduler.executors.default | Running job "GameEngine.registration_watchdog (trigger: interval[0:00:05], next run at: 2026-08-19 12:55:07 UTC)" (scheduled at 2026-08-19 12:55:02.702445+00:00)
2026-08-19 17:55:02,727 | INFO | apscheduler.executors.default | Job "GameEngine.registration_watchdog (trigger: interval[0:00:05], next run at: 2026-08-19 12:55:07 UTC)" executed successfully
2026-08-19 17:55:07,719 | INFO | apscheduler.executors.default | Running job "GameEngine.registration_watchdog (trigger: interval[0:00:05], next run at: 2026-08-19 12:55:12 UTC)" (scheduled at 2026-08-19 12:55:07.702445+00:00)
2026-08-19 17:55:07,725 | INFO | apscheduler.executors.default | Job "GameEngine.registration_watchdog (trigger: interval[0:00:05], next run at: 2026-08-19 12:55:12 UTC)" executed successfully
2026-08-19 17:55:12,713 | INFO | apscheduler.executors.default | Running job "GameEngine.registration_watchdog (trigger: interval[0:00:05], next run at: 2026-08-19 12:55:17 UTC)" (scheduled at 2026-08-19 12:55:12.702445+00:00)
2026-08-19 17:55:12,720 | INFO | apscheduler.executors.default | Job "GameEngine.registration_watchdog (trigger: interval[0:00:05], next run at: 2026-08-19 12:55:17 UTC)" executed successfully
2026-08-19 17:55:17,706 | INFO | apscheduler.executors.default | Running job "GameEngine.registration_watchdog (trigger: interval[0:00:05], next run at: 2026-08-19 12:55:22 UTC)" (scheduled at 2026-08-19 12:55:17.702445+00:00)
2026-08-19 17:55:17,706 | INFO | apscheduler.executors.default | Job "GameEngine.registration_watchdog (trigger: interval[0:00:05], next run at: 2026-08-19 12:55:22 UTC)" executed successfully
2026-08-19 17:55:17,722 | INFO | apscheduler.executors.default | Running job "GameEngine.send_pending_diamond_logs (trigger: interval[0:00:30], next run at: 2026-08-19 12:55:47 UTC)" (scheduled at 2026-08-19 12:55:17.708289+00:00)
2026-08-19 17:55:17,722 | INFO | apscheduler.executors.default | Running job "GameEngine.premium_reset_watchdog (trigger: interval[0:01:00], next run at: 2026-08-19 12:56:17 UTC)" (scheduled at 2026-08-19 12:55:17.708289+00:00)
2026-08-19 17:55:17,722 | INFO | apscheduler.executors.default | Job "GameEngine.premium_reset_watchdog (trigger: interval[0:01:00], next run at: 2026-08-19 12:56:17 UTC)" executed successfully
2026-08-19 17:55:17,722 | INFO | apscheduler.executors.default | Job "GameEngine.send_pending_diamond_logs (trigger: interval[0:00:30], next run at: 2026-08-19 12:55:47 UTC)" executed successfully
2026-08-19 17:55:22,712 | INFO | apscheduler.executors.default | Running job "GameEngine.registration_watchdog (trigger: interval[0:00:05], next run at: 2026-08-19 12:55:27 UTC)" (scheduled at 2026-08-19 12:55:22.702445+00:00)
2026-08-19 17:55:22,719 | INFO | apscheduler.executors.default | Job "GameEngine.registration_watchdog (trigger: interval[0:00:05], next run at: 2026-08-19 12:55:27 UTC)" executed successfully
2026-08-19 17:55:27,708 | INFO | apscheduler.executors.default | Running job "GameEngine.registration_watchdog (trigger: interval[0:00:05], next run at: 2026-08-19 12:55:32 UTC)" (scheduled at 2026-08-19 12:55:27.702445+00:00)
2026-08-19 17:55:27,714 | INFO | apscheduler.executors.default | Job "GameEngine.registration_watchdog (trigger: interval[0:00:05], next run at: 2026-08-19 12:55:32 UTC)" executed successfully
2026-08-19 17:55:32,710 | INFO | apscheduler.executors.default | Running job "GameEngine.registration_watchdog (trigger: interval[0:00:05], next run at: 2026-08-19 12:55:37 UTC)" (scheduled at 2026-08-19 12:55:32.702445+00:00)
2026-08-19 17:55:32,879 | INFO | apscheduler.executors.default | Job "GameEngine.registration_watchdog (trigger: interval[0:00:05], next run at: 2026-08-19 12:55:37 UTC)" executed successfully
2026-08-19 17:55:37,706 | INFO | apscheduler.executors.default | Running job "GameEngine.registration_watchdog (trigger: interval[0:00:05], next run at: 2026-08-19 12:55:42 UTC)" (scheduled at 2026-08-19 12:55:37.702445+00:00)
2026-08-19 17:55:37,713 | INFO | apscheduler.executors.default | Job "GameEngine.registration_watchdog (trigger: interval[0:00:05], next run at: 2026-08-19 12:55:42 UTC)" executed successfully
2026-08-19 17:55:42,721 | INFO | apscheduler.executors.default | Running job "GameEngine.registration_watchdog (trigger: interval[0:00:05], next run at: 2026-08-19 12:55:47 UTC)" (scheduled at 2026-08-19 12:55:42.702445+00:00)
2026-08-19 17:55:42,728 | INFO | apscheduler.executors.default | Job "GameEngine.registration_watchdog (trigger: interval[0:00:05], next run at: 2026-08-19 12:55:47 UTC)" executed successfully
2026-08-19 17:55:47,714 | INFO | apscheduler.executors.default | Running job "GameEngine.registration_watchdog (trigger: interval[0:00:05], next run at: 2026-08-19 12:55:52 UTC)" (scheduled at 2026-08-19 12:55:47.702445+00:00)
2026-08-19 17:55:47,720 | INFO | apscheduler.executors.default | Running job "GameEngine.send_pending_diamond_logs (trigger: interval[0:00:30], next run at: 2026-08-19 12:56:17 UTC)" (scheduled at 2026-08-19 12:55:47.708289+00:00)
2026-08-19 17:55:47,720 | INFO | apscheduler.executors.default | Job "GameEngine.registration_watchdog (trigger: interval[0:00:05], next run at: 2026-08-19 12:55:52 UTC)" executed successfully
2026-08-19 17:55:47,729 | INFO | apscheduler.executors.default | Job "GameEngine.send_pending_diamond_logs (trigger: interval[0:00:30], next run at: 2026-08-19 12:56:17 UTC)" executed successfully
2026-08-19 17:55:52,719 | INFO | apscheduler.executors.default | Running job "GameEngine.registration_watchdog (trigger: interval[0:00:05], next run at: 2026-08-19 12:55:57 UTC)" (scheduled at 2026-08-19 12:55:52.702445+00:00)
2026-08-19 17:55:52,719 | INFO | apscheduler.executors.default | Job "GameEngine.registration_watchdog (trigger: interval[0:00:05], next run at: 2026-08-19 12:55:57 UTC)" executed successfully
2026-08-19 17:55:57,715 | INFO | apscheduler.executors.default | Running job "GameEngine.registration_watchdog (trigger: interval[0:00:05], next run at: 2026-08-19 12:56:02 UTC)" (scheduled at 2026-08-19 12:55:57.702445+00:00)
2026-08-19 17:55:57,721 | INFO | apscheduler.executors.default | Job "GameEngine.registration_watchdog (trigger: interval[0:00:05], next run at: 2026-08-19 12:56:02 UTC)" executed successfully
2026-08-19 17:56:02,719 | INFO | apscheduler.executors.default | Running job "GameEngine.registration_watchdog (trigger: interval[0:00:05], next run at: 2026-08-19 12:56:07 UTC)" (scheduled at 2026-08-19 12:56:02.702445+00:00)
2026-08-19 17:56:02,724 | INFO | apscheduler.executors.default | Job "GameEngine.registration_watchdog (trigger: interval[0:00:05], next run at: 2026-08-19 12:56:07 UTC)" executed successfully
2026-08-19 18:58:27,788 | INFO | apscheduler.scheduler | Removed job reg_warn_60_2166
2026-08-19 18:58:27,792 | INFO | apscheduler.scheduler | Removed job reg_close_2166
2026-08-19 18:58:27,792 | ERROR | aiogram.dispatcher | Failed to fetch updates - TelegramNetworkError: HTTP Client says - Request timeout error
2026-08-19 18:58:27,792 | WARNING | aiogram.dispatcher | Sleep for 1.000000 seconds and try again... (tryings = 0, bot id = 8894100649)
2026-08-19 18:58:27,794 | INFO | apscheduler.executors.default | Running job "GameEngine.registration_watchdog (trigger: interval[0:00:05], next run at: 2026-08-19 13:58:32 UTC)" (scheduled at 2026-08-19 13:58:27.702445+00:00)
2026-08-19 18:58:27,794 | INFO | apscheduler.executors.default | Running job "GameEngine.send_pending_diamond_logs (trigger: interval[0:00:30], next run at: 2026-08-19 13:58:47 UTC)" (scheduled at 2026-08-19 13:58:17.708289+00:00)
2026-08-19 18:58:27,796 | INFO | apscheduler.executors.default | Running job "GameEngine.premium_reset_watchdog (trigger: interval[0:01:00], next run at: 2026-08-19 13:59:17 UTC)" (scheduled at 2026-08-19 13:58:17.708289+00:00)
2026-08-19 18:58:27,796 | WARNING | apscheduler.executors.default | Run time of job "GameEngine.send_registration_warning (trigger: date[2026-08-19 12:58:51 UTC], next run at: 2026-08-19 12:58:51 UTC)" was missed by 0:59:36.465189
2026-08-19 18:58:27,796 | WARNING | apscheduler.executors.default | Run time of job "GameEngine.close_registration (trigger: date[2026-08-19 12:59:51 UTC], next run at: 2026-08-19 12:59:51 UTC)" was missed by 0:58:36.465189
2026-08-19 18:58:27,802 | INFO | apscheduler.executors.default | Job "GameEngine.premium_reset_watchdog (trigger: interval[0:01:00], next run at: 2026-08-19 13:59:17 UTC)" executed successfully
2026-08-19 18:58:27,879 | INFO | apscheduler.executors.default | Job "GameEngine.send_pending_diamond_logs (trigger: interval[0:00:30], next run at: 2026-08-19 13:58:47 UTC)" executed successfully
2026-08-19 18:58:27,995 | ERROR | app.game_engine | Unexpected error while sending message to chat_id=-1003992490466
Traceback (most recent call last):
  File "C:\Users\Sanjarbek\Downloads\true-mafia-main (1)\true-mafia-main\venv\Lib\site-packages\aiohttp\connector.py", line 1532, in _create_direct_connection
    hosts = await self._resolve_host(host, port, traces=traces)
            ^^^^^^^^^^^^^^^^^^^^^^^^^^^^^^^^^^^^^^^^^^^^^^^^^^^
  File "C:\Users\Sanjarbek\Downloads\true-mafia-main (1)\true-mafia-main\venv\Lib\site-packages\aiohttp\connector.py", line 1148, in _resolve_host
    return await asyncio.shield(resolved_host_task)
           ^^^^^^^^^^^^^^^^^^^^^^^^^^^^^^^^^^^^^^^^
  File "C:\Users\Sanjarbek\Downloads\true-mafia-main (1)\true-mafia-main\venv\Lib\site-packages\aiohttp\connector.py", line 1179, in _resolve_host_with_throttle
    addrs = await self._resolver.resolve(host, port, family=self._family)
            ^^^^^^^^^^^^^^^^^^^^^^^^^^^^^^^^^^^^^^^^^^^^^^^^^^^^^^^^^^^^^
  File "C:\Users\Sanjarbek\Downloads\true-mafia-main (1)\true-mafia-main\venv\Lib\site-packages\aiohttp\resolver.py", line 40, in resolve
    infos = await self._loop.getaddrinfo(
            ^^^^^^^^^^^^^^^^^^^^^^^^^^^^^
  File "C:\Users\Sanjarbek\AppData\Local\Programs\Python\Python311\Lib\asyncio\base_events.py", line 864, in getaddrinfo
    return await self.run_in_executor(
           ^^^^^^^^^^^^^^^^^^^^^^^^^^^
  File "C:\Users\Sanjarbek\AppData\Local\Programs\Python\Python311\Lib\concurrent\futures\thread.py", line 58, in run
    result = self.fn(*self.args, **self.kwargs)
             ^^^^^^^^^^^^^^^^^^^^^^^^^^^^^^^^^^
  File "C:\Users\Sanjarbek\AppData\Local\Programs\Python\Python311\Lib\socket.py", line 961, in getaddrinfo
    for res in _socket.getaddrinfo(host, port, family, type, proto, flags):
               ^^^^^^^^^^^^^^^^^^^^^^^^^^^^^^^^^^^^^^^^^^^^^^^^^^^^^^^^^^^
socket.gaierror: [Errno 11004] getaddrinfo failed

The above exception was the direct cause of the following exception:

Traceback (most recent call last):
  File "C:\Users\Sanjarbek\Downloads\true-mafia-main (1)\true-mafia-main\venv\Lib\site-packages\aiogram\client\session\aiohttp.py", line 177, in make_request
    async with session.post(
  File "C:\Users\Sanjarbek\Downloads\true-mafia-main (1)\true-mafia-main\venv\Lib\site-packages\aiohttp\client.py", line 1488, in __aenter__
    self._resp: _RetType = await self._coro
                           ^^^^^^^^^^^^^^^^
  File "C:\Users\Sanjarbek\Downloads\true-mafia-main (1)\true-mafia-main\venv\Lib\site-packages\aiohttp\client.py", line 770, in _request
    resp = await handler(req)
           ^^^^^^^^^^^^^^^^^^
  File "C:\Users\Sanjarbek\Downloads\true-mafia-main (1)\true-mafia-main\venv\Lib\site-packages\aiohttp\client.py", line 725, in _connect_and_send_request
    conn = await self._connector.connect(
           ^^^^^^^^^^^^^^^^^^^^^^^^^^^^^^
  File "C:\Users\Sanjarbek\Downloads\true-mafia-main (1)\true-mafia-main\venv\Lib\site-packages\aiohttp\connector.py", line 642, in connect
    proto = await self._create_connection(req, traces, timeout)
            ^^^^^^^^^^^^^^^^^^^^^^^^^^^^^^^^^^^^^^^^^^^^^^^^^^^
  File "C:\Users\Sanjarbek\Downloads\true-mafia-main (1)\true-mafia-main\venv\Lib\site-packages\aiohttp\connector.py", line 1209, in _create_connection
    _, proto = await self._create_direct_connection(req, traces, timeout)
               ^^^^^^^^^^^^^^^^^^^^^^^^^^^^^^^^^^^^^^^^^^^^^^^^^^^^^^^^^^
  File "C:\Users\Sanjarbek\Downloads\true-mafia-main (1)\true-mafia-main\venv\Lib\site-packages\aiohttp\connector.py", line 1538, in _create_direct_connection
    raise ClientConnectorDNSError(req.connection_key, exc) from exc
aiohttp.client_exceptions.ClientConnectorDNSError: Cannot connect to host api.telegram.org:443 ssl:default [getaddrinfo failed]

During handling of the above exception, another exception occurred:

Traceback (most recent call last):
  File "C:\Users\Sanjarbek\Downloads\true-mafia-main (1)\true-mafia-main\app\game_engine.py", line 290, in _safe_send_message
    return await asyncio.wait_for(bot.send_message(chat_id, text, **kwargs), timeout=12)
           ^^^^^^^^^^^^^^^^^^^^^^^^^^^^^^^^^^^^^^^^^^^^^^^^^^^^^^^^^^^^^^^^^^^^^^^^^^^^^
  File "C:\Users\Sanjarbek\AppData\Local\Programs\Python\Python311\Lib\asyncio\tasks.py", line 479, in wait_for
    return fut.result()
           ^^^^^^^^^^^^
  File "C:\Users\Sanjarbek\Downloads\true-mafia-main (1)\true-mafia-main\venv\Lib\site-packages\aiogram\client\bot.py", line 2925, in send_message
    return await self(call, request_timeout=request_timeout)
           ^^^^^^^^^^^^^^^^^^^^^^^^^^^^^^^^^^^^^^^^^^^^^^^^^
  File "C:\Users\Sanjarbek\Downloads\true-mafia-main (1)\true-mafia-main\venv\Lib\site-packages\aiogram\client\bot.py", line 485, in __call__
    return await self.session(self, method, timeout=request_timeout)
           ^^^^^^^^^^^^^^^^^^^^^^^^^^^^^^^^^^^^^^^^^^^^^^^^^^^^^^^^^
  File "C:\Users\Sanjarbek\Downloads\true-mafia-main (1)\true-mafia-main\venv\Lib\site-packages\aiogram\client\session\base.py", line 254, in __call__
    return cast(TelegramType, await middleware(bot, method))
                              ^^^^^^^^^^^^^^^^^^^^^^^^^^^^^
  File "C:\Users\Sanjarbek\Downloads\true-mafia-main (1)\true-mafia-main\venv\Lib\site-packages\aiogram\client\session\aiohttp.py", line 184, in make_request
    raise TelegramNetworkError(method=method, message=f"{type(e).__name__}: {e}")
aiogram.exceptions.TelegramNetworkError: HTTP Client says - ClientConnectorDNSError: Cannot connect to host api.telegram.org:443 ssl:default [getaddrinfo failed]
2026-08-19 18:58:28,038 | INFO | apscheduler.executors.default | Job "GameEngine.registration_watchdog (trigger: interval[0:00:05], next run at: 2026-08-19 13:58:32 UTC)" executed successfully
2026-08-19 18:58:28,814 | ERROR | aiogram.dispatcher | Failed to fetch updates - TelegramNetworkError: HTTP Client says - ClientConnectorDNSError: Cannot connect to host api.telegram.org:443 ssl:default [getaddrinfo failed]
2026-08-19 18:58:28,814 | WARNING | aiogram.dispatcher | Sleep for 1.169951 seconds and try again... (tryings = 1, bot id = 8894100649)
2026-08-19 18:58:29,998 | ERROR | aiogram.dispatcher | Failed to fetch updates - TelegramNetworkError: HTTP Client says - ClientConnectorDNSError: Cannot connect to host api.telegram.org:443 ssl:default [getaddrinfo failed]
2026-08-19 18:58:29,998 | WARNING | aiogram.dispatcher | Sleep for 1.331729 seconds and try again... (tryings = 2, bot id = 8894100649)
2026-08-19 18:58:31,344 | ERROR | aiogram.dispatcher | Failed to fetch updates - TelegramNetworkError: HTTP Client says - ClientConnectorDNSError: Cannot connect to host api.telegram.org:443 ssl:default [getaddrinfo failed]
2026-08-19 18:58:31,344 | WARNING | aiogram.dispatcher | Sleep for 1.679981 seconds and try again... (tryings = 3, bot id = 8894100649)
2026-08-19 18:58:32,712 | INFO | apscheduler.executors.default | Running job "GameEngine.registration_watchdog (trigger: interval[0:00:05], next run at: 2026-08-19 13:58:37 UTC)" (scheduled at 2026-08-19 13:58:32.702445+00:00)
2026-08-19 18:58:32,720 | INFO | apscheduler.executors.default | Job "GameEngine.registration_watchdog (trigger: interval[0:00:05], next run at: 2026-08-19 13:58:37 UTC)" executed successfully
2026-08-19 18:58:33,698 | INFO | aiogram.dispatcher | Connection established (tryings = 4, bot id = 8894100649)
2026-08-19 18:58:33,752 | INFO | root | DEBUG_INCOMING Message from=7601257532 payload=/start join_2166_-1003992490466
2026-08-19 18:58:33,758 | INFO | root | DEBUG_INCOMING Message from=7601257532 payload=/game
2026-08-19 18:58:33,768 | INFO | root | DEBUG_INCOMING Message from=8210282011 payload=/game@WorldMafiaBot
2026-08-19 18:58:33,773 | INFO | root | DEBUG_INCOMING Message from=7601257532 payload=/game
2026-08-19 18:58:33,784 | INFO | root | DEBUG_INCOMING Message from=1087968824 payload=/start@WorldMafiaBot
2026-08-19 18:58:33,784 | INFO | root | DEBUG_INCOMING Message from=1087968824 payload=/game@WorldMafiaBot
2026-08-19 18:58:33,784 | INFO | root | DEBUG_INCOMING Message from=540711126 payload=/start@WorldMafiaBot
2026-08-19 18:58:33,784 | INFO | root | DEBUG_INCOMING Message from=540711126 payload=/game@WorldMafiaBot
2026-08-19 18:58:33,784 | INFO | root | DEBUG_INCOMING Message from=1087968824 payload=/game@WorldMafiaBot
2026-08-19 18:58:33,908 | INFO | root | DEBUG_INCOMING Message from=7601257532 payload=/game@ProMafiyaBot
2026-08-19 18:58:33,908 | INFO | root | DEBUG_INCOMING Message from=7601257532 payload=@qzuumiiiiiie
2026-08-19 18:58:33,908 | INFO | root | DEBUG_INCOMING Message from=7601257532 payload=F
2026-08-19 18:58:33,908 | INFO | root | DEBUG_INCOMING Message from=7601257532 payload=IIb
2026-08-19 18:58:33,908 | INFO | root | DEBUG_INCOMING Message from=7601257532 payload=M
2026-08-19 18:58:33,908 | INFO | root | DEBUG_INCOMING Message from=7601257532 payload=@Fakapono
2026-08-19 18:58:33,924 | INFO | root | DEBUG_INCOMING Message from=7601257532 payload=@naziw_8
2026-08-19 18:58:33,926 | INFO | root | DEBUG_INCOMING Message from=7601257532 payload=Mubw\U0001f9f8
2026-08-19 18:58:33,928 | INFO | root | DEBUG_INCOMING Message from=7601257532 payload=Ramziddin
2026-08-19 18:58:33,928 | INFO | root | DEBUG_INCOMING Message from=7601257532 payload=@Chayon_100
2026-08-19 18:58:33,930 | INFO | root | DEBUG_INCOMING Message from=7601257532 payload=@Tohirov09
2026-08-19 18:58:33,930 | INFO | root | DEBUG_INCOMING Message from=7601257532 payload=@uz_utag_bot
2026-08-19 18:58:33,932 | INFO | root | DEBUG_INCOMING Message from=7601257532 payload=@rakh1mboyev_m gooooo
2026-08-19 18:58:33,932 | INFO | root | DEBUG_INCOMING Message from=5713560695 payload=@admins utag qladigan botlar bor ulanglar akkga
2026-08-19 18:58:33,932 | INFO | root | DEBUG_INCOMING Message from=7601257532 payload=@aa_ayyub
2026-08-19 18:58:33,934 | INFO | root | DEBUG_INCOMING Message from=7601257532 payload=Bulmadii
2026-08-19 18:58:33,934 | INFO | root | DEBUG_INCOMING Message from=7601257532 payload=/game@ProMafiyaBot
2026-08-19 18:58:33,936 | INFO | root | DEBUG_INCOMING Message from=5713560695 payload=Нега
2026-08-19 18:58:33,938 | INFO | root | DEBUG_INCOMING Message from=7601257532 payload=Kod kelmayaptii
2026-08-19 18:58:33,938 | INFO | root | DEBUG_INCOMING Message from=7601257532 payload=/game@ProMafiyaBot
2026-08-19 18:58:33,940 | INFO | root | DEBUG_INCOMING Message from=7601257532 payload=_mnss
2026-08-19 18:58:33,940 | INFO | root | DEBUG_INCOMING Message from=7601257532 payload=F
2026-08-19 18:58:33,942 | INFO | root | DEBUG_INCOMING Message from=5713560695 payload=Менда хамда
2026-08-19 18:58:33,942 | INFO | root | DEBUG_INCOMING Message from=7601257532 payload=/game@ProMafiyaBot
2026-08-19 18:58:33,944 | INFO | root | DEBUG_INCOMING Message from=7601257532 payload=Shalola
2026-08-19 18:58:33,946 | INFO | root | DEBUG_INCOMING Message from=7601257532 payload=@shxllvv
2026-08-19 18:58:33,946 | INFO | root | DEBUG_INCOMING Message from=7601257532 payload=@marjonaaa_13
2026-08-19 18:58:33,948 | INFO | root | DEBUG_INCOMING Message from=7601257532 payload=@asror_amanovv
2026-08-19 18:58:33,948 | INFO | root | DEBUG_INCOMING Message from=7601257532 payload=/game@ProMafiyaBot
2026-08-19 18:58:33,950 | INFO | root | DEBUG_INCOMING Message from=7601257532 payload=Mubw\U0001f9f8
2026-08-19 18:58:33,950 | INFO | root | DEBUG_INCOMING Message from=8210282011 payload=Nega bot qotayapti?
2026-08-19 18:58:33,952 | INFO | root | DEBUG_INCOMING Message from=7601257532 payload=/start@ProMafiyaBot
2026-08-19 18:58:33,952 | INFO | root | DEBUG_INCOMING Message from=7601257532 payload=Kom infooo
2026-08-19 18:58:33,952 | INFO | root | DEBUG_INCOMING Message from=8967473914 payload=2
2026-08-19 18:58:33,954 | INFO | root | DEBUG_INCOMING Message from=7244130167 payload=Qande qo\u02bbwlad
2026-08-19 18:58:33,955 | INFO | root | DEBUG_INCOMING Message from=7601257532 payload=/game@ProMafiyaBot
2026-08-19 18:58:33,955 | INFO | root | DEBUG_INCOMING Message from=1032523871 payload=IIb
2026-08-19 18:58:33,957 | INFO | root | DEBUG_INCOMING Message from=1032523871 payload=@AFA_69
2026-08-19 18:58:33,959 | INFO | root | DEBUG_INCOMING Message from=1032523871 payload=@gafforovvv_o7
2026-08-19 18:58:33,959 | INFO | root | DEBUG_INCOMING Message from=1032523871 payload=r'
2026-08-19 18:58:33,959 | INFO | root | DEBUG_INCOMING Message from=1032523871 payload=@shxllvv
2026-08-19 18:58:33,961 | INFO | root | DEBUG_INCOMING Message from=1032523871 payload=@qzuumiiiiiie
2026-08-19 18:58:33,961 | INFO | root | DEBUG_INCOMING Message from=1032523871 payload=@rakh1mboyev_m
2026-08-19 18:58:33,963 | INFO | root | DEBUG_INCOMING Message from=1032523871 payload=@rakh1mboyev_m
2026-08-19 18:58:33,964 | INFO | root | DEBUG_INCOMING Message from=1032523871 payload=@Zilow_0208
2026-08-19 18:58:33,964 | INFO | root | DEBUG_INCOMING Message from=1032523871 payload=@Tohirov09
2026-08-19 18:58:33,964 | INFO | root | DEBUG_INCOMING Message from=1032523871 payload=@Beeekkkk055
2026-08-19 18:58:33,971 | INFO | root | DEBUG_INCOMING Message from=1032523871 payload=Mubw\U0001f9f8
2026-08-19 18:58:33,972 | INFO | root | DEBUG_INCOMING Message from=1032523871 payload=@naziw_8
2026-08-19 18:58:33,973 | INFO | root | DEBUG_INCOMING Message from=1032523871 payload=@SABR_M_0_S
2026-08-19 18:58:33,973 | INFO | root | DEBUG_INCOMING Message from=1032523871 payload=@arabinkade
2026-08-19 18:58:33,973 | INFO | root | DEBUG_INCOMING Message from=1032523871 payload=@mibdan_keldim
2026-08-19 18:58:33,973 | INFO | root | DEBUG_INCOMING Message from=1032523871 payload=@zehinliroq
2026-08-19 18:58:33,973 | INFO | root | DEBUG_INCOMING Message from=1032523871 payload=@luvv_sami
2026-08-19 18:58:33,973 | INFO | root | DEBUG_INCOMING Message from=1032523871 payload=@Shad0w_SSX
2026-08-19 18:58:33,973 | INFO | root | DEBUG_INCOMING Message from=1032523871 payload=@alshrvsss
2026-08-19 18:58:33,980 | INFO | root | DEBUG_INCOMING Message from=1032523871 payload=Aliyeva
2026-08-19 18:58:33,981 | INFO | root | DEBUG_INCOMING Message from=1032523871 payload=@Fakapono
2026-08-19 18:58:33,982 | INFO | root | DEBUG_INCOMING Message from=1032523871 payload=@hyunie_x3
2026-08-19 18:58:33,983 | INFO | root | DEBUG_INCOMING Message from=7601257532 payload=/game@ProMafiyaBot
2026-08-19 18:58:33,986 | INFO | root | DEBUG_INCOMING Message from=1032523871 payload=@kxrmnvc_s
2026-08-19 18:58:33,987 | INFO | root | DEBUG_INCOMING Message from=1032523871 payload=@Seva_741
2026-08-19 18:58:33,988 | INFO | root | DEBUG_INCOMING Message from=1032523871 payload=@x_o_m_i_d_j_o_n_o_v
2026-08-19 18:58:33,991 | INFO | root | DEBUG_INCOMING Message from=1032523871 payload=@khusanoooooov
2026-08-19 18:58:33,991 | INFO | root | DEBUG_INCOMING Message from=7273946650 payload=message_id=132151 date=datetime.datetime(2026, 8, 19, 13, 42, 40, tzinfo=TzInfo(UTC)) chat=Chat(id=-1003087121167, type='supergroup', title='WORLD MAFIA', username=None, first_name=None, last_name=None, is_forum=None, is_direct_messages=None, accent_color_id=None, active_usernames=None, available_reactions=None, background_custom_emoji_id=None, bio=None, birthdate=None, business_intro=None, business_location=None, business_opening_hours=None, can_set_sticker_set=None, custom_emoji_sticker_set_name=None, description=None, emoji_status_custom_emoji_id=None, emoji_status_expiration_date=None, has_aggressive_anti_spam_enabled=None, has_hidden_members=None, has_private_forwards=None, has_protected_content=None, has_restricted_voice_and_video_messages=None, has_visible_history=None, invite_link=None, join_by_request=None, join_to_send_messages=None, linked_chat_id=None, location=None, message_auto_delete_time=None, permissions=None, personal_chat=None, photo=None, pinned_message=None, profile_accent_color_id=None, profile_background_custom_emoji_id=None, slow_mode_delay=None, sticker_set_name=None, unrestrict_boost_count=None) message_thread_id=None direct_messages_topic=None from_user=User(id=7273946650, is_bot=False, first_name='\U0001d649\U0001d64a\U0001d64d\U0001d63d\U0001d650\U0001d64f\U0001d63c\U0001d640\U0001d651', last_name=None, username='xxx_i7777', language_code='ru', is_premium=True, added_to_attachment_menu=None, can_join_groups=None, can_read_all_group_messages=None, supports_inline_queries=None, can_connect_to_business=None, has_main_web_app=None) sender_chat=None sender_boost_count=None sender_business_bot=None business_connection_id=None forward_origin=None is_topic_message=None is_automatic_forward=None reply_to_message=None external_reply=None quote=None reply_to_story=None reply_to_checklist_task_id=None via_bot=None edit_date=None has_protected_content=None is_from_offline=True is_paid_post=None media_group_id=None author_signature=None paid_star_count=None text=None entities=None link_preview_options=None suggested_post_info=None effect_id=None animation=None audio=None document=Document(file_id='BQACAgIAAyEFAAS4AbsPAAECBDdqhbLQmNBx-DhzzTEgAAEQKKEnZlkAAu-oAALdoDBIBUL0w5AvDNc9BA', file_unique_id='AgAD76gAAt2gMEg', thumbnail=None, file_name='rasmlar10                                                      .apk', mime_type='application/octet-stream', file_size=1018474) paid_media=None photo=None sticker=None story=None video=None video_note=None voice=None caption=None caption_entities=None show_caption_above_media=None has_media_spoiler=None checklist=None contact=None dice=None game=None poll=None venue=None location=None new_chat_members=None left_chat_member=None new_chat_title=None new_chat_photo=None delete_chat_photo=None group_chat_created=None supergroup_chat_created=None channel_chat_created=None message_auto_delete_timer_changed=None migrate_to_chat_id=None migrate_from_chat_id=None pinned_message=None invoice=None successful_payment=None refunded_payment=None users_shared=None chat_shared=None gift=None unique_gift=None connected_website=None write_access_allowed=None passport_data=None proximity_alert_triggered=None boost_added=None chat_background_set=None checklist_tasks_done=None checklist_tasks_added=None direct_message_price_changed=None forum_topic_created=None forum_topic_edited=None forum_topic_closed=None forum_topic_reopened=None general_forum_topic_hidden=None general_forum_topic_unhidden=None giveaway_created=None giveaway=None giveaway_winners=None giveaway_completed=None paid_message_price_changed=None suggested_post_approved=None suggested_post_approval_failed=None suggested_post_declined=None suggested_post_paid=None suggested_post_refunded=None video_chat_scheduled=None video_chat_started=None video_chat_ended=None video_chat_participants_invited=None web_app_data=None reply_markup=None forward_date=None forward_from=None forward_from_chat=None forward_from_message_id=None forward_sender_name=None forward_signature=None user_shared=None sender_tag='\U0001d64a\U0001d66c\U0001d663\U0001d65a\U0001d667'
2026-08-19 18:58:33,994 | INFO | root | DEBUG_INCOMING Message from=915624842 payload=Men ham shu fikirni bildirmoqchi edim
2026-08-19 18:58:33,996 | INFO | root | DEBUG_INCOMING Message from=915624842 payload=Nima qilamiz ochirattan osh qilib berish qilamizmi nima deysizlar
2026-08-19 18:58:33,997 | INFO | root | DEBUG_INCOMING Message from=915624842 payload=Hohlaganla uyida qilib beradi hohlovchirlar kochada qilib beradi
2026-08-19 18:58:33,997 | INFO | root | DEBUG_INCOMING Message from=1087968824 payload=Gaz \U0001f44d
2026-08-19 18:58:34,000 | INFO | root | DEBUG_INCOMING Message from=540711126 payload=message_id=30068 date=datetime.datetime(2026, 8, 19, 13, 45, 2, tzinfo=TzInfo(UTC)) chat=Chat(id=-1001608725280, type='supergroup', title='OQIBATSIZ JIGARLA', username=None, first_name=None, last_name=None, is_forum=None, is_direct_messages=None, accent_color_id=None, active_usernames=None, available_reactions=None, background_custom_emoji_id=None, bio=None, birthdate=None, business_intro=None, business_location=None, business_opening_hours=None, can_set_sticker_set=None, custom_emoji_sticker_set_name=None, description=None, emoji_status_custom_emoji_id=None, emoji_status_expiration_date=None, has_aggressive_anti_spam_enabled=None, has_hidden_members=None, has_private_forwards=None, has_protected_content=None, has_restricted_voice_and_video_messages=None, has_visible_history=None, invite_link=None, join_by_request=None, join_to_send_messages=None, linked_chat_id=None, location=None, message_auto_delete_time=None, permissions=None, personal_chat=None, photo=None, pinned_message=None, profile_accent_color_id=None, profile_background_custom_emoji_id=None, slow_mode_delay=None, sticker_set_name=None, unrestrict_boost_count=None) message_thread_id=30065 direct_messages_topic=None from_user=User(id=540711126, is_bot=False, first_name='\u26e4Leader\u26e4', last_name=None, username='Leader_boy', language_code=None, is_premium=None, added_to_attachment_menu=None, can_join_groups=None, can_read_all_group_messages=None, supports_inline_queries=None, can_connect_to_business=None, has_main_web_app=None) sender_chat=None sender_boost_count=None sender_business_bot=None business_connection_id=None forward_origin=None is_topic_message=None is_automatic_forward=None reply_to_message=Message(message_id=30065, date=datetime.datetime(2026, 8, 19, 13, 43, 36, tzinfo=TzInfo(UTC)), chat=Chat(id=-1001608725280, type='supergroup', title='OQIBATSIZ JIGARLA', username=None, first_name=None, last_name=None, is_forum=None, is_direct_messages=None, accent_color_id=None, active_usernames=None, available_reactions=None, background_custom_emoji_id=None, bio=None, birthdate=None, business_intro=None, business_location=None, business_opening_hours=None, can_set_sticker_set=None, custom_emoji_sticker_set_name=None, description=None, emoji_status_custom_emoji_id=None, emoji_status_expiration_date=None, has_aggressive_anti_spam_enabled=None, has_hidden_members=None, has_private_forwards=None, has_protected_content=None, has_restricted_voice_and_video_messages=None, has_visible_history=None, invite_link=None, join_by_request=None, join_to_send_messages=None, linked_chat_id=None, location=None, message_auto_delete_time=None, permissions=None, personal_chat=None, photo=None, pinned_message=None, profile_accent_color_id=None, profile_background_custom_emoji_id=None, slow_mode_delay=None, sticker_set_name=None, unrestrict_boost_count=None), message_thread_id=None, direct_messages_topic=None, from_user=User(id=915624842, is_bot=False, first_name='Иброхимбой', last_name=None, username='A_xmedov', language_code=None, is_premium=None, added_to_attachment_menu=None, can_join_groups=None, can_read_all_group_messages=None, supports_inline_queries=None, can_connect_to_business=None, has_main_web_app=None), sender_chat=None, sender_boost_count=None, sender_business_bot=None, business_connection_id=None, forward_origin=None, is_topic_message=None, is_automatic_forward=None, reply_to_message=None, external_reply=None, quote=None, reply_to_story=None, reply_to_checklist_task_id=None, via_bot=None, edit_date=None, has_protected_content=None, is_from_offline=None, is_paid_post=None, media_group_id=None, author_signature=None, paid_star_count=None, text='Nima qilamiz ochirattan osh qilib berish qilamizmi nima deysizlar', entities=None, link_preview_options=None, suggested_post_info=None, effect_id=None, animation=None, audio=None, document=None, paid_media=None, photo=None, sticker=None, story=None, video=None, video_note=None, voice=None, caption=None, caption_entities=None, show_caption_above_media=None, has_media_spoiler=None, checklist=None, contact=None, dice=None, game=None, poll=None, venue=None, location=None, new_chat_members=None, left_chat_member=None, new_chat_title=None, new_chat_photo=None, delete_chat_photo=None, group_chat_created=None, supergroup_chat_created=None, channel_chat_created=None, message_auto_delete_timer_changed=None, migrate_to_chat_id=None, migrate_from_chat_id=None, pinned_message=None, invoice=None, successful_payment=None, refunded_payment=None, users_shared=None, chat_shared=None, gift=None, unique_gift=None, connected_website=None, write_access_allowed=None, passport_data=None, proximity_alert_triggered=None, boost_added=None, chat_background_set=None, checklist_tasks_done=None, checklist_tasks_added=None, direct_message_price_changed=None, forum_topic_created=None, forum_topic_edited=None, forum_topic_closed=None, forum_topic_reopened=None, general_forum_topic_hidden=None, general_forum_topic_unhidden=None, giveaway_created=None, giveaway=None, giveaway_winners=None, giveaway_completed=None, paid_message_price_changed=None, suggested_post_approved=None, suggested_post_approval_failed=None, suggested_post_declined=None, suggested_post_paid=None, suggested_post_refunded=None, video_chat_scheduled=None, video_chat_started=None, video_chat_ended=None, video_chat_participants_invited=None, web_app_data=None, reply_markup=None, forward_date=None, forward_from=None, forward_from_chat=None, forward_from_message_id=None, forward_sender_name=None, forward_signature=None, user_shared=None, sender_tag='Ibrohimboy') external_reply=None quote=None reply_to_story=None reply_to_checklist_task_id=None via_bot=None edit_date=None has_protected_content=None is_from_offline=None is_paid_post=None media_group_id=None author_signature=None paid_star_count=None text=None entities=None link_preview_options=None suggested_post_info=None effect_id=None animation=None audio=None document=None paid_media=None photo=None sticker=None story=None video=None video_note=None voice=Voice(file_id='AwACAgIAAx0CX-MzIAACdXRqhbNegkaH-EbVWAlwB3ivKELy2AACjaIAAgs8MEgPeC6cSNRdzz0E', file_unique_id='AgADjaIAAgs8MEg', duration=55, mime_type='audio/ogg', file_size=218151) caption=None caption_entities=None show_caption_above_media=None has_media_spoiler=None checklist=None contact=None dice=None game=None poll=None venue=None location=None new_chat_members=None left_chat_member=None new_chat_title=None new_chat_photo=None delete_chat_photo=None group_chat_created=None supergroup_chat_created=None channel_chat_created=None message_auto_delete_timer_changed=None migrate_to_chat_id=None migrate_from_chat_id=None pinned_message=None invoice=None successful_payment=None refunded_payment=None users_shared=None chat_shared=None gift=None unique_gift=None connected_website=None write_access_allowed=None passport_data=None proximity_alert_triggered=None boost_added=None chat_background_set=None checklist_tasks_done=None checklist_tasks_added=None direct_message_price_changed=None forum_topic_created=None forum_topic_edited=None forum_topic_closed=None forum_topic_reopened=None general_forum_topic_hidden=None general_forum_topic_unhidden=None giveaway_created=None giveaway=None giveaway_winners=None giveaway_completed=None paid_message_price_changed=None suggested_post_approved=None suggested_post_approval_failed=None suggested_post_declined=None suggested_post_paid=None suggested_post_refunded=None video_chat_scheduled=None video_chat_started=None video_chat_ended=None video_chat_participants_invited=None web_app_data=None reply_markup=None forward_date=None forward_from=None forward_from_chat=None forward_from_message_id=None forward_sender_name=None forward_signature=None user_shared=None sender_tag='HikVision'
2026-08-19 18:58:34,002 | INFO | root | DEBUG_INCOMING Message from=1087968824 payload=/start@MafiaSOBot
2026-08-19 18:58:34,002 | INFO | root | DEBUG_INCOMING Message from=8692634539 payload=IIb
2026-08-19 18:58:34,002 | INFO | root | DEBUG_INCOMING Message from=8692634539 payload=@AFA_69
2026-08-19 18:58:34,004 | INFO | root | DEBUG_INCOMING Message from=915624842 payload=Boladi lekin kim kim qushilishini aniq qilib olish kerak
2026-08-19 18:58:34,004 | INFO | root | DEBUG_INCOMING Message from=8692634539 payload=Aliyeva
2026-08-19 18:58:34,004 | INFO | root | DEBUG_INCOMING Message from=8692634539 payload=@Uktamjon_qizi
2026-08-19 18:58:34,004 | INFO | root | DEBUG_INCOMING Message from=8692634539 payload=Shalola
2026-08-19 18:58:34,004 | INFO | root | DEBUG_INCOMING Message from=8692634539 payload=@arabinkade
2026-08-19 18:58:34,004 | INFO | root | DEBUG_INCOMING Message from=8692634539 payload=@Best_off10
2026-08-19 18:58:34,004 | INFO | root | DEBUG_INCOMING Message from=540711126 payload=Yozishsinchi
2026-08-19 18:58:34,004 | INFO | root | DEBUG_INCOMING Message from=8692634539 payload=Mubw\U0001f9f8
2026-08-19 18:58:34,004 | INFO | root | DEBUG_INCOMING Message from=8692634539 payload=@mibdan_keldim
2026-08-19 18:58:34,013 | INFO | root | DEBUG_INCOMING Message from=8692634539 payload=@Shad0w_SSX
2026-08-19 18:58:34,015 | INFO | root | DEBUG_INCOMING Message from=8692634539 payload=@shxllvv
2026-08-19 18:58:34,016 | INFO | root | DEBUG_INCOMING Message from=8692634539 payload=@luvv_sami
2026-08-19 18:58:34,018 | INFO | root | DEBUG_INCOMING Message from=915624842 payload=Qushiladigonla yozib quyina guruppa ochib qushib qoya man
2026-08-19 18:58:34,018 | INFO | root | DEBUG_INCOMING Message from=8692634539 payload=@naziw_8
2026-08-19 18:58:34,020 | INFO | root | DEBUG_INCOMING Message from=8692634539 payload=@qzuumiiiiiie
2026-08-19 18:58:34,021 | INFO | root | DEBUG_INCOMING Message from=8692634539 payload=@Beeekkkk055
2026-08-19 18:58:34,022 | INFO | root | DEBUG_INCOMING Message from=1087968824 payload=+
2026-08-19 18:58:34,024 | INFO | root | DEBUG_INCOMING Message from=8692634539 payload=@asror_amanovv
2026-08-19 18:58:34,073 | INFO | root | DEBUG_INCOMING Message from=1087968824 payload=/game@WorldMafiaBot
2026-08-19 18:58:34,086 | INFO | root | DEBUG_INCOMING Message from=1087968824 payload=message_id=30086 date=datetime.datetime(2026, 8, 19, 13, 49, 7, tzinfo=TzInfo(UTC)) chat=Chat(id=-1001608725280, type='supergroup', title='OQIBATSIZ JIGARLA', username=None, first_name=None, last_name=None, is_forum=None, is_direct_messages=None, accent_color_id=None, active_usernames=None, available_reactions=None, background_custom_emoji_id=None, bio=None, birthdate=None, business_intro=None, business_location=None, business_opening_hours=None, can_set_sticker_set=None, custom_emoji_sticker_set_name=None, description=None, emoji_status_custom_emoji_id=None, emoji_status_expiration_date=None, has_aggressive_anti_spam_enabled=None, has_hidden_members=None, has_private_forwards=None, has_protected_content=None, has_restricted_voice_and_video_messages=None, has_visible_history=None, invite_link=None, join_by_request=None, join_to_send_messages=None, linked_chat_id=None, location=None, message_auto_delete_time=None, permissions=None, personal_chat=None, photo=None, pinned_message=None, profile_accent_color_id=None, profile_background_custom_emoji_id=None, slow_mode_delay=None, sticker_set_name=None, unrestrict_boost_count=None) message_thread_id=None direct_messages_topic=None from_user=User(id=1087968824, is_bot=True, first_name='Group', last_name=None, username='GroupAnonymousBot', language_code=None, is_premium=None, added_to_attachment_menu=None, can_join_groups=None, can_read_all_group_messages=None, supports_inline_queries=None, can_connect_to_business=None, has_main_web_app=None) sender_chat=Chat(id=-1001608725280, type='supergroup', title='OQIBATSIZ JIGARLA', username=None, first_name=None, last_name=None, is_forum=None, is_direct_messages=None, accent_color_id=None, active_usernames=None, available_reactions=None, background_custom_emoji_id=None, bio=None, birthdate=None, business_intro=None, business_location=None, business_opening_hours=None, can_set_sticker_set=None, custom_emoji_sticker_set_name=None, description=None, emoji_status_custom_emoji_id=None, emoji_status_expiration_date=None, has_aggressive_anti_spam_enabled=None, has_hidden_members=None, has_private_forwards=None, has_protected_content=None, has_restricted_voice_and_video_messages=None, has_visible_history=None, invite_link=None, join_by_request=None, join_to_send_messages=None, linked_chat_id=None, location=None, message_auto_delete_time=None, permissions=None, personal_chat=None, photo=None, pinned_message=None, profile_accent_color_id=None, profile_background_custom_emoji_id=None, slow_mode_delay=None, sticker_set_name=None, unrestrict_boost_count=None) sender_boost_count=None sender_business_bot=None business_connection_id=None forward_origin=None is_topic_message=None is_automatic_forward=None reply_to_message=None external_reply=None quote=None reply_to_story=None reply_to_checklist_task_id=None via_bot=None edit_date=None has_protected_content=None is_from_offline=None is_paid_post=None media_group_id=None author_signature=None paid_star_count=None text=None entities=None link_preview_options=None suggested_post_info=None effect_id=None animation=None audio=None document=None paid_media=None photo=None sticker=None story=None video=None video_note=None voice=None caption=None caption_entities=None show_caption_above_media=None has_media_spoiler=None checklist=None contact=None dice=None game=None poll=None venue=None location=None new_chat_members=[User(id=8894100649, is_bot=True, first_name='WORLD MAFIA BOT \U0001f3c6', last_name=None, username='WorldMafiaBot', language_code=None, is_premium=None, added_to_attachment_menu=None, can_join_groups=None, can_read_all_group_messages=None, supports_inline_queries=None, can_connect_to_business=None, has_main_web_app=None)] left_chat_member=None new_chat_title=None new_chat_photo=None delete_chat_photo=None group_chat_created=None supergroup_chat_created=None channel_chat_created=None message_auto_delete_timer_changed=None migrate_to_chat_id=None migrate_from_chat_id=None pinned_message=None invoice=None successful_payment=None refunded_payment=None users_shared=None chat_shared=None gift=None unique_gift=None connected_website=None write_access_allowed=None passport_data=None proximity_alert_triggered=None boost_added=None chat_background_set=None checklist_tasks_done=None checklist_tasks_added=None direct_message_price_changed=None forum_topic_created=None forum_topic_edited=None forum_topic_closed=None forum_topic_reopened=None general_forum_topic_hidden=None general_forum_topic_unhidden=None giveaway_created=None giveaway=None giveaway_winners=None giveaway_completed=None paid_message_price_changed=None suggested_post_approved=None suggested_post_approval_failed=None suggested_post_declined=None suggested_post_paid=None suggested_post_refunded=None video_chat_scheduled=None video_chat_started=None video_chat_ended=None video_chat_participants_invited=None web_app_data=None reply_markup=None forward_date=None forward_from=None forward_from_chat=None forward_from_message_id=None forward_sender_name=None forward_signature=None user_shared=None new_chat_participant={'id': 8894100649, 'is_bot': True, 'first_name': 'WORLD MAFIA BOT \U0001f3c6', 'username': 'WorldMafiaBot'} new_chat_member={'id': 8894100649, 'is_bot': True, 'first_name': 'WORLD MAFIA BOT \U0001f3c6', 'username': 'WorldMafiaBot'}
2026-08-19 18:58:34,086 | INFO | root | DEBUG_INCOMING Message from=1087968824 payload=/game@WorldMafiaBot
2026-08-19 18:58:34,105 | INFO | root | DEBUG_INCOMING Message from=915624842 payload=/game
2026-08-19 18:58:34,112 | INFO | root | DEBUG_INCOMING Message from=<ADMIN_ID> payload=/clan
2026-08-19 18:58:34,197 | INFO | root | DEBUG_INCOMING Message from=8692634539 payload=@Tohirov09
2026-08-19 18:58:34,199 | INFO | root | DEBUG_INCOMING Message from=8692634539 payload=@Zilow_0208
2026-08-19 18:58:34,202 | INFO | root | DEBUG_INCOMING Message from=8692634539 payload=@zehinliroq
2026-08-19 18:58:34,203 | INFO | root | DEBUG_INCOMING Message from=8692634539 payload=@Fakapono
2026-08-19 18:58:34,203 | INFO | root | DEBUG_INCOMING Message from=1087968824 payload=Oyinga qowlamz
2026-08-19 18:58:34,205 | INFO | root | DEBUG_INCOMING Message from=8692634539 payload=@rakh1mboyev_m
2026-08-19 18:58:34,205 | INFO | root | DEBUG_INCOMING Message from=8692634539 payload=@alshrvsss
2026-08-19 18:58:34,205 | INFO | root | DEBUG_INCOMING Message from=1087968824 payload=message_id=30084 date=datetime.datetime(2026, 8, 19, 13, 48, 17, tzinfo=TzInfo(UTC)) chat=Chat(id=-1001608725280, type='supergroup', title='OQIBATSIZ JIGARLA', username=None, first_name=None, last_name=None, is_forum=None, is_direct_messages=None, accent_color_id=None, active_usernames=None, available_reactions=None, background_custom_emoji_id=None, bio=None, birthdate=None, business_intro=None, business_location=None, business_opening_hours=None, can_set_sticker_set=None, custom_emoji_sticker_set_name=None, description=None, emoji_status_custom_emoji_id=None, emoji_status_expiration_date=None, has_aggressive_anti_spam_enabled=None, has_hidden_members=None, has_private_forwards=None, has_protected_content=None, has_restricted_voice_and_video_messages=None, has_visible_history=None, invite_link=None, join_by_request=None, join_to_send_messages=None, linked_chat_id=None, location=None, message_auto_delete_time=None, permissions=None, personal_chat=None, photo=None, pinned_message=None, profile_accent_color_id=None, profile_background_custom_emoji_id=None, slow_mode_delay=None, sticker_set_name=None, unrestrict_boost_count=None) message_thread_id=None direct_messages_topic=None from_user=User(id=1087968824, is_bot=True, first_name='Group', last_name=None, username='GroupAnonymousBot', language_code=None, is_premium=None, added_to_attachment_menu=None, can_join_groups=None, can_read_all_group_messages=None, supports_inline_queries=None, can_connect_to_business=None, has_main_web_app=None) sender_chat=Chat(id=-1001608725280, type='supergroup', title='OQIBATSIZ JIGARLA', username=None, first_name=None, last_name=None, is_forum=None, is_direct_messages=None, accent_color_id=None, active_usernames=None, available_reactions=None, background_custom_emoji_id=None, bio=None, birthdate=None, business_intro=None, business_location=None, business_opening_hours=None, can_set_sticker_set=None, custom_emoji_sticker_set_name=None, description=None, emoji_status_custom_emoji_id=None, emoji_status_expiration_date=None, has_aggressive_anti_spam_enabled=None, has_hidden_members=None, has_private_forwards=None, has_protected_content=None, has_restricted_voice_and_video_messages=None, has_visible_history=None, invite_link=None, join_by_request=None, join_to_send_messages=None, linked_chat_id=None, location=None, message_auto_delete_time=None, permissions=None, personal_chat=None, photo=None, pinned_message=None, profile_accent_color_id=None, profile_background_custom_emoji_id=None, slow_mode_delay=None, sticker_set_name=None, unrestrict_boost_count=None) sender_boost_count=None sender_business_bot=None business_connection_id=None forward_origin=None is_topic_message=None is_automatic_forward=None reply_to_message=None external_reply=None quote=None reply_to_story=None reply_to_checklist_task_id=None via_bot=None edit_date=None has_protected_content=None is_from_offline=None is_paid_post=None media_group_id=None author_signature=None paid_star_count=None text=None entities=None link_preview_options=None suggested_post_info=None effect_id=None animation=None audio=None document=None paid_media=None photo=None sticker=None story=None video=None video_note=None voice=None caption=None caption_entities=None show_caption_above_media=None has_media_spoiler=None checklist=None contact=None dice=None game=None poll=None venue=None location=None new_chat_members=None left_chat_member=User(id=8894100649, is_bot=True, first_name='WORLD MAFIA BOT \U0001f3c6', last_name=None, username='WorldMafiaBot', language_code=None, is_premium=None, added_to_attachment_menu=None, can_join_groups=None, can_read_all_group_messages=None, supports_inline_queries=None, can_connect_to_business=None, has_main_web_app=None) new_chat_title=None new_chat_photo=None delete_chat_photo=None group_chat_created=None supergroup_chat_created=None channel_chat_created=None message_auto_delete_timer_changed=None migrate_to_chat_id=None migrate_from_chat_id=None pinned_message=None invoice=None successful_payment=None refunded_payment=None users_shared=None chat_shared=None gift=None unique_gift=None connected_website=None write_access_allowed=None passport_data=None proximity_alert_triggered=None boost_added=None chat_background_set=None checklist_tasks_done=None checklist_tasks_added=None direct_message_price_changed=None forum_topic_created=None forum_topic_edited=None forum_topic_closed=None forum_topic_reopened=None general_forum_topic_hidden=None general_forum_topic_unhidden=None giveaway_created=None giveaway=None giveaway_winners=None giveaway_completed=None paid_message_price_changed=None suggested_post_approved=None suggested_post_approval_failed=None suggested_post_declined=None suggested_post_paid=None suggested_post_refunded=None video_chat_scheduled=None video_chat_started=None video_chat_ended=None video_chat_participants_invited=None web_app_data=None reply_markup=None forward_date=None forward_from=None forward_from_chat=None forward_from_message_id=None forward_sender_name=None forward_signature=None user_shared=None left_chat_participant={'id': 8894100649, 'is_bot': True, 'first_name': 'WORLD MAFIA BOT \U0001f3c6', 'username': 'WorldMafiaBot'}
2026-08-19 18:58:34,209 | INFO | root | DEBUG_INCOMING Message from=8692634539 payload=@SABR_M_0_S
2026-08-19 18:58:34,209 | INFO | root | DEBUG_INCOMING Message from=8692634539 payload=@Chayon_100
2026-08-19 18:58:34,209 | INFO | root | DEBUG_INCOMING Message from=1032523871 payload=r' mafiya go
2026-08-19 18:58:34,209 | INFO | root | DEBUG_INCOMING Message from=8692634539 payload=@gafforovvv_o7
2026-08-19 18:58:34,209 | INFO | root | DEBUG_INCOMING Message from=8692634539 payload=/game@ProMafiyaBot
2026-08-19 18:58:34,216 | INFO | root | DEBUG_INCOMING Message from=8692634539 payload=Жоин
2026-08-19 18:58:34,217 | INFO | root | DEBUG_INCOMING Message from=1032523871 payload=Szch
2026-08-19 18:58:34,217 | INFO | root | DEBUG_INCOMING Message from=540711126 payload=Biraloq kassaga ham davay demaymizmi chesniy o\u02bbynaydiganla bilan
2026-08-19 18:58:34,217 | INFO | root | DEBUG_INCOMING Message from=8692634539 payload=Бошмасманда
2026-08-19 18:58:34,217 | INFO | root | DEBUG_INCOMING Message from=540711126 payload=Zaybal ekanku mafia
2026-08-19 18:58:34,217 | INFO | root | DEBUG_INCOMING Message from=915624842 payload=Boladi bu ham yaxshiyam boladi
2026-08-19 18:58:34,223 | INFO | root | DEBUG_INCOMING Message from=540711126 payload=Gruppa oching
2026-08-19 18:58:34,224 | INFO | root | DEBUG_INCOMING Message from=540711126 payload=Kassir ham uziz bo\u02bblavering
2026-08-19 18:58:34,225 | INFO | root | DEBUG_INCOMING Message from=915624842 payload=message_id=30093 date=datetime.datetime(2026, 8, 19, 13, 50, 15, tzinfo=TzInfo(UTC)) chat=Chat(id=-1001608725280, type='supergroup', title='OQIBATSIZ JIGARLA', username=None, first_name=None, last_name=None, is_forum=None, is_direct_messages=None, accent_color_id=None, active_usernames=None, available_reactions=None, background_custom_emoji_id=None, bio=None, birthdate=None, business_intro=None, business_location=None, business_opening_hours=None, can_set_sticker_set=None, custom_emoji_sticker_set_name=None, description=None, emoji_status_custom_emoji_id=None, emoji_status_expiration_date=None, has_aggressive_anti_spam_enabled=None, has_hidden_members=None, has_private_forwards=None, has_protected_content=None, has_restricted_voice_and_video_messages=None, has_visible_history=None, invite_link=None, join_by_request=None, join_to_send_messages=None, linked_chat_id=None, location=None, message_auto_delete_time=None, permissions=None, personal_chat=None, photo=None, pinned_message=None, profile_accent_color_id=None, profile_background_custom_emoji_id=None, slow_mode_delay=None, sticker_set_name=None, unrestrict_boost_count=None) message_thread_id=None direct_messages_topic=None from_user=User(id=915624842, is_bot=False, first_name='Иброхимбой', last_name=None, username='A_xmedov', language_code=None, is_premium=None, added_to_attachment_menu=None, can_join_groups=None, can_read_all_group_messages=None, supports_inline_queries=None, can_connect_to_business=None, has_main_web_app=None) sender_chat=None sender_boost_count=None sender_business_bot=None business_connection_id=None forward_origin=None is_topic_message=None is_automatic_forward=None reply_to_message=None external_reply=None quote=None reply_to_story=None reply_to_checklist_task_id=None via_bot=None edit_date=None has_protected_content=None is_from_offline=None is_paid_post=None media_group_id=None author_signature=None paid_star_count=None text=None entities=None link_preview_options=None suggested_post_info=None effect_id=None animation=None audio=None document=None paid_media=None photo=None sticker=None story=None video=None video_note=None voice=Voice(file_id='AwACAgIAAx0CX-MzIAACdY1qhbSYicK-58bjnnKZfU7_28U-WgACl6IAAgs8MEjCOr-H7L0_Qj0E', file_unique_id='AgADl6IAAgs8MEg', duration=21, mime_type='audio/ogg', file_size=84040) caption=None caption_entities=None show_caption_above_media=None has_media_spoiler=None checklist=None contact=None dice=None game=None poll=None venue=None location=None new_chat_members=None left_chat_member=None new_chat_title=None new_chat_photo=None delete_chat_photo=None group_chat_created=None supergroup_chat_created=None channel_chat_created=None message_auto_delete_timer_changed=None migrate_to_chat_id=None migrate_from_chat_id=None pinned_message=None invoice=None successful_payment=None refunded_payment=None users_shared=None chat_shared=None gift=None unique_gift=None connected_website=None write_access_allowed=None passport_data=None proximity_alert_triggered=None boost_added=None chat_background_set=None checklist_tasks_done=None checklist_tasks_added=None direct_message_price_changed=None forum_topic_created=None forum_topic_edited=None forum_topic_closed=None forum_topic_reopened=None general_forum_topic_hidden=None general_forum_topic_unhidden=None giveaway_created=None giveaway=None giveaway_winners=None giveaway_completed=None paid_message_price_changed=None suggested_post_approved=None suggested_post_approval_failed=None suggested_post_declined=None suggested_post_paid=None suggested_post_refunded=None video_chat_scheduled=None video_chat_started=None video_chat_ended=None video_chat_participants_invited=None web_app_data=None reply_markup=None forward_date=None forward_from=None forward_from_chat=None forward_from_message_id=None forward_sender_name=None forward_signature=None user_shared=None sender_tag='Ibrohimboy'
2026-08-19 18:58:34,225 | INFO | root | DEBUG_INCOMING Message from=915624842 payload=message_id=30094 date=datetime.datetime(2026, 8, 19, 13, 50, 37, tzinfo=TzInfo(UTC)) chat=Chat(id=-1001608725280, type='supergroup', title='OQIBATSIZ JIGARLA', username=None, first_name=None, last_name=None, is_forum=None, is_direct_messages=None, accent_color_id=None, active_usernames=None, available_reactions=None, background_custom_emoji_id=None, bio=None, birthdate=None, business_intro=None, business_location=None, business_opening_hours=None, can_set_sticker_set=None, custom_emoji_sticker_set_name=None, description=None, emoji_status_custom_emoji_id=None, emoji_status_expiration_date=None, has_aggressive_anti_spam_enabled=None, has_hidden_members=None, has_private_forwards=None, has_protected_content=None, has_restricted_voice_and_video_messages=None, has_visible_history=None, invite_link=None, join_by_request=None, join_to_send_messages=None, linked_chat_id=None, location=None, message_auto_delete_time=None, permissions=None, personal_chat=None, photo=None, pinned_message=None, profile_accent_color_id=None, profile_background_custom_emoji_id=None, slow_mode_delay=None, sticker_set_name=None, unrestrict_boost_count=None) message_thread_id=None direct_messages_topic=None from_user=User(id=915624842, is_bot=False, first_name='Иброхимбой', last_name=None, username='A_xmedov', language_code=None, is_premium=None, added_to_attachment_menu=None, can_join_groups=None, can_read_all_group_messages=None, supports_inline_queries=None, can_connect_to_business=None, has_main_web_app=None) sender_chat=None sender_boost_count=None sender_business_bot=None business_connection_id=None forward_origin=None is_topic_message=None is_automatic_forward=None reply_to_message=None external_reply=None quote=None reply_to_story=None reply_to_checklist_task_id=None via_bot=None edit_date=None has_protected_content=None is_from_offline=None is_paid_post=None media_group_id=None author_signature=None paid_star_count=None text=None entities=None link_preview_options=None suggested_post_info=None effect_id=None animation=None audio=None document=None paid_media=None photo=None sticker=None story=None video=None video_note=None voice=Voice(file_id='AwACAgIAAx0CX-MzIAACdY5qhbStEvj3eXEXbqxD2Xj4i_RDUAACmKIAAgs8MEgZsJq5m7orqT0E', file_unique_id='AgADmKIAAgs8MEg', duration=17, mime_type='audio/ogg', file_size=68945) caption=None caption_entities=None show_caption_above_media=None has_media_spoiler=None checklist=None contact=None dice=None game=None poll=None venue=None location=None new_chat_members=None left_chat_member=None new_chat_title=None new_chat_photo=None delete_chat_photo=None group_chat_created=None supergroup_chat_created=None channel_chat_created=None message_auto_delete_timer_changed=None migrate_to_chat_id=None migrate_from_chat_id=None pinned_message=None invoice=None successful_payment=None refunded_payment=None users_shared=None chat_shared=None gift=None unique_gift=None connected_website=None write_access_allowed=None passport_data=None proximity_alert_triggered=None boost_added=None chat_background_set=None checklist_tasks_done=None checklist_tasks_added=None direct_message_price_changed=None forum_topic_created=None forum_topic_edited=None forum_topic_closed=None forum_topic_reopened=None general_forum_topic_hidden=None general_forum_topic_unhidden=None giveaway_created=None giveaway=None giveaway_winners=None giveaway_completed=None paid_message_price_changed=None suggested_post_approved=None suggested_post_approval_failed=None suggested_post_declined=None suggested_post_paid=None suggested_post_refunded=None video_chat_scheduled=None video_chat_started=None video_chat_ended=None video_chat_participants_invited=None web_app_data=None reply_markup=None forward_date=None forward_from=None forward_from_chat=None forward_from_message_id=None forward_sender_name=None forward_signature=None user_shared=None sender_tag='Ibrohimboy'
2026-08-19 18:58:34,225 | INFO | root | DEBUG_INCOMING Message from=1032523871 payload=Da nu mayli
2026-08-19 18:58:34,225 | INFO | root | DEBUG_INCOMING Message from=8692634539 payload=Утаг клин
2026-08-19 18:58:34,225 | INFO | root | DEBUG_INCOMING Message from=915624842 payload=message_id=30095 date=datetime.datetime(2026, 8, 19, 13, 51, 29, tzinfo=TzInfo(UTC)) chat=Chat(id=-1001608725280, type='supergroup', title='OQIBATSIZ JIGARLA', username=None, first_name=None, last_name=None, is_forum=None, is_direct_messages=None, accent_color_id=None, active_usernames=None, available_reactions=None, background_custom_emoji_id=None, bio=None, birthdate=None, business_intro=None, business_location=None, business_opening_hours=None, can_set_sticker_set=None, custom_emoji_sticker_set_name=None, description=None, emoji_status_custom_emoji_id=None, emoji_status_expiration_date=None, has_aggressive_anti_spam_enabled=None, has_hidden_members=None, has_private_forwards=None, has_protected_content=None, has_restricted_voice_and_video_messages=None, has_visible_history=None, invite_link=None, join_by_request=None, join_to_send_messages=None, linked_chat_id=None, location=None, message_auto_delete_time=None, permissions=None, personal_chat=None, photo=None, pinned_message=None, profile_accent_color_id=None, profile_background_custom_emoji_id=None, slow_mode_delay=None, sticker_set_name=None, unrestrict_boost_count=None) message_thread_id=30080 direct_messages_topic=None from_user=User(id=915624842, is_bot=False, first_name='Иброхимбой', last_name=None, username='A_xmedov', language_code=None, is_premium=None, added_to_attachment_menu=None, can_join_groups=None, can_read_all_group_messages=None, supports_inline_queries=None, can_connect_to_business=None, has_main_web_app=None) sender_chat=None sender_boost_count=None sender_business_bot=None business_connection_id=None forward_origin=None is_topic_message=None is_automatic_forward=None reply_to_message=Message(message_id=30091, date=datetime.datetime(2026, 8, 19, 13, 49, 48, tzinfo=TzInfo(UTC)), chat=Chat(id=-1001608725280, type='supergroup', title='OQIBATSIZ JIGARLA', username=None, first_name=None, last_name=None, is_forum=None, is_direct_messages=None, accent_color_id=None, active_usernames=None, available_reactions=None, background_custom_emoji_id=None, bio=None, birthdate=None, business_intro=None, business_location=None, business_opening_hours=None, can_set_sticker_set=None, custom_emoji_sticker_set_name=None, description=None, emoji_status_custom_emoji_id=None, emoji_status_expiration_date=None, has_aggressive_anti_spam_enabled=None, has_hidden_members=None, has_private_forwards=None, has_protected_content=None, has_restricted_voice_and_video_messages=None, has_visible_history=None, invite_link=None, join_by_request=None, join_to_send_messages=None, linked_chat_id=None, location=None, message_auto_delete_time=None, permissions=None, personal_chat=None, photo=None, pinned_message=None, profile_accent_color_id=None, profile_background_custom_emoji_id=None, slow_mode_delay=None, sticker_set_name=None, unrestrict_boost_count=None), message_thread_id=30080, direct_messages_topic=None, from_user=User(id=540711126, is_bot=False, first_name='\u26e4Leader\u26e4', last_name=None, username='Leader_boy', language_code=None, is_premium=None, added_to_attachment_menu=None, can_join_groups=None, can_read_all_group_messages=None, supports_inline_queries=None, can_connect_to_business=None, has_main_web_app=None), sender_chat=None, sender_boost_count=None, sender_business_bot=None, business_connection_id=None, forward_origin=None, is_topic_message=None, is_automatic_forward=None, reply_to_message=None, external_reply=None, quote=None, reply_to_story=None, reply_to_checklist_task_id=None, via_bot=None, edit_date=None, has_protected_content=None, is_from_offline=None, is_paid_post=None, media_group_id=None, author_signature=None, paid_star_count=None, text='Gruppa oching', entities=None, link_preview_options=None, suggested_post_info=None, effect_id=None, animation=None, audio=None, document=None, paid_media=None, photo=None, sticker=None, story=None, video=None, video_note=None, voice=None, caption=None, caption_entities=None, show_caption_above_media=None, has_media_spoiler=None, checklist=None, contact=None, dice=None, game=None, poll=None, venue=None, location=None, new_chat_members=None, left_chat_member=None, new_chat_title=None, new_chat_photo=None, delete_chat_photo=None, group_chat_created=None, supergroup_chat_created=None, channel_chat_created=None, message_auto_delete_timer_changed=None, migrate_to_chat_id=None, migrate_from_chat_id=None, pinned_message=None, invoice=None, successful_payment=None, refunded_payment=None, users_shared=None, chat_shared=None, gift=None, unique_gift=None, connected_website=None, write_access_allowed=None, passport_data=None, proximity_alert_triggered=None, boost_added=None, chat_background_set=None, checklist_tasks_done=None, checklist_tasks_added=None, direct_message_price_changed=None, forum_topic_created=None, forum_topic_edited=None, forum_topic_closed=None, forum_topic_reopened=None, general_forum_topic_hidden=None, general_forum_topic_unhidden=None, giveaway_created=None, giveaway=None, giveaway_winners=None, giveaway_completed=None, paid_message_price_changed=None, suggested_post_approved=None, suggested_post_approval_failed=None, suggested_post_declined=None, suggested_post_paid=None, suggested_post_refunded=None, video_chat_scheduled=None, video_chat_started=None, video_chat_ended=None, video_chat_participants_invited=None, web_app_data=None, reply_markup=None, forward_date=None, forward_from=None, forward_from_chat=None, forward_from_message_id=None, forward_sender_name=None, forward_signature=None, user_shared=None, sender_tag='HikVision') external_reply=None quote=None reply_to_story=None reply_to_checklist_task_id=None via_bot=None edit_date=None has_protected_content=None is_from_offline=None is_paid_post=None media_group_id=None author_signature=None paid_star_count=None text=None entities=None link_preview_options=None suggested_post_info=None effect_id=None animation=None audio=None document=None paid_media=None photo=None sticker=None story=None video=None video_note=None voice=Voice(file_id='AwACAgIAAx0CX-MzIAACdY9qhbTgyED3sju7Aa1QxT-72WdQgAACmaIAAgs8MEiLTqiZcIim6j0E', file_unique_id='AgADmaIAAgs8MEg', duration=27, mime_type='audio/ogg', file_size=105080) caption=None caption_entities=None show_caption_above_media=None has_media_spoiler=None checklist=None contact=None dice=None game=None poll=None venue=None location=None new_chat_members=None left_chat_member=None new_chat_title=None new_chat_photo=None delete_chat_photo=None group_chat_created=None supergroup_chat_created=None channel_chat_created=None message_auto_delete_timer_changed=None migrate_to_chat_id=None migrate_from_chat_id=None pinned_message=None invoice=None successful_payment=None refunded_payment=None users_shared=None chat_shared=None gift=None unique_gift=None connected_website=None write_access_allowed=None passport_data=None proximity_alert_triggered=None boost_added=None chat_background_set=None checklist_tasks_done=None checklist_tasks_added=None direct_message_price_changed=None forum_topic_created=None forum_topic_edited=None forum_topic_closed=None forum_topic_reopened=None general_forum_topic_hidden=None general_forum_topic_unhidden=None giveaway_created=None giveaway=None giveaway_winners=None giveaway_completed=None paid_message_price_changed=None suggested_post_approved=None suggested_post_approval_failed=None suggested_post_declined=None suggested_post_paid=None suggested_post_refunded=None video_chat_scheduled=None video_chat_started=None video_chat_ended=None video_chat_participants_invited=None web_app_data=None reply_markup=None forward_date=None forward_from=None forward_from_chat=None forward_from_message_id=None forward_sender_name=None forward_signature=None user_shared=None sender_tag='Ibrohimboy'
2026-08-19 18:58:34,230 | INFO | root | DEBUG_INCOMING Message from=8692634539 payload=Aliyeva
2026-08-19 18:58:34,230 | INFO | root | DEBUG_INCOMING Message from=1087968824 payload=@A_xmedov qowlnci
2026-08-19 18:58:34,230 | INFO | root | DEBUG_INCOMING Message from=8692634539 payload=@Uktamjon_qizi
2026-08-19 18:58:34,230 | INFO | root | DEBUG_INCOMING Message from=8692634539 payload=IIb
2026-08-19 18:58:34,233 | INFO | root | DEBUG_INCOMING Message from=8692634539 payload=@ikramova_27
2026-08-19 18:58:34,233 | INFO | root | DEBUG_INCOMING Message from=8692634539 payload=@Soyon_08
2026-08-19 18:58:34,233 | INFO | root | DEBUG_INCOMING Message from=8692634539 payload=@khujanovvv
2026-08-19 18:58:34,237 | INFO | root | DEBUG_INCOMING Message from=8692634539 payload=@s_mrxr
2026-08-19 18:58:34,237 | INFO | root | DEBUG_INCOMING Message from=8692634539 payload=@khujanovvv
2026-08-19 18:58:34,237 | INFO | root | DEBUG_INCOMING Message from=8692634539 payload=@Sirojiddin_Shavkatov0
2026-08-19 18:58:34,237 | INFO | root | DEBUG_INCOMING Message from=1087968824 payload=Avaz qowl
2026-08-19 18:58:34,237 | INFO | root | DEBUG_INCOMING Message from=8692634539 payload=@Xojimurod1111
2026-08-19 18:58:34,237 | INFO | root | DEBUG_INCOMING Message from=8692634539 payload=\U0001f446SHAHRIYOR\U0001f447
2026-08-19 18:58:34,237 | INFO | root | DEBUG_INCOMING Message from=8692634539 payload=@army_gril_byeol
2026-08-19 18:58:34,237 | INFO | root | DEBUG_INCOMING Message from=8692634539 payload=Shalola
2026-08-19 18:58:34,237 | INFO | root | DEBUG_INCOMING Message from=8692634539 payload=@aa_ayyub
2026-08-19 18:58:34,237 | INFO | root | DEBUG_INCOMING Message from=8692634539 payload=@arabinkade
2026-08-19 18:58:34,250 | INFO | root | DEBUG_INCOMING Message from=8692634539 payload=M
2026-08-19 18:58:34,251 | INFO | root | DEBUG_INCOMING Message from=8692634539 payload=@matizchibola
2026-08-19 18:58:34,252 | INFO | root | DEBUG_INCOMING Message from=8692634539 payload=@boyladann
2026-08-19 18:58:34,252 | INFO | root | DEBUG_INCOMING Message from=8692634539 payload=@khusanoooooov
2026-08-19 18:58:34,252 | INFO | root | DEBUG_INCOMING Message from=8692634539 payload=@RaFikov_official
2026-08-19 18:58:34,252 | INFO | root | DEBUG_INCOMING Message from=8692634539 payload=X
2026-08-19 18:58:34,252 | INFO | root | DEBUG_INCOMING Message from=915624842 payload=message_id=30103 date=datetime.datetime(2026, 8, 19, 13, 53, 14, tzinfo=TzInfo(UTC)) chat=Chat(id=-1001608725280, type='supergroup', title='OQIBATSIZ JIGARLA', username=None, first_name=None, last_name=None, is_forum=None, is_direct_messages=None, accent_color_id=None, active_usernames=None, available_reactions=None, background_custom_emoji_id=None, bio=None, birthdate=None, business_intro=None, business_location=None, business_opening_hours=None, can_set_sticker_set=None, custom_emoji_sticker_set_name=None, description=None, emoji_status_custom_emoji_id=None, emoji_status_expiration_date=None, has_aggressive_anti_spam_enabled=None, has_hidden_members=None, has_private_forwards=None, has_protected_content=None, has_restricted_voice_and_video_messages=None, has_visible_history=None, invite_link=None, join_by_request=None, join_to_send_messages=None, linked_chat_id=None, location=None, message_auto_delete_time=None, permissions=None, personal_chat=None, photo=None, pinned_message=None, profile_accent_color_id=None, profile_background_custom_emoji_id=None, slow_mode_delay=None, sticker_set_name=None, unrestrict_boost_count=None) message_thread_id=30077 direct_messages_topic=None from_user=User(id=915624842, is_bot=False, first_name='Иброхимбой', last_name=None, username='A_xmedov', language_code=None, is_premium=None, added_to_attachment_menu=None, can_join_groups=None, can_read_all_group_messages=None, supports_inline_queries=None, can_connect_to_business=None, has_main_web_app=None) sender_chat=None sender_boost_count=None sender_business_bot=None business_connection_id=None forward_origin=None is_topic_message=None is_automatic_forward=None reply_to_message=Message(message_id=30096, date=datetime.datetime(2026, 8, 19, 13, 51, 39, tzinfo=TzInfo(UTC)), chat=Chat(id=-1001608725280, type='supergroup', title='OQIBATSIZ JIGARLA', username=None, first_name=None, last_name=None, is_forum=None, is_direct_messages=None, accent_color_id=None, active_usernames=None, available_reactions=None, background_custom_emoji_id=None, bio=None, birthdate=None, business_intro=None, business_location=None, business_opening_hours=None, can_set_sticker_set=None, custom_emoji_sticker_set_name=None, description=None, emoji_status_custom_emoji_id=None, emoji_status_expiration_date=None, has_aggressive_anti_spam_enabled=None, has_hidden_members=None, has_private_forwards=None, has_protected_content=None, has_restricted_voice_and_video_messages=None, has_visible_history=None, invite_link=None, join_by_request=None, join_to_send_messages=None, linked_chat_id=None, location=None, message_auto_delete_time=None, permissions=None, personal_chat=None, photo=None, pinned_message=None, profile_accent_color_id=None, profile_background_custom_emoji_id=None, slow_mode_delay=None, sticker_set_name=None, unrestrict_boost_count=None), message_thread_id=30077, direct_messages_topic=None, from_user=User(id=1087968824, is_bot=True, first_name='Group', last_name=None, username='GroupAnonymousBot', language_code=None, is_premium=None, added_to_attachment_menu=None, can_join_groups=None, can_read_all_group_messages=None, supports_inline_queries=None, can_connect_to_business=None, has_main_web_app=None), sender_chat=Chat(id=-1001608725280, type='supergroup', title='OQIBATSIZ JIGARLA', username=None, first_name=None, last_name=None, is_forum=None, is_direct_messages=None, accent_color_id=None, active_usernames=None, available_reactions=None, background_custom_emoji_id=None, bio=None, birthdate=None, business_intro=None, business_location=None, business_opening_hours=None, can_set_sticker_set=None, custom_emoji_sticker_set_name=None, description=None, emoji_status_custom_emoji_id=None, emoji_status_expiration_date=None, has_aggressive_anti_spam_enabled=None, has_hidden_members=None, has_private_forwards=None, has_protected_content=None, has_restricted_voice_and_video_messages=None, has_visible_history=None, invite_link=None, join_by_request=None, join_to_send_messages=None, linked_chat_id=None, location=None, message_auto_delete_time=None, permissions=None, personal_chat=None, photo=None, pinned_message=None, profile_accent_color_id=None, profile_background_custom_emoji_id=None, slow_mode_delay=None, sticker_set_name=None, unrestrict_boost_count=None), sender_boost_count=None, sender_business_bot=None, business_connection_id=None, forward_origin=None, is_topic_message=None, is_automatic_forward=None, reply_to_message=None, external_reply=None, quote=None, reply_to_story=None, reply_to_checklist_task_id=None, via_bot=None, edit_date=None, has_protected_content=None, is_from_offline=None, is_paid_post=None, media_group_id=None, author_signature='Shopir703', paid_star_count=None, text='@A_xmedov qowlnci', entities=[MessageEntity(type='mention', offset=0, length=9, url=None, user=None, language=None, custom_emoji_id=None)], link_preview_options=None, suggested_post_info=None, effect_id=None, animation=None, audio=None, document=None, paid_media=None, photo=None, sticker=None, story=None, video=None, video_note=None, voice=None, caption=None, caption_entities=None, show_caption_above_media=None, has_media_spoiler=None, checklist=None, contact=None, dice=None, game=None, poll=None, venue=None, location=None, new_chat_members=None, left_chat_member=None, new_chat_title=None, new_chat_photo=None, delete_chat_photo=None, group_chat_created=None, supergroup_chat_created=None, channel_chat_created=None, message_auto_delete_timer_changed=None, migrate_to_chat_id=None, migrate_from_chat_id=None, pinned_message=None, invoice=None, successful_payment=None, refunded_payment=None, users_shared=None, chat_shared=None, gift=None, unique_gift=None, connected_website=None, write_access_allowed=None, passport_data=None, proximity_alert_triggered=None, boost_added=None, chat_background_set=None, checklist_tasks_done=None, checklist_tasks_added=None, direct_message_price_changed=None, forum_topic_created=None, forum_topic_edited=None, forum_topic_closed=None, forum_topic_reopened=None, general_forum_topic_hidden=None, general_forum_topic_unhidden=None, giveaway_created=None, giveaway=None, giveaway_winners=None, giveaway_completed=None, paid_message_price_changed=None, suggested_post_approved=None, suggested_post_approval_failed=None, suggested_post_declined=None, suggested_post_paid=None, suggested_post_refunded=None, video_chat_scheduled=None, video_chat_started=None, video_chat_ended=None, video_chat_participants_invited=None, web_app_data=None, reply_markup=None, forward_date=None, forward_from=None, forward_from_chat=None, forward_from_message_id=None, forward_sender_name=None, forward_signature=None, user_shared=None) external_reply=None quote=None reply_to_story=None reply_to_checklist_task_id=None via_bot=None edit_date=None has_protected_content=None is_from_offline=None is_paid_post=None media_group_id=None author_signature=None paid_star_count=None text=None entities=None link_preview_options=None suggested_post_info=None effect_id=None animation=None audio=None document=None paid_media=None photo=None sticker=None story=None video=None video_note=None voice=Voice(file_id='AwACAgIAAx0CX-MzIAACdZdqhbVK2ISA__NOW1Q6qO2_3huP4AACnKIAAgs8MEhdlM7Tq1yhOT0E', file_unique_id='AgADnKIAAgs8MEg', duration=11, mime_type='audio/ogg', file_size=45585) caption=None caption_entities=None show_caption_above_media=None has_media_spoiler=None checklist=None contact=None dice=None game=None poll=None venue=None location=None new_chat_members=None left_chat_member=None new_chat_title=None new_chat_photo=None delete_chat_photo=None group_chat_created=None supergroup_chat_created=None channel_chat_created=None message_auto_delete_timer_changed=None migrate_to_chat_id=None migrate_from_chat_id=None pinned_message=None invoice=None successful_payment=None refunded_payment=None users_shared=None chat_shared=None gift=None unique_gift=None connected_website=None write_access_allowed=None passport_data=None proximity_alert_triggered=None boost_added=None chat_background_set=None checklist_tasks_done=None checklist_tasks_added=None direct_message_price_changed=None forum_topic_created=None forum_topic_edited=None forum_topic_closed=None forum_topic_reopened=None general_forum_topic_hidden=None general_forum_topic_unhidden=None giveaway_created=None giveaway=None giveaway_winners=None giveaway_completed=None paid_message_price_changed=None suggested_post_approved=None suggested_post_approval_failed=None suggested_post_declined=None suggested_post_paid=None suggested_post_refunded=None video_chat_scheduled=None video_chat_started=None video_chat_ended=None video_chat_participants_invited=None web_app_data=None reply_markup=None forward_date=None forward_from=None forward_from_chat=None forward_from_message_id=None forward_sender_name=None forward_signature=None user_shared=None sender_tag='Ibrohimboy'
2026-08-19 18:58:34,252 | INFO | root | DEBUG_INCOMING Message from=8692634539 payload=@diyor_di
2026-08-19 18:58:34,252 | INFO | root | DEBUG_INCOMING Message from=8692634539 payload='
2026-08-19 18:58:34,252 | INFO | root | DEBUG_INCOMING Message from=8692634539 payload=@Sabr_mos
2026-08-19 18:58:34,252 | INFO | root | DEBUG_INCOMING Message from=8692634539 payload=@al1mooff
2026-08-19 18:58:34,252 | INFO | root | DEBUG_INCOMING Message from=8692634539 payload=@al1mooff
2026-08-19 18:58:34,252 | INFO | root | DEBUG_INCOMING Message from=8692634539 payload=@TBC_bankdan_keldek
2026-08-19 18:58:34,252 | INFO | root | DEBUG_INCOMING Message from=8692634539 payload=@Paxan_egade
2026-08-19 18:58:34,252 | INFO | root | DEBUG_INCOMING Message from=8692634539 payload=@yuta717
2026-08-19 18:58:34,266 | INFO | root | DEBUG_INCOMING Message from=1087968824 payload=message_id=30106 date=datetime.datetime(2026, 8, 19, 13, 54, 16, tzinfo=TzInfo(UTC)) chat=Chat(id=-1001608725280, type='supergroup', title='OQIBATSIZ JIGARLA', username=None, first_name=None, last_name=None, is_forum=None, is_direct_messages=None, accent_color_id=None, active_usernames=None, available_reactions=None, background_custom_emoji_id=None, bio=None, birthdate=None, business_intro=None, business_location=None, business_opening_hours=None, can_set_sticker_set=None, custom_emoji_sticker_set_name=None, description=None, emoji_status_custom_emoji_id=None, emoji_status_expiration_date=None, has_aggressive_anti_spam_enabled=None, has_hidden_members=None, has_private_forwards=None, has_protected_content=None, has_restricted_voice_and_video_messages=None, has_visible_history=None, invite_link=None, join_by_request=None, join_to_send_messages=None, linked_chat_id=None, location=None, message_auto_delete_time=None, permissions=None, personal_chat=None, photo=None, pinned_message=None, profile_accent_color_id=None, profile_background_custom_emoji_id=None, slow_mode_delay=None, sticker_set_name=None, unrestrict_boost_count=None) message_thread_id=30077 direct_messages_topic=None from_user=User(id=1087968824, is_bot=True, first_name='Group', last_name=None, username='GroupAnonymousBot', language_code=None, is_premium=None, added_to_attachment_menu=None, can_join_groups=None, can_read_all_group_messages=None, supports_inline_queries=None, can_connect_to_business=None, has_main_web_app=None) sender_chat=Chat(id=-1001608725280, type='supergroup', title='OQIBATSIZ JIGARLA', username=None, first_name=None, last_name=None, is_forum=None, is_direct_messages=None, accent_color_id=None, active_usernames=None, available_reactions=None, background_custom_emoji_id=None, bio=None, birthdate=None, business_intro=None, business_location=None, business_opening_hours=None, can_set_sticker_set=None, custom_emoji_sticker_set_name=None, description=None, emoji_status_custom_emoji_id=None, emoji_status_expiration_date=None, has_aggressive_anti_spam_enabled=None, has_hidden_members=None, has_private_forwards=None, has_protected_content=None, has_restricted_voice_and_video_messages=None, has_visible_history=None, invite_link=None, join_by_request=None, join_to_send_messages=None, linked_chat_id=None, location=None, message_auto_delete_time=None, permissions=None, personal_chat=None, photo=None, pinned_message=None, profile_accent_color_id=None, profile_background_custom_emoji_id=None, slow_mode_delay=None, sticker_set_name=None, unrestrict_boost_count=None) sender_boost_count=None sender_business_bot=None business_connection_id=None forward_origin=None is_topic_message=None is_automatic_forward=None reply_to_message=Message(message_id=30103, date=datetime.datetime(2026, 8, 19, 13, 53, 14, tzinfo=TzInfo(UTC)), chat=Chat(id=-1001608725280, type='supergroup', title='OQIBATSIZ JIGARLA', username=None, first_name=None, last_name=None, is_forum=None, is_direct_messages=None, accent_color_id=None, active_usernames=None, available_reactions=None, background_custom_emoji_id=None, bio=None, birthdate=None, business_intro=None, business_location=None, business_opening_hours=None, can_set_sticker_set=None, custom_emoji_sticker_set_name=None, description=None, emoji_status_custom_emoji_id=None, emoji_status_expiration_date=None, has_aggressive_anti_spam_enabled=None, has_hidden_members=None, has_private_forwards=None, has_protected_content=None, has_restricted_voice_and_video_messages=None, has_visible_history=None, invite_link=None, join_by_request=None, join_to_send_messages=None, linked_chat_id=None, location=None, message_auto_delete_time=None, permissions=None, personal_chat=None, photo=None, pinned_message=None, profile_accent_color_id=None, profile_background_custom_emoji_id=None, slow_mode_delay=None, sticker_set_name=None, unrestrict_boost_count=None), message_thread_id=30077, direct_messages_topic=None, from_user=User(id=915624842, is_bot=False, first_name='Иброхимбой', last_name=None, username='A_xmedov', language_code=None, is_premium=None, added_to_attachment_menu=None, can_join_groups=None, can_read_all_group_messages=None, supports_inline_queries=None, can_connect_to_business=None, has_main_web_app=None), sender_chat=None, sender_boost_count=None, sender_business_bot=None, business_connection_id=None, forward_origin=None, is_topic_message=None, is_automatic_forward=None, reply_to_message=None, external_reply=None, quote=None, reply_to_story=None, reply_to_checklist_task_id=None, via_bot=None, edit_date=None, has_protected_content=None, is_from_offline=None, is_paid_post=None, media_group_id=None, author_signature=None, paid_star_count=None, text=None, entities=None, link_preview_options=None, suggested_post_info=None, effect_id=None, animation=None, audio=None, document=None, paid_media=None, photo=None, sticker=None, story=None, video=None, video_note=None, voice=Voice(file_id='AwACAgIAAx0CX-MzIAACdZdqhbVK2ISA__NOW1Q6qO2_3huP4AACnKIAAgs8MEhdlM7Tq1yhOT0E', file_unique_id='AgADnKIAAgs8MEg', duration=11, mime_type='audio/ogg', file_size=45585), caption=None, caption_entities=None, show_caption_above_media=None, has_media_spoiler=None, checklist=None, contact=None, dice=None, game=None, poll=None, venue=None, location=None, new_chat_members=None, left_chat_member=None, new_chat_title=None, new_chat_photo=None, delete_chat_photo=None, group_chat_created=None, supergroup_chat_created=None, channel_chat_created=None, message_auto_delete_timer_changed=None, migrate_to_chat_id=None, migrate_from_chat_id=None, pinned_message=None, invoice=None, successful_payment=None, refunded_payment=None, users_shared=None, chat_shared=None, gift=None, unique_gift=None, connected_website=None, write_access_allowed=None, passport_data=None, proximity_alert_triggered=None, boost_added=None, chat_background_set=None, checklist_tasks_done=None, checklist_tasks_added=None, direct_message_price_changed=None, forum_topic_created=None, forum_topic_edited=None, forum_topic_closed=None, forum_topic_reopened=None, general_forum_topic_hidden=None, general_forum_topic_unhidden=None, giveaway_created=None, giveaway=None, giveaway_winners=None, giveaway_completed=None, paid_message_price_changed=None, suggested_post_approved=None, suggested_post_approval_failed=None, suggested_post_declined=None, suggested_post_paid=None, suggested_post_refunded=None, video_chat_scheduled=None, video_chat_started=None, video_chat_ended=None, video_chat_participants_invited=None, web_app_data=None, reply_markup=None, forward_date=None, forward_from=None, forward_from_chat=None, forward_from_message_id=None, forward_sender_name=None, forward_signature=None, user_shared=None, sender_tag='Ibrohimboy') external_reply=None quote=None reply_to_story=None reply_to_checklist_task_id=None via_bot=None edit_date=None has_protected_content=None is_from_offline=None is_paid_post=None media_group_id=None author_signature='Shopir703' paid_star_count=None text=None entities=None link_preview_options=None suggested_post_info=None effect_id=None animation=None audio=None document=None paid_media=None photo=None sticker=None story=None video=None video_note=None voice=Voice(file_id='AwACAgIAAx0CX-MzIAACdZpqhbWIr22vaiTby7q3rd-3siQhCwACoaIAAgs8MEjR-0seS9BH9j0E', file_unique_id='AgADoaIAAgs8MEg', duration=16, mime_type='audio/ogg', file_size=342513) caption=None caption_entities=None show_caption_above_media=None has_media_spoiler=None checklist=None contact=None dice=None game=None poll=None venue=None location=None new_chat_members=None left_chat_member=None new_chat_title=None new_chat_photo=None delete_chat_photo=None group_chat_created=None supergroup_chat_created=None channel_chat_created=None message_auto_delete_timer_changed=None migrate_to_chat_id=None migrate_from_chat_id=None pinned_message=None invoice=None successful_payment=None refunded_payment=None users_shared=None chat_shared=None gift=None unique_gift=None connected_website=None write_access_allowed=None passport_data=None proximity_alert_triggered=None boost_added=None chat_background_set=None checklist_tasks_done=None checklist_tasks_added=None direct_message_price_changed=None forum_topic_created=None forum_topic_edited=None forum_topic_closed=None forum_topic_reopened=None general_forum_topic_hidden=None general_forum_topic_unhidden=None giveaway_created=None giveaway=None giveaway_winners=None giveaway_completed=None paid_message_price_changed=None suggested_post_approved=None suggested_post_approval_failed=None suggested_post_declined=None suggested_post_paid=None suggested_post_refunded=None video_chat_scheduled=None video_chat_started=None video_chat_ended=None video_chat_participants_invited=None web_app_data=None reply_markup=None forward_date=None forward_from=None forward_from_chat=None forward_from_message_id=None forward_sender_name=None forward_signature=None user_shared=None
2026-08-19 18:58:34,266 | INFO | root | DEBUG_INCOMING Message from=5713560695 payload=/game@ProMafiyaBot
2026-08-19 18:58:34,876 | INFO | aiogram.event | Update id=466217585 is handled. Duration 829 ms by bot id=8894100649
2026-08-19 18:58:35,384 | INFO | app.handlers.clan | cmd_clan triggered by <ADMIN_ID> (alshrvsss)
2026-08-19 18:58:35,517 | INFO | aiogram.event | Update id=466217560 is handled. Duration 1469 ms by bot id=8894100649
2026-08-19 18:58:35,686 | INFO | aiogram.event | Update id=466217594 is handled. Duration 1625 ms by bot id=8894100649
2026-08-19 18:58:35,901 | INFO | aiogram.event | Update id=466217488 is handled. Duration 2172 ms by bot id=8894100649
2026-08-19 18:58:35,901 | INFO | aiogram.event | Update id=466217460 is handled. Duration 2172 ms by bot id=8894100649
2026-08-19 18:58:35,907 | INFO | aiogram.event | Update id=466217465 is handled. Duration 2187 ms by bot id=8894100649
2026-08-19 18:58:35,920 | INFO | aiogram.event | Update id=466217477 is handled. Duration 2202 ms by bot id=8894100649
2026-08-19 18:58:35,936 | INFO | aiogram.event | Update id=466217456 is handled. Duration 2250 ms by bot id=8894100649
2026-08-19 18:58:35,943 | INFO | aiogram.event | Update id=466217459 is handled. Duration 2250 ms by bot id=8894100649
2026-08-19 18:58:35,977 | INFO | aiogram.event | Update id=466217469 is handled. Duration 2250 ms by bot id=8894100649
2026-08-19 18:58:36,030 | INFO | aiogram.event | Update id=466217527 is handled. Duration 2296 ms by bot id=8894100649
2026-08-19 18:58:36,092 | INFO | aiogram.event | Update id=466217507 is handled. Duration 2358 ms by bot id=8894100649
2026-08-19 18:58:36,143 | INFO | aiogram.event | Update id=466217538 is handled. Duration 2405 ms by bot id=8894100649
2026-08-19 18:58:36,162 | INFO | aiogram.event | Update id=466217571 is handled. Duration 2109 ms by bot id=8894100649
2026-08-19 18:58:36,299 | INFO | aiogram.event | Update id=466217561 is handled. Duration 2250 ms by bot id=8894100649
2026-08-19 18:58:36,421 | INFO | aiogram.event | Update id=466217568 is handled. Duration 2375 ms by bot id=8894100649
2026-08-19 18:58:36,591 | INFO | aiogram.event | Update id=466217462 is handled. Duration 2875 ms by bot id=8894100649
2026-08-19 18:58:36,592 | INFO | aiogram.event | Update id=466217608 is handled. Duration 2530 ms by bot id=8894100649
2026-08-19 18:58:36,592 | INFO | aiogram.event | Update id=466217467 is handled. Duration 2875 ms by bot id=8894100649
2026-08-19 18:58:36,696 | INFO | aiogram.event | Update id=466217495 is handled. Duration 2969 ms by bot id=8894100649
2026-08-19 18:58:36,705 | INFO | aiogram.event | Update id=466217499 is handled. Duration 2968 ms by bot id=8894100649
2026-08-19 18:58:36,712 | INFO | aiogram.event | Update id=466217509 is handled. Duration 2968 ms by bot id=8894100649
2026-08-19 18:58:36,731 | INFO | aiogram.event | Update id=466217523 is handled. Duration 3000 ms by bot id=8894100649
2026-08-19 18:58:36,744 | INFO | aiogram.event | Update id=466217504 is handled. Duration 3000 ms by bot id=8894100649
2026-08-19 18:58:36,744 | INFO | aiogram.event | Update id=466217496 is handled. Duration 3016 ms by bot id=8894100649
2026-08-19 18:58:36,754 | INFO | aiogram.event | Update id=466217618 is handled. Duration 2687 ms by bot id=8894100649
2026-08-19 18:58:36,756 | INFO | aiogram.event | Update id=466217503 is handled. Duration 3015 ms by bot id=8894100649
2026-08-19 18:58:36,767 | INFO | aiogram.event | Update id=466217515 is handled. Duration 3030 ms by bot id=8894100649
2026-08-19 18:58:36,767 | INFO | aiogram.event | Update id=466217512 is handled. Duration 3030 ms by bot id=8894100649
2026-08-19 18:58:36,786 | INFO | aiogram.event | Update id=466217519 is handled. Duration 3046 ms by bot id=8894100649
2026-08-19 18:58:36,791 | INFO | aiogram.event | Update id=466217517 is handled. Duration 3046 ms by bot id=8894100649
2026-08-19 18:58:36,792 | INFO | aiogram.event | Update id=466217522 is handled. Duration 3061 ms by bot id=8894100649
2026-08-19 18:58:36,822 | INFO | aiogram.event | Update id=466217526 is handled. Duration 3077 ms by bot id=8894100649
2026-08-19 18:58:36,826 | INFO | aiogram.event | Update id=466217553 is handled. Duration 3077 ms by bot id=8894100649
2026-08-19 18:58:36,840 | INFO | aiogram.event | Update id=466217535 is handled. Duration 3108 ms by bot id=8894100649
2026-08-19 18:58:36,841 | INFO | aiogram.event | Update id=466217536 is handled. Duration 3108 ms by bot id=8894100649
2026-08-19 18:58:36,888 | INFO | aiogram.event | Update id=466217542 is handled. Duration 3140 ms by bot id=8894100649
2026-08-19 18:58:36,888 | INFO | aiogram.event | Update id=466217540 is handled. Duration 3155 ms by bot id=8894100649
2026-08-19 18:58:36,904 | INFO | aiogram.event | Update id=466217550 is handled. Duration 3155 ms by bot id=8894100649
2026-08-19 18:58:36,904 | INFO | aiogram.event | Update id=466217544 is handled. Duration 3155 ms by bot id=8894100649
2026-08-19 18:58:36,904 | WARNING | app.handlers.clan | ENTER_RENDER_CLAN_DASHBOARD event=Message user=<ADMIN_ID>
2026-08-19 18:58:36,952 | INFO | aiogram.event | Update id=466217552 is handled. Duration 3202 ms by bot id=8894100649
2026-08-19 18:58:36,981 | INFO | aiogram.event | Update id=466217549 is handled. Duration 3234 ms by bot id=8894100649
2026-08-19 18:58:36,991 | INFO | aiogram.event | Update id=466217575 is handled. Duration 2938 ms by bot id=8894100649
2026-08-19 18:58:37,007 | INFO | aiogram.event | Update id=466217562 is handled. Duration 2954 ms by bot id=8894100649
2026-08-19 18:58:37,014 | INFO | aiogram.event | Update id=466217480 is handled. Duration 3297 ms by bot id=8894100649
2026-08-19 18:58:37,023 | INFO | aiogram.event | Update id=466217570 is handled. Duration 2969 ms by bot id=8894100649
2026-08-19 18:58:37,034 | INFO | aiogram.event | Update id=466217565 is handled. Duration 2984 ms by bot id=8894100649
2026-08-19 18:58:37,042 | INFO | aiogram.event | Update id=466217572 is handled. Duration 2984 ms by bot id=8894100649
2026-08-19 18:58:37,048 | INFO | aiogram.event | Update id=466217461 is handled. Duration 3327 ms by bot id=8894100649
2026-08-19 18:58:37,061 | INFO | aiogram.event | Update id=466217580 is handled. Duration 3016 ms by bot id=8894100649
2026-08-19 18:58:37,062 | INFO | aiogram.event | Update id=466217476 is handled. Duration 3344 ms by bot id=8894100649
2026-08-19 18:58:37,084 | INFO | aiogram.event | Update id=466217584 is handled. Duration 3032 ms by bot id=8894100649
2026-08-19 18:58:37,108 | INFO | aiogram.event | Update id=466217617 is handled. Duration 3047 ms by bot id=8894100649
2026-08-19 18:58:37,109 | INFO | aiogram.event | Update id=466217489 is handled. Duration 3391 ms by bot id=8894100649
2026-08-19 18:58:37,123 | INFO | aiogram.event | Update id=466217590 is handled. Duration 3062 ms by bot id=8894100649
2026-08-19 18:58:37,141 | INFO | aiogram.event | Update id=466217595 is handled. Duration 3077 ms by bot id=8894100649
2026-08-19 18:58:37,149 | INFO | aiogram.event | Update id=466217518 is handled. Duration 3405 ms by bot id=8894100649
2026-08-19 18:58:37,153 | INFO | aiogram.event | Update id=466217601 is handled. Duration 3093 ms by bot id=8894100649
2026-08-19 18:58:37,157 | INFO | aiogram.event | Update id=466217596 is handled. Duration 3093 ms by bot id=8894100649
2026-08-19 18:58:37,165 | INFO | aiogram.event | Update id=466217605 is handled. Duration 3093 ms by bot id=8894100649
2026-08-19 18:58:37,165 | INFO | aiogram.event | Update id=466217600 is handled. Duration 3093 ms by bot id=8894100649
2026-08-19 18:58:37,177 | INFO | aiogram.event | Update id=466217468 is handled. Duration 3452 ms by bot id=8894100649
2026-08-19 18:58:37,177 | INFO | aiogram.event | Update id=466217606 is handled. Duration 3108 ms by bot id=8894100649
2026-08-19 18:58:37,181 | INFO | aiogram.event | Update id=466217612 is handled. Duration 3108 ms by bot id=8894100649
2026-08-19 18:58:37,181 | INFO | aiogram.event | Update id=466217607 is handled. Duration 3108 ms by bot id=8894100649
2026-08-19 18:58:37,190 | INFO | aiogram.event | Update id=466217479 is handled. Duration 3469 ms by bot id=8894100649
2026-08-19 18:58:37,195 | INFO | aiogram.event | Update id=466217474 is handled. Duration 3469 ms by bot id=8894100649
2026-08-19 18:58:37,198 | INFO | aiogram.event | Update id=466217610 is handled. Duration 3140 ms by bot id=8894100649
2026-08-19 18:58:37,202 | INFO | aiogram.event | Update id=466217463 is handled. Duration 3484 ms by bot id=8894100649
2026-08-19 18:58:37,208 | INFO | aiogram.event | Update id=466217615 is handled. Duration 3140 ms by bot id=8894100649
2026-08-19 18:58:37,210 | INFO | aiogram.event | Update id=466217486 is handled. Duration 3484 ms by bot id=8894100649
2026-08-19 18:58:37,212 | INFO | aiogram.event | Update id=466217481 is handled. Duration 3484 ms by bot id=8894100649
2026-08-19 18:58:37,215 | INFO | aiogram.event | Update id=466217490 is handled. Duration 3500 ms by bot id=8894100649
2026-08-19 18:58:37,218 | INFO | aiogram.event | Update id=466217497 is handled. Duration 3500 ms by bot id=8894100649
2026-08-19 18:58:37,228 | INFO | aiogram.event | Update id=466217491 is handled. Duration 3500 ms by bot id=8894100649
2026-08-19 18:58:37,238 | INFO | aiogram.event | Update id=466217498 is handled. Duration 3516 ms by bot id=8894100649
2026-08-19 18:58:37,267 | INFO | aiogram.event | Update id=466217521 is handled. Duration 3530 ms by bot id=8894100649
2026-08-19 18:58:37,275 | INFO | aiogram.event | Update id=466217473 is handled. Duration 3547 ms by bot id=8894100649
2026-08-19 18:58:37,280 | INFO | aiogram.event | Update id=466217514 is handled. Duration 3546 ms by bot id=8894100649
2026-08-19 18:58:37,284 | INFO | aiogram.event | Update id=466217520 is handled. Duration 3546 ms by bot id=8894100649
2026-08-19 18:58:37,298 | INFO | aiogram.event | Update id=466217493 is handled. Duration 3577 ms by bot id=8894100649
2026-08-19 18:58:37,300 | INFO | aiogram.event | Update id=466217525 is handled. Duration 3561 ms by bot id=8894100649
2026-08-19 18:58:37,323 | INFO | aiogram.event | Update id=466217546 is handled. Duration 3562 ms by bot id=8894100649
2026-08-19 18:58:37,325 | INFO | aiogram.event | Update id=466217539 is handled. Duration 3593 ms by bot id=8894100649
2026-08-19 18:58:37,334 | INFO | aiogram.event | Update id=466217563 is handled. Duration 3282 ms by bot id=8894100649
2026-08-19 18:58:37,341 | INFO | aiogram.event | Update id=466217547 is handled. Duration 3592 ms by bot id=8894100649
2026-08-19 18:58:37,379 | INFO | aiogram.event | Update id=466217471 is handled. Duration 3657 ms by bot id=8894100649
2026-08-19 18:58:37,423 | INFO | aiogram.event | Update id=466217578 is handled. Duration 3375 ms by bot id=8894100649
2026-08-19 18:58:37,424 | INFO | aiogram.event | Update id=466217564 is handled. Duration 3375 ms by bot id=8894100649
2026-08-19 18:58:37,424 | WARNING | app.handlers.clan | AFTER_GET_USER_CLAN_INFO status=owner clan_id=1 pending=0
2026-08-19 18:58:37,431 | WARNING | app.handlers.clan | ENTER_DB_FETCH user=<ADMIN_ID> clan_id=1
2026-08-19 18:58:37,434 | INFO | aiogram.event | Update id=466217534 is handled. Duration 3702 ms by bot id=8894100649
2026-08-19 18:58:37,439 | INFO | aiogram.event | Update id=466217566 is handled. Duration 3391 ms by bot id=8894100649
2026-08-19 18:58:37,444 | INFO | aiogram.event | Update id=466217478 is handled. Duration 3719 ms by bot id=8894100649
2026-08-19 18:58:37,452 | INFO | aiogram.event | Update id=466217558 is handled. Duration 3407 ms by bot id=8894100649
2026-08-19 18:58:37,452 | INFO | aiogram.event | Update id=466217567 is handled. Duration 3407 ms by bot id=8894100649
2026-08-19 18:58:37,455 | INFO | aiogram.event | Update id=466217574 is handled. Duration 3407 ms by bot id=8894100649
2026-08-19 18:58:37,462 | INFO | aiogram.event | Update id=466217472 is handled. Duration 3734 ms by bot id=8894100649
2026-08-19 18:58:37,466 | INFO | aiogram.event | Update id=466217569 is handled. Duration 3422 ms by bot id=8894100649
2026-08-19 18:58:37,484 | INFO | aiogram.event | Update id=466217579 is handled. Duration 3438 ms by bot id=8894100649
2026-08-19 18:58:37,497 | INFO | aiogram.event | Update id=466217588 is handled. Duration 3437 ms by bot id=8894100649
2026-08-19 18:58:37,497 | INFO | aiogram.event | Update id=466217587 is handled. Duration 3437 ms by bot id=8894100649
2026-08-19 18:58:37,518 | INFO | aiogram.event | Update id=466217586 is handled. Duration 3452 ms by bot id=8894100649
2026-08-19 18:58:37,524 | INFO | aiogram.event | Update id=466217589 is handled. Duration 3452 ms by bot id=8894100649
2026-08-19 18:58:37,537 | INFO | aiogram.event | Update id=466217582 is handled. Duration 3484 ms by bot id=8894100649
2026-08-19 18:58:37,539 | INFO | aiogram.event | Update id=466217598 is handled. Duration 3468 ms by bot id=8894100649
2026-08-19 18:58:37,545 | INFO | aiogram.event | Update id=466217599 is handled. Duration 3483 ms by bot id=8894100649
2026-08-19 18:58:37,548 | INFO | aiogram.event | Update id=466217602 is handled. Duration 3483 ms by bot id=8894100649
2026-08-19 18:58:37,556 | INFO | aiogram.event | Update id=466217604 is handled. Duration 3483 ms by bot id=8894100649
2026-08-19 18:58:37,564 | INFO | aiogram.event | Update id=466217597 is handled. Duration 3500 ms by bot id=8894100649
2026-08-19 18:58:37,577 | INFO | aiogram.event | Update id=466217611 is handled. Duration 3515 ms by bot id=8894100649
2026-08-19 18:58:37,577 | INFO | aiogram.event | Update id=466217482 is handled. Duration 3859 ms by bot id=8894100649
2026-08-19 18:58:37,577 | INFO | aiogram.event | Update id=466217603 is handled. Duration 3515 ms by bot id=8894100649
2026-08-19 18:58:37,593 | INFO | aiogram.event | Update id=466217475 is handled. Duration 3875 ms by bot id=8894100649
2026-08-19 18:58:37,612 | INFO | aiogram.event | Update id=466217506 is handled. Duration 3875 ms by bot id=8894100649
2026-08-19 18:58:37,614 | INFO | aiogram.event | Update id=466217511 is handled. Duration 3875 ms by bot id=8894100649
2026-08-19 18:58:37,616 | INFO | aiogram.event | Update id=466217513 is handled. Duration 3875 ms by bot id=8894100649
2026-08-19 18:58:37,622 | INFO | aiogram.event | Update id=466217492 is handled. Duration 3907 ms by bot id=8894100649
2026-08-19 18:58:37,633 | INFO | aiogram.event | Update id=466217516 is handled. Duration 3890 ms by bot id=8894100649
2026-08-19 18:58:37,633 | INFO | aiogram.event | Update id=466217505 is handled. Duration 3890 ms by bot id=8894100649
2026-08-19 18:58:37,633 | INFO | aiogram.event | Update id=466217524 is handled. Duration 3890 ms by bot id=8894100649
2026-08-19 18:58:37,649 | INFO | aiogram.event | Update id=466217541 is handled. Duration 3890 ms by bot id=8894100649
2026-08-19 18:58:37,661 | INFO | aiogram.event | Update id=466217543 is handled. Duration 3905 ms by bot id=8894100649
2026-08-19 18:58:37,664 | INFO | aiogram.event | Update id=466217537 is handled. Duration 3921 ms by bot id=8894100649
2026-08-19 18:58:37,667 | INFO | aiogram.event | Update id=466217545 is handled. Duration 3920 ms by bot id=8894100649
2026-08-19 18:58:37,678 | INFO | aiogram.event | Update id=466217551 is handled. Duration 3920 ms by bot id=8894100649
2026-08-19 18:58:37,685 | INFO | aiogram.event | Update id=466217470 is handled. Duration 3969 ms by bot id=8894100649
2026-08-19 18:58:37,710 | INFO | apscheduler.executors.default | Running job "GameEngine.registration_watchdog (trigger: interval[0:00:05], next run at: 2026-08-19 13:58:42 UTC)" (scheduled at 2026-08-19 13:58:37.702445+00:00)
2026-08-19 18:58:37,716 | INFO | aiogram.event | Update id=466217556 is handled. Duration 3672 ms by bot id=8894100649
2026-08-19 18:58:37,717 | INFO | aiogram.event | Update id=466217577 is handled. Duration 3672 ms by bot id=8894100649
2026-08-19 18:58:37,719 | INFO | aiogram.event | Update id=466217557 is handled. Duration 3672 ms by bot id=8894100649
2026-08-19 18:58:37,731 | INFO | aiogram.event | Update id=466217458 is handled. Duration 4047 ms by bot id=8894100649
2026-08-19 18:58:37,731 | INFO | aiogram.event | Update id=466217583 is handled. Duration 3688 ms by bot id=8894100649
2026-08-19 18:58:37,745 | INFO | aiogram.event | Update id=466217576 is handled. Duration 3688 ms by bot id=8894100649
2026-08-19 18:58:37,745 | WARNING | root | Ignoring Telegram error: Telegram server says - Bad Request: message to be replied not found
2026-08-19 18:58:37,745 | INFO | aiogram.event | Update id=466217529 is handled. Duration 4000 ms by bot id=8894100649
2026-08-19 18:58:37,760 | INFO | aiogram.event | Update id=466217592 is handled. Duration 3687 ms by bot id=8894100649
2026-08-19 18:58:37,765 | INFO | aiogram.event | Update id=466217591 is handled. Duration 3702 ms by bot id=8894100649
2026-08-19 18:58:37,779 | WARNING | app.handlers.clan | AFTER_DB_FETCH current_members=2
2026-08-19 18:58:37,780 | WARNING | app.handlers.clan | OWNER_DASHBOARD_RENDERED clan_id=1 pending=0 kb=InlineKeyboardMarkup
2026-08-19 18:58:37,780 | WARNING | app.handlers.clan | SENDING_CLAN_DASHBOARD to=id=<ADMIN_ID> type='private' title=None username='alshrvsss' first_name='\ufe0e' last_name='a' is_forum=None is_direct_messages=None accent_color_id=None active_usernames=None available_reactions=None background_custom_emoji_id=None bio=None birthdate=None business_intro=None business_location=None business_opening_hours=None can_set_sticker_set=None custom_emoji_sticker_set_name=None description=None emoji_status_custom_emoji_id=None emoji_status_expiration_date=None has_aggressive_anti_spam_enabled=None has_hidden_members=None has_private_forwards=None has_protected_content=None has_restricted_voice_and_video_messages=None has_visible_history=None invite_link=None join_by_request=None join_to_send_messages=None linked_chat_id=None location=None message_auto_delete_time=None permissions=None personal_chat=None photo=None pinned_message=None profile_accent_color_id=None profile_background_custom_emoji_id=None slow_mode_delay=None sticker_set_name=None unrestrict_boost_count=None snippet=<tg-emoji emoji-id="5242499702120809395">\U0001f3f0</tg-emoji> <b>CLAN: WORLD N1</b>

<tg-emoji emoji-id="5395444784611480792">\U0001f4dd<...
2026-08-19 18:58:37,780 | WARNING | app.handlers.clan | SENDING_CLAN_DASHBOARD_MESSAGE to chat=<ADMIN_ID>
2026-08-19 18:58:37,787 | INFO | aiogram.event | Update id=466217613 is handled. Duration 3718 ms by bot id=8894100649
2026-08-19 18:58:37,796 | INFO | aiogram.event | Update id=466217614 is handled. Duration 3733 ms by bot id=8894100649
2026-08-19 18:58:37,803 | INFO | aiogram.event | Update id=466217483 is handled. Duration 4077 ms by bot id=8894100649
2026-08-19 18:58:37,803 | INFO | aiogram.event | Update id=466217484 is handled. Duration 4077 ms by bot id=8894100649
2026-08-19 18:58:37,813 | INFO | aiogram.event | Update id=466217494 is handled. Duration 4094 ms by bot id=8894100649
2026-08-19 18:58:37,815 | INFO | aiogram.event | Update id=466217510 is handled. Duration 4077 ms by bot id=8894100649
2026-08-19 18:58:37,822 | INFO | aiogram.event | Update id=466217502 is handled. Duration 4077 ms by bot id=8894100649
2026-08-19 18:58:37,825 | INFO | aiogram.event | Update id=466217548 is handled. Duration 4077 ms by bot id=8894100649
2026-08-19 18:58:37,825 | INFO | aiogram.event | Update id=466217508 is handled. Duration 4093 ms by bot id=8894100649
2026-08-19 18:58:37,839 | INFO | aiogram.event | Update id=466217457 is handled. Duration 4140 ms by bot id=8894100649
2026-08-19 18:58:37,839 | INFO | aiogram.event | Update id=466217464 is handled. Duration 4109 ms by bot id=8894100649
2026-08-19 18:58:37,839 | INFO | aiogram.event | Update id=466217554 is handled. Duration 4077 ms by bot id=8894100649
2026-08-19 18:58:37,839 | INFO | apscheduler.executors.default | Job "GameEngine.registration_watchdog (trigger: interval[0:00:05], next run at: 2026-08-19 13:58:42 UTC)" executed successfully
2026-08-19 18:58:37,839 | INFO | aiogram.event | Update id=466217559 is handled. Duration 3782 ms by bot id=8894100649
2026-08-19 18:58:37,848 | INFO | aiogram.event | Update id=466217581 is handled. Duration 3797 ms by bot id=8894100649
2026-08-19 18:58:37,851 | INFO | aiogram.event | Update id=466217593 is handled. Duration 3780 ms by bot id=8894100649
2026-08-19 18:58:37,855 | INFO | aiogram.event | Update id=466217616 is handled. Duration 3797 ms by bot id=8894100649
2026-08-19 18:58:37,855 | INFO | aiogram.event | Update id=466217528 is handled. Duration 4125 ms by bot id=8894100649
2026-08-19 18:58:37,855 | INFO | aiogram.event | Update id=466217500 is handled. Duration 4125 ms by bot id=8894100649
2026-08-19 18:58:37,938 | INFO | aiogram.event | Update id=466217485 is handled. Duration 4219 ms by bot id=8894100649
2026-08-19 18:58:37,996 | WARNING | root | Ignoring Telegram error: Telegram server says - Bad Request: message to be replied not found
2026-08-19 18:58:37,996 | INFO | aiogram.event | Update id=466217531 is handled. Duration 4265 ms by bot id=8894100649
2026-08-19 18:58:38,037 | WARNING | app.handlers.clan | Sent clan dashboard via Message.answer to chat=<ADMIN_ID>
2026-08-19 18:58:38,039 | INFO | aiogram.event | Update id=466217619 is handled. Duration 3968 ms by bot id=8894100649
2026-08-19 18:58:38,155 | INFO | aiogram.event | Update id=466217555 is handled. Duration 4109 ms by bot id=8894100649
2026-08-19 18:58:38,211 | INFO | aiogram.event | Update id=466217573 is handled. Duration 4157 ms by bot id=8894100649
2026-08-19 18:58:38,504 | WARNING | app.game_engine | Unable to update lobby message for game 2166
2026-08-19 18:58:38,511 | INFO | aiogram.event | Update id=466217533 is handled. Duration 4765 ms by bot id=8894100649
2026-08-19 18:58:38,585 | INFO | aiogram.event | Update id=466217609 is handled. Duration 4515 ms by bot id=8894100649
2026-08-19 18:58:38,593 | INFO | aiogram.event | Update id=466217532 is handled. Duration 4858 ms by bot id=8894100649
2026-08-19 18:58:38,730 | INFO | root | DEBUG_INCOMING Message from=8894100649 payload=message_id=27016 date=datetime.datetime(2026, 8, 19, 13, 58, 39, tzinfo=TzInfo(UTC)) chat=Chat(id=-1004442948493, type='supergroup', title='\u2694\ufe0f \U0001d416\U0001d40e\U0001d411\U0001d40b\U0001d403 \U0001d40c\U0001d400\U0001d405\U0001d408\U0001d400 \u2694\ufe0f\u2060', username='worldmafiaclone', first_name=None, last_name=None, is_forum=None, is_direct_messages=None, accent_color_id=None, active_usernames=None, available_reactions=None, background_custom_emoji_id=None, bio=None, birthdate=None, business_intro=None, business_location=None, business_opening_hours=None, can_set_sticker_set=None, custom_emoji_sticker_set_name=None, description=None, emoji_status_custom_emoji_id=None, emoji_status_expiration_date=None, has_aggressive_anti_spam_enabled=None, has_hidden_members=None, has_private_forwards=None, has_protected_content=None, has_restricted_voice_and_video_messages=None, has_visible_history=None, invite_link=None, join_by_request=None, join_to_send_messages=None, linked_chat_id=None, location=None, message_auto_delete_time=None, permissions=None, personal_chat=None, photo=None, pinned_message=None, profile_accent_color_id=None, profile_background_custom_emoji_id=None, slow_mode_delay=None, sticker_set_name=None, unrestrict_boost_count=None) message_thread_id=27015 direct_messages_topic=None from_user=User(id=8894100649, is_bot=True, first_name='WORLD MAFIA BOT \U0001f3c6', last_name=None, username='WorldMafiaBot', language_code=None, is_premium=None, added_to_attachment_menu=None, can_join_groups=None, can_read_all_group_messages=None, supports_inline_queries=None, can_connect_to_business=None, has_main_web_app=None) sender_chat=None sender_boost_count=None sender_business_bot=None business_connection_id=None forward_origin=None is_topic_message=None is_automatic_forward=None reply_to_message=Message(message_id=27015, date=datetime.datetime(2026, 8, 19, 13, 58, 39, tzinfo=TzInfo(UTC)), chat=Chat(id=-1004442948493, type='supergroup', title='\u2694\ufe0f \U0001d416\U0001d40e\U0001d411\U0001d40b\U0001d403 \U0001d40c\U0001d400\U0001d405\U0001d408\U0001d400 \u2694\ufe0f\u2060', username='worldmafiaclone', first_name=None, last_name=None, is_forum=None, is_direct_messages=None, accent_color_id=None, active_usernames=None, available_reactions=None, background_custom_emoji_id=None, bio=None, birthdate=None, business_intro=None, business_location=None, business_opening_hours=None, can_set_sticker_set=None, custom_emoji_sticker_set_name=None, description=None, emoji_status_custom_emoji_id=None, emoji_status_expiration_date=None, has_aggressive_anti_spam_enabled=None, has_hidden_members=None, has_private_forwards=None, has_protected_content=None, has_restricted_voice_and_video_messages=None, has_visible_history=None, invite_link=None, join_by_request=None, join_to_send_messages=None, linked_chat_id=None, location=None, message_auto_delete_time=None, permissions=None, personal_chat=None, photo=None, pinned_message=None, profile_accent_color_id=None, profile_background_custom_emoji_id=None, slow_mode_delay=None, sticker_set_name=None, unrestrict_boost_count=None), message_thread_id=None, direct_messages_topic=None, from_user=User(id=8894100649, is_bot=True, first_name='WORLD MAFIA BOT \U0001f3c6', last_name=None, username='WorldMafiaBot', language_code=None, is_premium=None, added_to_attachment_menu=None, can_join_groups=None, can_read_all_group_messages=None, supports_inline_queries=None, can_connect_to_business=None, has_main_web_app=None), sender_chat=None, sender_boost_count=None, sender_business_bot=None, business_connection_id=None, forward_origin=None, is_topic_message=None, is_automatic_forward=None, reply_to_message=None, external_reply=None, quote=None, reply_to_story=None, reply_to_checklist_task_id=None, via_bot=None, edit_date=None, has_protected_content=None, is_from_offline=None, is_paid_post=None, media_group_id=None, author_signature=None, paid_star_count=None, text="Ro'yxatdan o'tish boshlandi!", entities=[MessageEntity(type='bold', offset=0, length=28, url=None, user=None, language=None, custom_emoji_id=None)], link_preview_options=None, suggested_post_info=None, effect_id=None, animation=None, audio=None, document=None, paid_media=None, photo=None, sticker=None, story=None, video=None, video_note=None, voice=None, caption=None, caption_entities=None, show_caption_above_media=None, has_media_spoiler=None, checklist=None, contact=None, dice=None, game=None, poll=None, venue=None, location=None, new_chat_members=None, left_chat_member=None, new_chat_title=None, new_chat_photo=None, delete_chat_photo=None, group_chat_created=None, supergroup_chat_created=None, channel_chat_created=None, message_auto_delete_timer_changed=None, migrate_to_chat_id=None, migrate_from_chat_id=None, pinned_message=None, invoice=None, successful_payment=None, refunded_payment=None, users_shared=None, chat_shared=None, gift=None, unique_gift=None, connected_website=None, write_access_allowed=None, passport_data=None, proximity_alert_triggered=None, boost_added=None, chat_background_set=None, checklist_tasks_done=None, checklist_tasks_added=None, direct_message_price_changed=None, forum_topic_created=None, forum_topic_edited=None, forum_topic_closed=None, forum_topic_reopened=None, general_forum_topic_hidden=None, general_forum_topic_unhidden=None, giveaway_created=None, giveaway=None, giveaway_winners=None, giveaway_completed=None, paid_message_price_changed=None, suggested_post_approved=None, suggested_post_approval_failed=None, suggested_post_declined=None, suggested_post_paid=None, suggested_post_refunded=None, video_chat_scheduled=None, video_chat_started=None, video_chat_ended=None, video_chat_participants_invited=None, web_app_data=None, reply_markup=InlineKeyboardMarkup(inline_keyboard=[[InlineKeyboardButton(text="\U0001f935 Qo'shilish", url='https://t.me/WorldMafiaBot?start=join_2167_-1004442948493', callback_data=None, web_app=None, login_url=None, switch_inline_query=None, switch_inline_query_current_chat=None, switch_inline_query_chosen_chat=None, copy_text=None, callback_game=None, pay=None)]]), forward_date=None, forward_from=None, forward_from_chat=None, forward_from_message_id=None, forward_sender_name=None, forward_signature=None, user_shared=None, sender_tag='mafia') external_reply=None quote=None reply_to_story=None reply_to_checklist_task_id=None via_bot=None edit_date=None has_protected_content=None is_from_offline=None is_paid_post=None media_group_id=None author_signature=None paid_star_count=None text=None entities=None link_preview_options=None suggested_post_info=None effect_id=None animation=None audio=None document=None paid_media=None photo=None sticker=None story=None video=None video_note=None voice=None caption=None caption_entities=None show_caption_above_media=None has_media_spoiler=None checklist=None contact=None dice=None game=None poll=None venue=None location=None new_chat_members=None left_chat_member=None new_chat_title=None new_chat_photo=None delete_chat_photo=None group_chat_created=None supergroup_chat_created=None channel_chat_created=None message_auto_delete_timer_changed=None migrate_to_chat_id=None migrate_from_chat_id=None pinned_message=Message(message_id=27015, date=datetime.datetime(2026, 8, 19, 13, 58, 39, tzinfo=TzInfo(UTC)), chat=Chat(id=-1004442948493, type='supergroup', title='\u2694\ufe0f \U0001d416\U0001d40e\U0001d411\U0001d40b\U0001d403 \U0001d40c\U0001d400\U0001d405\U0001d408\U0001d400 \u2694\ufe0f\u2060', username='worldmafiaclone', first_name=None, last_name=None, is_forum=None, is_direct_messages=None, accent_color_id=None, active_usernames=None, available_reactions=None, background_custom_emoji_id=None, bio=None, birthdate=None, business_intro=None, business_location=None, business_opening_hours=None, can_set_sticker_set=None, custom_emoji_sticker_set_name=None, description=None, emoji_status_custom_emoji_id=None, emoji_status_expiration_date=None, has_aggressive_anti_spam_enabled=None, has_hidden_members=None, has_private_forwards=None, has_protected_content=None, has_restricted_voice_and_video_messages=None, has_visible_history=None, invite_link=None, join_by_request=None, join_to_send_messages=None, linked_chat_id=None, location=None, message_auto_delete_time=None, permissions=None, personal_chat=None, photo=None, pinned_message=None, profile_accent_color_id=None, profile_background_custom_emoji_id=None, slow_mode_delay=None, sticker_set_name=None, unrestrict_boost_count=None), message_thread_id=None, direct_messages_topic=None, from_user=User(id=8894100649, is_bot=True, first_name='WORLD MAFIA BOT \U0001f3c6', last_name=None, username='WorldMafiaBot', language_code=None, is_premium=None, added_to_attachment_menu=None, can_join_groups=None, can_read_all_group_messages=None, supports_inline_queries=None, can_connect_to_business=None, has_main_web_app=None), sender_chat=None, sender_boost_count=None, sender_business_bot=None, business_connection_id=None, forward_origin=None, is_topic_message=None, is_automatic_forward=None, reply_to_message=None, external_reply=None, quote=None, reply_to_story=None, reply_to_checklist_task_id=None, via_bot=None, edit_date=None, has_protected_content=None, is_from_offline=None, is_paid_post=None, media_group_id=None, author_signature=None, paid_star_count=None, text="Ro'yxatdan o'tish boshlandi!", entities=[MessageEntity(type='bold', offset=0, length=28, url=None, user=None, language=None, custom_emoji_id=None)], link_preview_options=None, suggested_post_info=None, effect_id=None, animation=None, audio=None, document=None, paid_media=None, photo=None, sticker=None, story=None, video=None, video_note=None, voice=None, caption=None, caption_entities=None, show_caption_above_media=None, has_media_spoiler=None, checklist=None, contact=None, dice=None, game=None, poll=None, venue=None, location=None, new_chat_members=None, left_chat_member=None, new_chat_title=None, new_chat_photo=None, delete_chat_photo=None, group_chat_created=None, supergroup_chat_created=None, channel_chat_created=None, message_auto_delete_timer_changed=None, migrate_to_chat_id=None, migrate_from_chat_id=None, pinned_message=None, invoice=None, successful_payment=None, refunded_payment=None, users_shared=None, chat_shared=None, gift=None, unique_gift=None, connected_website=None, write_access_allowed=None, passport_data=None, proximity_alert_triggered=None, boost_added=None, chat_background_set=None, checklist_tasks_done=None, checklist_tasks_added=None, direct_message_price_changed=None, forum_topic_created=None, forum_topic_edited=None, forum_topic_closed=None, forum_topic_reopened=None, general_forum_topic_hidden=None, general_forum_topic_unhidden=None, giveaway_created=None, giveaway=None, giveaway_winners=None, giveaway_completed=None, paid_message_price_changed=None, suggested_post_approved=None, suggested_post_approval_failed=None, suggested_post_declined=None, suggested_post_paid=None, suggested_post_refunded=None, video_chat_scheduled=None, video_chat_started=None, video_chat_ended=None, video_chat_participants_invited=None, web_app_data=None, reply_markup=InlineKeyboardMarkup(inline_keyboard=[[InlineKeyboardButton(text="\U0001f935 Qo'shilish", url='https://t.me/WorldMafiaBot?start=join_2167_-1004442948493', callback_data=None, web_app=None, login_url=None, switch_inline_query=None, switch_inline_query_current_chat=None, switch_inline_query_chosen_chat=None, copy_text=None, callback_game=None, pay=None)]]), forward_date=None, forward_from=None, forward_from_chat=None, forward_from_message_id=None, forward_sender_name=None, forward_signature=None, user_shared=None, sender_tag='mafia') invoice=None successful_payment=None refunded_payment=None users_shared=None chat_shared=None gift=None unique_gift=None connected_website=None write_access_allowed=None passport_data=None proximity_alert_triggered=None boost_added=None chat_background_set=None checklist_tasks_done=None checklist_tasks_added=None direct_message_price_changed=None forum_topic_created=None forum_topic_edited=None forum_topic_closed=None forum_topic_reopened=None general_forum_topic_hidden=None general_forum_topic_unhidden=None giveaway_created=None giveaway=None giveaway_winners=None giveaway_completed=None paid_message_price_changed=None suggested_post_approved=None suggested_post_approval_failed=None suggested_post_declined=None suggested_post_paid=None suggested_post_refunded=None video_chat_scheduled=None video_chat_started=None video_chat_ended=None video_chat_participants_invited=None web_app_data=None reply_markup=None forward_date=None forward_from=None forward_from_chat=None forward_from_message_id=None forward_sender_name=None forward_signature=None user_shared=None
2026-08-19 18:58:38,738 | INFO | apscheduler.scheduler | Added job "GameEngine.send_registration_warning" to job store "default"
2026-08-19 18:58:38,738 | INFO | apscheduler.scheduler | Added job "GameEngine.close_registration" to job store "default"
2026-08-19 18:58:38,766 | INFO | aiogram.event | Update id=466217620 is handled. Duration 62 ms by bot id=8894100649
2026-08-19 18:58:38,894 | INFO | aiogram.event | Update id=466217487 is handled. Duration 5172 ms by bot id=8894100649
2026-08-19 18:58:39,095 | INFO | aiogram.event | Update id=466217455 is handled. Duration 5405 ms by bot id=8894100649
2026-08-19 18:58:39,318 | INFO | apscheduler.scheduler | Added job "GameEngine.close_registration" to job store "default"
2026-08-19 18:58:39,343 | INFO | root | DEBUG_INCOMING Message from=8894100649 payload=message_id=235132 date=datetime.datetime(2026, 8, 19, 13, 58, 40, tzinfo=TzInfo(UTC)) chat=Chat(id=-1003992490466, type='supergroup', title='GHOST • mafia', username=None, first_name=None, last_name=None, is_forum=None, is_direct_messages=None, accent_color_id=None, active_usernames=None, available_reactions=None, background_custom_emoji_id=None, bio=None, birthdate=None, business_intro=None, business_location=None, business_opening_hours=None, can_set_sticker_set=None, custom_emoji_sticker_set_name=None, description=None, emoji_status_custom_emoji_id=None, emoji_status_expiration_date=None, has_aggressive_anti_spam_enabled=None, has_hidden_members=None, has_private_forwards=None, has_protected_content=None, has_restricted_voice_and_video_messages=None, has_visible_history=None, invite_link=None, join_by_request=None, join_to_send_messages=None, linked_chat_id=None, location=None, message_auto_delete_time=None, permissions=None, personal_chat=None, photo=None, pinned_message=None, profile_accent_color_id=None, profile_background_custom_emoji_id=None, slow_mode_delay=None, sticker_set_name=None, unrestrict_boost_count=None) message_thread_id=235131 direct_messages_topic=None from_user=User(id=8894100649, is_bot=True, first_name='WORLD MAFIA BOT \U0001f3c6', last_name=None, username='WorldMafiaBot', language_code=None, is_premium=None, added_to_attachment_menu=None, can_join_groups=None, can_read_all_group_messages=None, supports_inline_queries=None, can_connect_to_business=None, has_main_web_app=None) sender_chat=None sender_boost_count=None sender_business_bot=None business_connection_id=None forward_origin=None is_topic_message=None is_automatic_forward=None reply_to_message=Message(message_id=235131, date=datetime.datetime(2026, 8, 19, 13, 58, 40, tzinfo=TzInfo(UTC)), chat=Chat(id=-1003992490466, type='supergroup', title='GHOST • mafia', username=None, first_name=None, last_name=None, is_forum=None, is_direct_messages=None, accent_color_id=None, active_usernames=None, available_reactions=None, background_custom_emoji_id=None, bio=None, birthdate=None, business_intro=None, business_location=None, business_opening_hours=None, can_set_sticker_set=None, custom_emoji_sticker_set_name=None, description=None, emoji_status_custom_emoji_id=None, emoji_status_expiration_date=None, has_aggressive_anti_spam_enabled=None, has_hidden_members=None, has_private_forwards=None, has_protected_content=None, has_restricted_voice_and_video_messages=None, has_visible_history=None, invite_link=None, join_by_request=None, join_to_send_messages=None, linked_chat_id=None, location=None, message_auto_delete_time=None, permissions=None, personal_chat=None, photo=None, pinned_message=None, profile_accent_color_id=None, profile_background_custom_emoji_id=None, slow_mode_delay=None, sticker_set_name=None, unrestrict_boost_count=None), message_thread_id=None, direct_messages_topic=None, from_user=User(id=8894100649, is_bot=True, first_name='WORLD MAFIA BOT \U0001f3c6', last_name=None, username='WorldMafiaBot', language_code=None, is_premium=None, added_to_attachment_menu=None, can_join_groups=None, can_read_all_group_messages=None, supports_inline_queries=None, can_connect_to_business=None, has_main_web_app=None), sender_chat=None, sender_boost_count=None, sender_business_bot=None, business_connection_id=None, forward_origin=None, is_topic_message=None, is_automatic_forward=None, reply_to_message=None, external_reply=None, quote=None, reply_to_story=None, reply_to_checklist_task_id=None, via_bot=None, edit_date=None, has_protected_content=True, is_from_offline=None, is_paid_post=None, media_group_id=None, author_signature=None, paid_star_count=None, text="Ro'yxatdan o'tish davom etmoqda!\nRo'yxatdan o'tganlar:\n\n\uf8ff\U0001f1fa\U0001f1f8\n\nJami: 1 ta", entities=[MessageEntity(type='bold', offset=0, length=32, url=None, user=None, language=None, custom_emoji_id=None), MessageEntity(type='bold', offset=33, length=21, url=None, user=None, language=None, custom_emoji_id=None), MessageEntity(type='text_mention', offset=56, length=5, url=None, user=User(id=7601257532, is_bot=False, first_name='\uf8ff\U0001f1fa\U0001f1f8', last_name=None, username='AFA_69', language_code='uz', is_premium=True, added_to_attachment_menu=None, can_join_groups=None, can_read_all_group_messages=None, supports_inline_queries=None, can_connect_to_business=None, has_main_web_app=None), language=None, custom_emoji_id=None), MessageEntity(type='bold', offset=63, length=5, url=None, user=None, language=None, custom_emoji_id=None)], link_preview_options=None, suggested_post_info=None, effect_id=None, animation=None, audio=None, document=None, paid_media=None, photo=None, sticker=None, story=None, video=None, video_note=None, voice=None, caption=None, caption_entities=None, show_caption_above_media=None, has_media_spoiler=None, checklist=None, contact=None, dice=None, game=None, poll=None, venue=None, location=None, new_chat_members=None, left_chat_member=None, new_chat_title=None, new_chat_photo=None, delete_chat_photo=None, group_chat_created=None, supergroup_chat_created=None, channel_chat_created=None, message_auto_delete_timer_changed=None, migrate_to_chat_id=None, migrate_from_chat_id=None, pinned_message=None, invoice=None, successful_payment=None, refunded_payment=None, users_shared=None, chat_shared=None, gift=None, unique_gift=None, connected_website=None, write_access_allowed=None, passport_data=None, proximity_alert_triggered=None, boost_added=None, chat_background_set=None, checklist_tasks_done=None, checklist_tasks_added=None, direct_message_price_changed=None, forum_topic_created=None, forum_topic_edited=None, forum_topic_closed=None, forum_topic_reopened=None, general_forum_topic_hidden=None, general_forum_topic_unhidden=None, giveaway_created=None, giveaway=None, giveaway_winners=None, giveaway_completed=None, paid_message_price_changed=None, suggested_post_approved=None, suggested_post_approval_failed=None, suggested_post_declined=None, suggested_post_paid=None, suggested_post_refunded=None, video_chat_scheduled=None, video_chat_started=None, video_chat_ended=None, video_chat_participants_invited=None, web_app_data=None, reply_markup=InlineKeyboardMarkup(inline_keyboard=[[InlineKeyboardButton(text="\U0001f935 Qo'shilish", url='https://t.me/WorldMafiaBot?start=join_2166_-1003992490466', callback_data=None, web_app=None, login_url=None, switch_inline_query=None, switch_inline_query_current_chat=None, switch_inline_query_chosen_chat=None, copy_text=None, callback_game=None, pay=None)]]), forward_date=None, forward_from=None, forward_from_chat=None, forward_from_message_id=None, forward_sender_name=None, forward_signature=None, user_shared=None) external_reply=None quote=None reply_to_story=None reply_to_checklist_task_id=None via_bot=None edit_date=None has_protected_content=True is_from_offline=None is_paid_post=None media_group_id=None author_signature=None paid_star_count=None text=None entities=None link_preview_options=None suggested_post_info=None effect_id=None animation=None audio=None document=None paid_media=None photo=None sticker=None story=None video=None video_note=None voice=None caption=None caption_entities=None show_caption_above_media=None has_media_spoiler=None checklist=None contact=None dice=None game=None poll=None venue=None location=None new_chat_members=None left_chat_member=None new_chat_title=None new_chat_photo=None delete_chat_photo=None group_chat_created=None supergroup_chat_created=None channel_chat_created=None message_auto_delete_timer_changed=None migrate_to_chat_id=None migrate_from_chat_id=None pinned_message=Message(message_id=235131, date=datetime.datetime(2026, 8, 19, 13, 58, 40, tzinfo=TzInfo(UTC)), chat=Chat(id=-1003992490466, type='supergroup', title='GHOST • mafia', username=None, first_name=None, last_name=None, is_forum=None, is_direct_messages=None, accent_color_id=None, active_usernames=None, available_reactions=None, background_custom_emoji_id=None, bio=None, birthdate=None, business_intro=None, business_location=None, business_opening_hours=None, can_set_sticker_set=None, custom_emoji_sticker_set_name=None, description=None, emoji_status_custom_emoji_id=None, emoji_status_expiration_date=None, has_aggressive_anti_spam_enabled=None, has_hidden_members=None, has_private_forwards=None, has_protected_content=None, has_restricted_voice_and_video_messages=None, has_visible_history=None, invite_link=None, join_by_request=None, join_to_send_messages=None, linked_chat_id=None, location=None, message_auto_delete_time=None, permissions=None, personal_chat=None, photo=None, pinned_message=None, profile_accent_color_id=None, profile_background_custom_emoji_id=None, slow_mode_delay=None, sticker_set_name=None, unrestrict_boost_count=None), message_thread_id=None, direct_messages_topic=None, from_user=User(id=8894100649, is_bot=True, first_name='WORLD MAFIA BOT \U0001f3c6', last_name=None, username='WorldMafiaBot', language_code=None, is_premium=None, added_to_attachment_menu=None, can_join_groups=None, can_read_all_group_messages=None, supports_inline_queries=None, can_connect_to_business=None, has_main_web_app=None), sender_chat=None, sender_boost_count=None, sender_business_bot=None, business_connection_id=None, forward_origin=None, is_topic_message=None, is_automatic_forward=None, reply_to_message=None, external_reply=None, quote=None, reply_to_story=None, reply_to_checklist_task_id=None, via_bot=None, edit_date=None, has_protected_content=True, is_from_offline=None, is_paid_post=None, media_group_id=None, author_signature=None, paid_star_count=None, text="Ro'yxatdan o'tish davom etmoqda!\nRo'yxatdan o'tganlar:\n\n\uf8ff\U0001f1fa\U0001f1f8\n\nJami: 1 ta", entities=[MessageEntity(type='bold', offset=0, length=32, url=None, user=None, language=None, custom_emoji_id=None), MessageEntity(type='bold', offset=33, length=21, url=None, user=None, language=None, custom_emoji_id=None), MessageEntity(type='text_mention', offset=56, length=5, url=None, user=User(id=7601257532, is_bot=False, first_name='\uf8ff\U0001f1fa\U0001f1f8', last_name=None, username='AFA_69', language_code='uz', is_premium=True, added_to_attachment_menu=None, can_join_groups=None, can_read_all_group_messages=None, supports_inline_queries=None, can_connect_to_business=None, has_main_web_app=None), language=None, custom_emoji_id=None), MessageEntity(type='bold', offset=63, length=5, url=None, user=None, language=None, custom_emoji_id=None)], link_preview_options=None, suggested_post_info=None, effect_id=None, animation=None, audio=None, document=None, paid_media=None, photo=None, sticker=None, story=None, video=None, video_note=None, voice=None, caption=None, caption_entities=None, show_caption_above_media=None, has_media_spoiler=None, checklist=None, contact=None, dice=None, game=None, poll=None, venue=None, location=None, new_chat_members=None, left_chat_member=None, new_chat_title=None, new_chat_photo=None, delete_chat_photo=None, group_chat_created=None, supergroup_chat_created=None, channel_chat_created=None, message_auto_delete_timer_changed=None, migrate_to_chat_id=None, migrate_from_chat_id=None, pinned_message=None, invoice=None, successful_payment=None, refunded_payment=None, users_shared=None, chat_shared=None, gift=None, unique_gift=None, connected_website=None, write_access_allowed=None, passport_data=None, proximity_alert_triggered=None, boost_added=None, chat_background_set=None, checklist_tasks_done=None, checklist_tasks_added=None, direct_message_price_changed=None, forum_topic_created=None, forum_topic_edited=None, forum_topic_closed=None, forum_topic_reopened=None, general_forum_topic_hidden=None, general_forum_topic_unhidden=None, giveaway_created=None, giveaway=None, giveaway_winners=None, giveaway_completed=None, paid_message_price_changed=None, suggested_post_approved=None, suggested_post_approval_failed=None, suggested_post_declined=None, suggested_post_paid=None, suggested_post_refunded=None, video_chat_scheduled=None, video_chat_started=None, video_chat_ended=None, video_chat_participants_invited=None, web_app_data=None, reply_markup=InlineKeyboardMarkup(inline_keyboard=[[InlineKeyboardButton(text="\U0001f935 Qo'shilish", url='https://t.me/WorldMafiaBot?start=join_2166_-1003992490466', callback_data=None, web_app=None, login_url=None, switch_inline_query=None, switch_inline_query_current_chat=None, switch_inline_query_chosen_chat=None, copy_text=None, callback_game=None, pay=None)]]), forward_date=None, forward_from=None, forward_from_chat=None, forward_from_message_id=None, forward_sender_name=None, forward_signature=None, user_shared=None) invoice=None successful_payment=None refunded_payment=None users_shared=None chat_shared=None gift=None unique_gift=None connected_website=None write_access_allowed=None passport_data=None proximity_alert_triggered=None boost_added=None chat_background_set=None checklist_tasks_done=None checklist_tasks_added=None direct_message_price_changed=None forum_topic_created=None forum_topic_edited=None forum_topic_closed=None forum_topic_reopened=None general_forum_topic_hidden=None general_forum_topic_unhidden=None giveaway_created=None giveaway=None giveaway_winners=None giveaway_completed=None paid_message_price_changed=None suggested_post_approved=None suggested_post_approval_failed=None suggested_post_declined=None suggested_post_paid=None suggested_post_refunded=None video_chat_scheduled=None video_chat_started=None video_chat_ended=None video_chat_participants_invited=None web_app_data=None reply_markup=None forward_date=None forward_from=None forward_from_chat=None forward_from_message_id=None forward_sender_name=None forward_signature=None user_shared=None
2026-08-19 18:58:39,349 | INFO | aiogram.event | Update id=466217621 is handled. Duration 15 ms by bot id=8894100649
2026-08-19 18:58:39,410 | INFO | apscheduler.scheduler | Added job "GameEngine.send_registration_warning" to job store "default"
2026-08-19 18:58:39,410 | INFO | apscheduler.scheduler | Added job "GameEngine.close_registration" to job store "default"
2026-08-19 18:58:39,469 | INFO | aiogram.event | Update id=466217466 is handled. Duration 5750 ms by bot id=8894100649
2026-08-19 18:58:39,480 | INFO | root | DEBUG_INCOMING Message from=8894100649 payload=message_id=30110 date=datetime.datetime(2026, 8, 19, 13, 58, 40, tzinfo=TzInfo(UTC)) chat=Chat(id=-1001608725280, type='supergroup', title='OQIBATSIZ JIGARLA', username=None, first_name=None, last_name=None, is_forum=None, is_direct_messages=None, accent_color_id=None, active_usernames=None, available_reactions=None, background_custom_emoji_id=None, bio=None, birthdate=None, business_intro=None, business_location=None, business_opening_hours=None, can_set_sticker_set=None, custom_emoji_sticker_set_name=None, description=None, emoji_status_custom_emoji_id=None, emoji_status_expiration_date=None, has_aggressive_anti_spam_enabled=None, has_hidden_members=None, has_private_forwards=None, has_protected_content=None, has_restricted_voice_and_video_messages=None, has_visible_history=None, invite_link=None, join_by_request=None, join_to_send_messages=None, linked_chat_id=None, location=None, message_auto_delete_time=None, permissions=None, personal_chat=None, photo=None, pinned_message=None, profile_accent_color_id=None, profile_background_custom_emoji_id=None, slow_mode_delay=None, sticker_set_name=None, unrestrict_boost_count=None) message_thread_id=30109 direct_messages_topic=None from_user=User(id=8894100649, is_bot=True, first_name='WORLD MAFIA BOT \U0001f3c6', last_name=None, username='WorldMafiaBot', language_code=None, is_premium=None, added_to_attachment_menu=None, can_join_groups=None, can_read_all_group_messages=None, supports_inline_queries=None, can_connect_to_business=None, has_main_web_app=None) sender_chat=None sender_boost_count=None sender_business_bot=None business_connection_id=None forward_origin=None is_topic_message=None is_automatic_forward=None reply_to_message=Message(message_id=30109, date=datetime.datetime(2026, 8, 19, 13, 58, 40, tzinfo=TzInfo(UTC)), chat=Chat(id=-1001608725280, type='supergroup', title='OQIBATSIZ JIGARLA', username=None, first_name=None, last_name=None, is_forum=None, is_direct_messages=None, accent_color_id=None, active_usernames=None, available_reactions=None, background_custom_emoji_id=None, bio=None, birthdate=None, business_intro=None, business_location=None, business_opening_hours=None, can_set_sticker_set=None, custom_emoji_sticker_set_name=None, description=None, emoji_status_custom_emoji_id=None, emoji_status_expiration_date=None, has_aggressive_anti_spam_enabled=None, has_hidden_members=None, has_private_forwards=None, has_protected_content=None, has_restricted_voice_and_video_messages=None, has_visible_history=None, invite_link=None, join_by_request=None, join_to_send_messages=None, linked_chat_id=None, location=None, message_auto_delete_time=None, permissions=None, personal_chat=None, photo=None, pinned_message=None, profile_accent_color_id=None, profile_background_custom_emoji_id=None, slow_mode_delay=None, sticker_set_name=None, unrestrict_boost_count=None), message_thread_id=None, direct_messages_topic=None, from_user=User(id=8894100649, is_bot=True, first_name='WORLD MAFIA BOT \U0001f3c6', last_name=None, username='WorldMafiaBot', language_code=None, is_premium=None, added_to_attachment_menu=None, can_join_groups=None, can_read_all_group_messages=None, supports_inline_queries=None, can_connect_to_business=None, has_main_web_app=None), sender_chat=None, sender_boost_count=None, sender_business_bot=None, business_connection_id=None, forward_origin=None, is_topic_message=None, is_automatic_forward=None, reply_to_message=None, external_reply=None, quote=None, reply_to_story=None, reply_to_checklist_task_id=None, via_bot=None, edit_date=None, has_protected_content=None, is_from_offline=None, is_paid_post=None, media_group_id=None, author_signature=None, paid_star_count=None, text="Ro'yxatdan o'tish boshlandi!", entities=[MessageEntity(type='bold', offset=0, length=28, url=None, user=None, language=None, custom_emoji_id=None)], link_preview_options=None, suggested_post_info=None, effect_id=None, animation=None, audio=None, document=None, paid_media=None, photo=None, sticker=None, story=None, video=None, video_note=None, voice=None, caption=None, caption_entities=None, show_caption_above_media=None, has_media_spoiler=None, checklist=None, contact=None, dice=None, game=None, poll=None, venue=None, location=None, new_chat_members=None, left_chat_member=None, new_chat_title=None, new_chat_photo=None, delete_chat_photo=None, group_chat_created=None, supergroup_chat_created=None, channel_chat_created=None, message_auto_delete_timer_changed=None, migrate_to_chat_id=None, migrate_from_chat_id=None, pinned_message=None, invoice=None, successful_payment=None, refunded_payment=None, users_shared=None, chat_shared=None, gift=None, unique_gift=None, connected_website=None, write_access_allowed=None, passport_data=None, proximity_alert_triggered=None, boost_added=None, chat_background_set=None, checklist_tasks_done=None, checklist_tasks_added=None, direct_message_price_changed=None, forum_topic_created=None, forum_topic_edited=None, forum_topic_closed=None, forum_topic_reopened=None, general_forum_topic_hidden=None, general_forum_topic_unhidden=None, giveaway_created=None, giveaway=None, giveaway_winners=None, giveaway_completed=None, paid_message_price_changed=None, suggested_post_approved=None, suggested_post_approval_failed=None, suggested_post_declined=None, suggested_post_paid=None, suggested_post_refunded=None, video_chat_scheduled=None, video_chat_started=None, video_chat_ended=None, video_chat_participants_invited=None, web_app_data=None, reply_markup=InlineKeyboardMarkup(inline_keyboard=[[InlineKeyboardButton(text="\U0001f935 Qo'shilish", url='https://t.me/WorldMafiaBot?start=join_2168_-1001608725280', callback_data=None, web_app=None, login_url=None, switch_inline_query=None, switch_inline_query_current_chat=None, switch_inline_query_chosen_chat=None, copy_text=None, callback_game=None, pay=None)]]), forward_date=None, forward_from=None, forward_from_chat=None, forward_from_message_id=None, forward_sender_name=None, forward_signature=None, user_shared=None) external_reply=None quote=None reply_to_story=None reply_to_checklist_task_id=None via_bot=None edit_date=None has_protected_content=None is_from_offline=None is_paid_post=None media_group_id=None author_signature=None paid_star_count=None text=None entities=None link_preview_options=None suggested_post_info=None effect_id=None animation=None audio=None document=None paid_media=None photo=None sticker=None story=None video=None video_note=None voice=None caption=None caption_entities=None show_caption_above_media=None has_media_spoiler=None checklist=None contact=None dice=None game=None poll=None venue=None location=None new_chat_members=None left_chat_member=None new_chat_title=None new_chat_photo=None delete_chat_photo=None group_chat_created=None supergroup_chat_created=None channel_chat_created=None message_auto_delete_timer_changed=None migrate_to_chat_id=None migrate_from_chat_id=None pinned_message=Message(message_id=30109, date=datetime.datetime(2026, 8, 19, 13, 58, 40, tzinfo=TzInfo(UTC)), chat=Chat(id=-1001608725280, type='supergroup', title='OQIBATSIZ JIGARLA', username=None, first_name=None, last_name=None, is_forum=None, is_direct_messages=None, accent_color_id=None, active_usernames=None, available_reactions=None, background_custom_emoji_id=None, bio=None, birthdate=None, business_intro=None, business_location=None, business_opening_hours=None, can_set_sticker_set=None, custom_emoji_sticker_set_name=None, description=None, emoji_status_custom_emoji_id=None, emoji_status_expiration_date=None, has_aggressive_anti_spam_enabled=None, has_hidden_members=None, has_private_forwards=None, has_protected_content=None, has_restricted_voice_and_video_messages=None, has_visible_history=None, invite_link=None, join_by_request=None, join_to_send_messages=None, linked_chat_id=None, location=None, message_auto_delete_time=None, permissions=None, personal_chat=None, photo=None, pinned_message=None, profile_accent_color_id=None, profile_background_custom_emoji_id=None, slow_mode_delay=None, sticker_set_name=None, unrestrict_boost_count=None), message_thread_id=None, direct_messages_topic=None, from_user=User(id=8894100649, is_bot=True, first_name='WORLD MAFIA BOT \U0001f3c6', last_name=None, username='WorldMafiaBot', language_code=None, is_premium=None, added_to_attachment_menu=None, can_join_groups=None, can_read_all_group_messages=None, supports_inline_queries=None, can_connect_to_business=None, has_main_web_app=None), sender_chat=None, sender_boost_count=None, sender_business_bot=None, business_connection_id=None, forward_origin=None, is_topic_message=None, is_automatic_forward=None, reply_to_message=None, external_reply=None, quote=None, reply_to_story=None, reply_to_checklist_task_id=None, via_bot=None, edit_date=None, has_protected_content=None, is_from_offline=None, is_paid_post=None, media_group_id=None, author_signature=None, paid_star_count=None, text="Ro'yxatdan o'tish boshlandi!", entities=[MessageEntity(type='bold', offset=0, length=28, url=None, user=None, language=None, custom_emoji_id=None)], link_preview_options=None, suggested_post_info=None, effect_id=None, animation=None, audio=None, document=None, paid_media=None, photo=None, sticker=None, story=None, video=None, video_note=None, voice=None, caption=None, caption_entities=None, show_caption_above_media=None, has_media_spoiler=None, checklist=None, contact=None, dice=None, game=None, poll=None, venue=None, location=None, new_chat_members=None, left_chat_member=None, new_chat_title=None, new_chat_photo=None, delete_chat_photo=None, group_chat_created=None, supergroup_chat_created=None, channel_chat_created=None, message_auto_delete_timer_changed=None, migrate_to_chat_id=None, migrate_from_chat_id=None, pinned_message=None, invoice=None, successful_payment=None, refunded_payment=None, users_shared=None, chat_shared=None, gift=None, unique_gift=None, connected_website=None, write_access_allowed=None, passport_data=None, proximity_alert_triggered=None, boost_added=None, chat_background_set=None, checklist_tasks_done=None, checklist_tasks_added=None, direct_message_price_changed=None, forum_topic_created=None, forum_topic_edited=None, forum_topic_closed=None, forum_topic_reopened=None, general_forum_topic_hidden=None, general_forum_topic_unhidden=None, giveaway_created=None, giveaway=None, giveaway_winners=None, giveaway_completed=None, paid_message_price_changed=None, suggested_post_approved=None, suggested_post_approval_failed=None, suggested_post_declined=None, suggested_post_paid=None, suggested_post_refunded=None, video_chat_scheduled=None, video_chat_started=None, video_chat_ended=None, video_chat_participants_invited=None, web_app_data=None, reply_markup=InlineKeyboardMarkup(inline_keyboard=[[InlineKeyboardButton(text="\U0001f935 Qo'shilish", url='https://t.me/WorldMafiaBot?start=join_2168_-1001608725280', callback_data=None, web_app=None, login_url=None, switch_inline_query=None, switch_inline_query_current_chat=None, switch_inline_query_chosen_chat=None, copy_text=None, callback_game=None, pay=None)]]), forward_date=None, forward_from=None, forward_from_chat=None, forward_from_message_id=None, forward_sender_name=None, forward_signature=None, user_shared=None) invoice=None successful_payment=None refunded_payment=None users_shared=None chat_shared=None gift=None unique_gift=None connected_website=None write_access_allowed=None passport_data=None proximity_alert_triggered=None boost_added=None chat_background_set=None checklist_tasks_done=None checklist_tasks_added=None direct_message_price_changed=None forum_topic_created=None forum_topic_edited=None forum_topic_closed=None forum_topic_reopened=None general_forum_topic_hidden=None general_forum_topic_unhidden=None giveaway_created=None giveaway=None giveaway_winners=None giveaway_completed=None paid_message_price_changed=None suggested_post_approved=None suggested_post_approval_failed=None suggested_post_declined=None suggested_post_paid=None suggested_post_refunded=None video_chat_scheduled=None video_chat_started=None video_chat_ended=None video_chat_participants_invited=None web_app_data=None reply_markup=None forward_date=None forward_from=None forward_from_chat=None forward_from_message_id=None forward_sender_name=None forward_signature=None user_shared=None
2026-08-19 18:58:39,494 | INFO | aiogram.event | Update id=466217622 is handled. Duration 16 ms by bot id=8894100649
2026-08-19 18:58:39,550 | INFO | aiogram.event | Update id=466217530 is handled. Duration 5811 ms by bot id=8894100649
2026-08-19 18:58:40,080 | INFO | apscheduler.scheduler | Added job "GameEngine.close_registration" to job store "default"
2026-08-19 18:58:40,089 | INFO | root | DEBUG_INCOMING Message from=8894100649 payload=message_id=235134 date=datetime.datetime(2026, 8, 19, 13, 58, 41, tzinfo=TzInfo(UTC)) chat=Chat(id=-1003992490466, type='supergroup', title='GHOST • mafia', username=None, first_name=None, last_name=None, is_forum=None, is_direct_messages=None, accent_color_id=None, active_usernames=None, available_reactions=None, background_custom_emoji_id=None, bio=None, birthdate=None, business_intro=None, business_location=None, business_opening_hours=None, can_set_sticker_set=None, custom_emoji_sticker_set_name=None, description=None, emoji_status_custom_emoji_id=None, emoji_status_expiration_date=None, has_aggressive_anti_spam_enabled=None, has_hidden_members=None, has_private_forwards=None, has_protected_content=None, has_restricted_voice_and_video_messages=None, has_visible_history=None, invite_link=None, join_by_request=None, join_to_send_messages=None, linked_chat_id=None, location=None, message_auto_delete_time=None, permissions=None, personal_chat=None, photo=None, pinned_message=None, profile_accent_color_id=None, profile_background_custom_emoji_id=None, slow_mode_delay=None, sticker_set_name=None, unrestrict_boost_count=None) message_thread_id=235133 direct_messages_topic=None from_user=User(id=8894100649, is_bot=True, first_name='WORLD MAFIA BOT \U0001f3c6', last_name=None, username='WorldMafiaBot', language_code=None, is_premium=None, added_to_attachment_menu=None, can_join_groups=None, can_read_all_group_messages=None, supports_inline_queries=None, can_connect_to_business=None, has_main_web_app=None) sender_chat=None sender_boost_count=None sender_business_bot=None business_connection_id=None forward_origin=None is_topic_message=None is_automatic_forward=None reply_to_message=Message(message_id=235133, date=datetime.datetime(2026, 8, 19, 13, 58, 40, tzinfo=TzInfo(UTC)), chat=Chat(id=-1003992490466, type='supergroup', title='GHOST • mafia', username=None, first_name=None, last_name=None, is_forum=None, is_direct_messages=None, accent_color_id=None, active_usernames=None, available_reactions=None, background_custom_emoji_id=None, bio=None, birthdate=None, business_intro=None, business_location=None, business_opening_hours=None, can_set_sticker_set=None, custom_emoji_sticker_set_name=None, description=None, emoji_status_custom_emoji_id=None, emoji_status_expiration_date=None, has_aggressive_anti_spam_enabled=None, has_hidden_members=None, has_private_forwards=None, has_protected_content=None, has_restricted_voice_and_video_messages=None, has_visible_history=None, invite_link=None, join_by_request=None, join_to_send_messages=None, linked_chat_id=None, location=None, message_auto_delete_time=None, permissions=None, personal_chat=None, photo=None, pinned_message=None, profile_accent_color_id=None, profile_background_custom_emoji_id=None, slow_mode_delay=None, sticker_set_name=None, unrestrict_boost_count=None), message_thread_id=None, direct_messages_topic=None, from_user=User(id=8894100649, is_bot=True, first_name='WORLD MAFIA BOT \U0001f3c6', last_name=None, username='WorldMafiaBot', language_code=None, is_premium=None, added_to_attachment_menu=None, can_join_groups=None, can_read_all_group_messages=None, supports_inline_queries=None, can_connect_to_business=None, has_main_web_app=None), sender_chat=None, sender_boost_count=None, sender_business_bot=None, business_connection_id=None, forward_origin=None, is_topic_message=None, is_automatic_forward=None, reply_to_message=None, external_reply=None, quote=None, reply_to_story=None, reply_to_checklist_task_id=None, via_bot=None, edit_date=None, has_protected_content=True, is_from_offline=None, is_paid_post=None, media_group_id=None, author_signature=None, paid_star_count=None, text="Ro'yxatdan o'tish davom etmoqda!\nRo'yxatdan o'tganlar:\n\n\uf8ff\U0001f1fa\U0001f1f8\n\nJami: 1 ta", entities=[MessageEntity(type='bold', offset=0, length=32, url=None, user=None, language=None, custom_emoji_id=None), MessageEntity(type='bold', offset=33, length=21, url=None, user=None, language=None, custom_emoji_id=None), MessageEntity(type='text_mention', offset=56, length=5, url=None, user=User(id=7601257532, is_bot=False, first_name='\uf8ff\U0001f1fa\U0001f1f8', last_name=None, username='AFA_69', language_code='uz', is_premium=True, added_to_attachment_menu=None, can_join_groups=None, can_read_all_group_messages=None, supports_inline_queries=None, can_connect_to_business=None, has_main_web_app=None), language=None, custom_emoji_id=None), MessageEntity(type='bold', offset=63, length=5, url=None, user=None, language=None, custom_emoji_id=None)], link_preview_options=None, suggested_post_info=None, effect_id=None, animation=None, audio=None, document=None, paid_media=None, photo=None, sticker=None, story=None, video=None, video_note=None, voice=None, caption=None, caption_entities=None, show_caption_above_media=None, has_media_spoiler=None, checklist=None, contact=None, dice=None, game=None, poll=None, venue=None, location=None, new_chat_members=None, left_chat_member=None, new_chat_title=None, new_chat_photo=None, delete_chat_photo=None, group_chat_created=None, supergroup_chat_created=None, channel_chat_created=None, message_auto_delete_timer_changed=None, migrate_to_chat_id=None, migrate_from_chat_id=None, pinned_message=None, invoice=None, successful_payment=None, refunded_payment=None, users_shared=None, chat_shared=None, gift=None, unique_gift=None, connected_website=None, write_access_allowed=None, passport_data=None, proximity_alert_triggered=None, boost_added=None, chat_background_set=None, checklist_tasks_done=None, checklist_tasks_added=None, direct_message_price_changed=None, forum_topic_created=None, forum_topic_edited=None, forum_topic_closed=None, forum_topic_reopened=None, general_forum_topic_hidden=None, general_forum_topic_unhidden=None, giveaway_created=None, giveaway=None, giveaway_winners=None, giveaway_completed=None, paid_message_price_changed=None, suggested_post_approved=None, suggested_post_approval_failed=None, suggested_post_declined=None, suggested_post_paid=None, suggested_post_refunded=None, video_chat_scheduled=None, video_chat_started=None, video_chat_ended=None, video_chat_participants_invited=None, web_app_data=None, reply_markup=InlineKeyboardMarkup(inline_keyboard=[[InlineKeyboardButton(text="\U0001f935 Qo'shilish", url='https://t.me/WorldMafiaBot?start=join_2166_-1003992490466', callback_data=None, web_app=None, login_url=None, switch_inline_query=None, switch_inline_query_current_chat=None, switch_inline_query_chosen_chat=None, copy_text=None, callback_game=None, pay=None)]]), forward_date=None, forward_from=None, forward_from_chat=None, forward_from_message_id=None, forward_sender_name=None, forward_signature=None, user_shared=None) external_reply=None quote=None reply_to_story=None reply_to_checklist_task_id=None via_bot=None edit_date=None has_protected_content=True is_from_offline=None is_paid_post=None media_group_id=None author_signature=None paid_star_count=None text=None entities=None link_preview_options=None suggested_post_info=None effect_id=None animation=None audio=None document=None paid_media=None photo=None sticker=None story=None video=None video_note=None voice=None caption=None caption_entities=None show_caption_above_media=None has_media_spoiler=None checklist=None contact=None dice=None game=None poll=None venue=None location=None new_chat_members=None left_chat_member=None new_chat_title=None new_chat_photo=None delete_chat_photo=None group_chat_created=None supergroup_chat_created=None channel_chat_created=None message_auto_delete_timer_changed=None migrate_to_chat_id=None migrate_from_chat_id=None pinned_message=Message(message_id=235133, date=datetime.datetime(2026, 8, 19, 13, 58, 40, tzinfo=TzInfo(UTC)), chat=Chat(id=-1003992490466, type='supergroup', title='GHOST • mafia', username=None, first_name=None, last_name=None, is_forum=None, is_direct_messages=None, accent_color_id=None, active_usernames=None, available_reactions=None, background_custom_emoji_id=None, bio=None, birthdate=None, business_intro=None, business_location=None, business_opening_hours=None, can_set_sticker_set=None, custom_emoji_sticker_set_name=None, description=None, emoji_status_custom_emoji_id=None, emoji_status_expiration_date=None, has_aggressive_anti_spam_enabled=None, has_hidden_members=None, has_private_forwards=None, has_protected_content=None, has_restricted_voice_and_video_messages=None, has_visible_history=None, invite_link=None, join_by_request=None, join_to_send_messages=None, linked_chat_id=None, location=None, message_auto_delete_time=None, permissions=None, personal_chat=None, photo=None, pinned_message=None, profile_accent_color_id=None, profile_background_custom_emoji_id=None, slow_mode_delay=None, sticker_set_name=None, unrestrict_boost_count=None), message_thread_id=None, direct_messages_topic=None, from_user=User(id=8894100649, is_bot=True, first_name='WORLD MAFIA BOT \U0001f3c6', last_name=None, username='WorldMafiaBot', language_code=None, is_premium=None, added_to_attachment_menu=None, can_join_groups=None, can_read_all_group_messages=None, supports_inline_queries=None, can_connect_to_business=None, has_main_web_app=None), sender_chat=None, sender_boost_count=None, sender_business_bot=None, business_connection_id=None, forward_origin=None, is_topic_message=None, is_automatic_forward=None, reply_to_message=None, external_reply=None, quote=None, reply_to_story=None, reply_to_checklist_task_id=None, via_bot=None, edit_date=None, has_protected_content=True, is_from_offline=None, is_paid_post=None, media_group_id=None, author_signature=None, paid_star_count=None, text="Ro'yxatdan o'tish davom etmoqda!\nRo'yxatdan o'tganlar:\n\n\uf8ff\U0001f1fa\U0001f1f8\n\nJami: 1 ta", entities=[MessageEntity(type='bold', offset=0, length=32, url=None, user=None, language=None, custom_emoji_id=None), MessageEntity(type='bold', offset=33, length=21, url=None, user=None, language=None, custom_emoji_id=None), MessageEntity(type='text_mention', offset=56, length=5, url=None, user=User(id=7601257532, is_bot=False, first_name='\uf8ff\U0001f1fa\U0001f1f8', last_name=None, username='AFA_69', language_code='uz', is_premium=True, added_to_attachment_menu=None, can_join_groups=None, can_read_all_group_messages=None, supports_inline_queries=None, can_connect_to_business=None, has_main_web_app=None), language=None, custom_emoji_id=None), MessageEntity(type='bold', offset=63, length=5, url=None, user=None, language=None, custom_emoji_id=None)], link_preview_options=None, suggested_post_info=None, effect_id=None, animation=None, audio=None, document=None, paid_media=None, photo=None, sticker=None, story=None, video=None, video_note=None, voice=None, caption=None, caption_entities=None, show_caption_above_media=None, has_media_spoiler=None, checklist=None, contact=None, dice=None, game=None, poll=None, venue=None, location=None, new_chat_members=None, left_chat_member=None, new_chat_title=None, new_chat_photo=None, delete_chat_photo=None, group_chat_created=None, supergroup_chat_created=None, channel_chat_created=None, message_auto_delete_timer_changed=None, migrate_to_chat_id=None, migrate_from_chat_id=None, pinned_message=None, invoice=None, successful_payment=None, refunded_payment=None, users_shared=None, chat_shared=None, gift=None, unique_gift=None, connected_website=None, write_access_allowed=None, passport_data=None, proximity_alert_triggered=None, boost_added=None, chat_background_set=None, checklist_tasks_done=None, checklist_tasks_added=None, direct_message_price_changed=None, forum_topic_created=None, forum_topic_edited=None, forum_topic_closed=None, forum_topic_reopened=None, general_forum_topic_hidden=None, general_forum_topic_unhidden=None, giveaway_created=None, giveaway=None, giveaway_winners=None, giveaway_completed=None, paid_message_price_changed=None, suggested_post_approved=None, suggested_post_approval_failed=None, suggested_post_declined=None, suggested_post_paid=None, suggested_post_refunded=None, video_chat_scheduled=None, video_chat_started=None, video_chat_ended=None, video_chat_participants_invited=None, web_app_data=None, reply_markup=InlineKeyboardMarkup(inline_keyboard=[[InlineKeyboardButton(text="\U0001f935 Qo'shilish", url='https://t.me/WorldMafiaBot?start=join_2166_-1003992490466', callback_data=None, web_app=None, login_url=None, switch_inline_query=None, switch_inline_query_current_chat=None, switch_inline_query_chosen_chat=None, copy_text=None, callback_game=None, pay=None)]]), forward_date=None, forward_from=None, forward_from_chat=None, forward_from_message_id=None, forward_sender_name=None, forward_signature=None, user_shared=None) invoice=None successful_payment=None refunded_payment=None users_shared=None chat_shared=None gift=None unique_gift=None connected_website=None write_access_allowed=None passport_data=None proximity_alert_triggered=None boost_added=None chat_background_set=None checklist_tasks_done=None checklist_tasks_added=None direct_message_price_changed=None forum_topic_created=None forum_topic_edited=None forum_topic_closed=None forum_topic_reopened=None general_forum_topic_hidden=None general_forum_topic_unhidden=None giveaway_created=None giveaway=None giveaway_winners=None giveaway_completed=None paid_message_price_changed=None suggested_post_approved=None suggested_post_approval_failed=None suggested_post_declined=None suggested_post_paid=None suggested_post_refunded=None video_chat_scheduled=None video_chat_started=None video_chat_ended=None video_chat_participants_invited=None web_app_data=None reply_markup=None forward_date=None forward_from=None forward_from_chat=None forward_from_message_id=None forward_sender_name=None forward_signature=None user_shared=None
2026-08-19 18:58:40,100 | INFO | aiogram.event | Update id=466217623 is handled. Duration 15 ms by bot id=8894100649
2026-08-19 18:58:40,216 | INFO | aiogram.event | Update id=466217501 is handled. Duration 6483 ms by bot id=8894100649
2026-08-19 18:58:42,703 | INFO | apscheduler.executors.default | Running job "GameEngine.registration_watchdog (trigger: interval[0:00:05], next run at: 2026-08-19 13:58:47 UTC)" (scheduled at 2026-08-19 13:58:42.702445+00:00)
2026-08-19 18:58:42,709 | INFO | apscheduler.executors.default | Job "GameEngine.registration_watchdog (trigger: interval[0:00:05], next run at: 2026-08-19 13:58:47 UTC)" executed successfully
2026-08-19 18:58:47,723 | INFO | apscheduler.executors.default | Running job "GameEngine.registration_watchdog (trigger: interval[0:00:05], next run at: 2026-08-19 13:58:52 UTC)" (scheduled at 2026-08-19 13:58:47.702445+00:00)
2026-08-19 18:58:47,723 | INFO | apscheduler.executors.default | Running job "GameEngine.send_pending_diamond_logs (trigger: interval[0:00:30], next run at: 2026-08-19 13:59:17 UTC)" (scheduled at 2026-08-19 13:58:47.708289+00:00)
2026-08-19 18:58:47,731 | INFO | apscheduler.executors.default | Job "GameEngine.registration_watchdog (trigger: interval[0:00:05], next run at: 2026-08-19 13:58:52 UTC)" executed successfully
2026-08-19 18:58:47,732 | INFO | apscheduler.executors.default | Job "GameEngine.send_pending_diamond_logs (trigger: interval[0:00:30], next run at: 2026-08-19 13:59:17 UTC)" executed successfully
2026-08-19 18:58:52,724 | INFO | apscheduler.executors.default | Running job "GameEngine.registration_watchdog (trigger: interval[0:00:05], next run at: 2026-08-19 13:58:57 UTC)" (scheduled at 2026-08-19 13:58:52.702445+00:00)
2026-08-19 18:58:52,724 | INFO | apscheduler.executors.default | Job "GameEngine.registration_watchdog (trigger: interval[0:00:05], next run at: 2026-08-19 13:58:57 UTC)" executed successfully
2026-08-19 18:58:57,710 | INFO | apscheduler.executors.default | Running job "GameEngine.registration_watchdog (trigger: interval[0:00:05], next run at: 2026-08-19 13:59:02 UTC)" (scheduled at 2026-08-19 13:58:57.702445+00:00)
2026-08-19 18:58:57,710 | INFO | apscheduler.executors.default | Job "GameEngine.registration_watchdog (trigger: interval[0:00:05], next run at: 2026-08-19 13:59:02 UTC)" executed successfully
2026-08-19 18:59:02,709 | INFO | apscheduler.executors.default | Running job "GameEngine.registration_watchdog (trigger: interval[0:00:05], next run at: 2026-08-19 13:59:07 UTC)" (scheduled at 2026-08-19 13:59:02.702445+00:00)
2026-08-19 18:59:02,709 | INFO | apscheduler.executors.default | Job "GameEngine.registration_watchdog (trigger: interval[0:00:05], next run at: 2026-08-19 13:59:07 UTC)" executed successfully
2026-08-19 18:59:07,712 | INFO | apscheduler.executors.default | Running job "GameEngine.registration_watchdog (trigger: interval[0:00:05], next run at: 2026-08-19 13:59:12 UTC)" (scheduled at 2026-08-19 13:59:07.702445+00:00)
2026-08-19 18:59:07,712 | INFO | apscheduler.executors.default | Job "GameEngine.registration_watchdog (trigger: interval[0:00:05], next run at: 2026-08-19 13:59:12 UTC)" executed successfully
2026-08-19 18:59:08,607 | INFO | apscheduler.scheduler | Removed job reg_close_2166
2026-08-19 18:59:08,607 | INFO | apscheduler.executors.default | Running job "GameEngine.close_registration (trigger: date[2026-08-19 13:59:08 UTC], next run at: 2026-08-19 13:59:08 UTC)" (scheduled at 2026-08-19 13:59:08.601836+00:00)
2026-08-19 18:59:08,766 | INFO | apscheduler.scheduler | Removed job reg_warn_60_2168
2026-08-19 18:59:08,770 | INFO | apscheduler.executors.default | Running job "GameEngine.send_registration_warning (trigger: date[2026-08-19 13:59:08 UTC], next run at: 2026-08-19 13:59:08 UTC)" (scheduled at 2026-08-19 13:59:08.759214+00:00)
2026-08-19 18:59:09,034 | INFO | apscheduler.executors.default | Job "GameEngine.close_registration (trigger: date[2026-08-19 13:59:08 UTC], next run at: 2026-08-19 13:59:08 UTC)" executed successfully
2026-08-19 18:59:09,379 | WARNING | app.game_engine | Unable to update lobby message for game 2168
2026-08-19 18:59:09,584 | INFO | apscheduler.executors.default | Job "GameEngine.send_registration_warning (trigger: date[2026-08-19 13:59:08 UTC], next run at: 2026-08-19 13:59:08 UTC)" executed successfully
2026-08-19 18:59:12,706 | INFO | apscheduler.executors.default | Running job "GameEngine.registration_watchdog (trigger: interval[0:00:05], next run at: 2026-08-19 13:59:17 UTC)" (scheduled at 2026-08-19 13:59:12.702445+00:00)
2026-08-19 18:59:12,712 | INFO | apscheduler.executors.default | Job "GameEngine.registration_watchdog (trigger: interval[0:00:05], next run at: 2026-08-19 13:59:17 UTC)" executed successfully
2026-08-19 18:59:17,723 | INFO | apscheduler.executors.default | Running job "GameEngine.registration_watchdog (trigger: interval[0:00:05], next run at: 2026-08-19 13:59:22 UTC)" (scheduled at 2026-08-19 13:59:17.702445+00:00)
2026-08-19 18:59:17,730 | INFO | apscheduler.executors.default | Running job "GameEngine.send_pending_diamond_logs (trigger: interval[0:00:30], next run at: 2026-08-19 13:59:47 UTC)" (scheduled at 2026-08-19 13:59:17.708289+00:00)
2026-08-19 18:59:17,730 | INFO | apscheduler.executors.default | Running job "GameEngine.premium_reset_watchdog (trigger: interval[0:01:00], next run at: 2026-08-19 14:00:17 UTC)" (scheduled at 2026-08-19 13:59:17.708289+00:00)
2026-08-19 18:59:17,739 | INFO | apscheduler.executors.default | Job "GameEngine.registration_watchdog (trigger: interval[0:00:05], next run at: 2026-08-19 13:59:22 UTC)" executed successfully
2026-08-19 18:59:17,739 | INFO | apscheduler.executors.default | Job "GameEngine.premium_reset_watchdog (trigger: interval[0:01:00], next run at: 2026-08-19 14:00:17 UTC)" executed successfully
2026-08-19 18:59:17,739 | INFO | apscheduler.executors.default | Job "GameEngine.send_pending_diamond_logs (trigger: interval[0:00:30], next run at: 2026-08-19 13:59:47 UTC)" executed successfully
2026-08-19 18:59:21,832 | INFO | root | DEBUG_INCOMING Message from=8023214574 payload=/start join_2160_-1004442948493
2026-08-19 18:59:22,215 | INFO | aiogram.event | Update id=466217624 is handled. Duration 390 ms by bot id=8894100649
2026-08-19 18:59:22,713 | INFO | apscheduler.executors.default | Running job "GameEngine.registration_watchdog (trigger: interval[0:00:05], next run at: 2026-08-19 13:59:27 UTC)" (scheduled at 2026-08-19 13:59:22.702445+00:00)
2026-08-19 18:59:22,713 | INFO | apscheduler.executors.default | Job "GameEngine.registration_watchdog (trigger: interval[0:00:05], next run at: 2026-08-19 13:59:27 UTC)" executed successfully
2026-08-19 18:59:27,280 | INFO | root | DEBUG_INCOMING CallbackQuery from=8023214574 payload=shop:gifts
2026-08-19 18:59:27,562 | INFO | aiogram.event | Update id=466217625 is handled. Duration 297 ms by bot id=8894100649
2026-08-19 18:59:27,716 | INFO | apscheduler.executors.default | Running job "GameEngine.registration_watchdog (trigger: interval[0:00:05], next run at: 2026-08-19 13:59:32 UTC)" (scheduled at 2026-08-19 13:59:27.702445+00:00)
2026-08-19 18:59:27,716 | INFO | apscheduler.executors.default | Job "GameEngine.registration_watchdog (trigger: interval[0:00:05], next run at: 2026-08-19 13:59:32 UTC)" executed successfully
2026-08-19 18:59:32,715 | INFO | apscheduler.executors.default | Running job "GameEngine.registration_watchdog (trigger: interval[0:00:05], next run at: 2026-08-19 13:59:37 UTC)" (scheduled at 2026-08-19 13:59:32.702445+00:00)
2026-08-19 18:59:32,722 | INFO | apscheduler.executors.default | Job "GameEngine.registration_watchdog (trigger: interval[0:00:05], next run at: 2026-08-19 13:59:37 UTC)" executed successfully
2026-08-19 18:59:37,710 | INFO | apscheduler.executors.default | Running job "GameEngine.registration_watchdog (trigger: interval[0:00:05], next run at: 2026-08-19 13:59:42 UTC)" (scheduled at 2026-08-19 13:59:37.702445+00:00)
2026-08-19 18:59:37,710 | INFO | apscheduler.executors.default | Job "GameEngine.registration_watchdog (trigger: interval[0:00:05], next run at: 2026-08-19 13:59:42 UTC)" executed successfully
2026-08-19 18:59:42,710 | INFO | apscheduler.executors.default | Running job "GameEngine.registration_watchdog (trigger: interval[0:00:05], next run at: 2026-08-19 13:59:47 UTC)" (scheduled at 2026-08-19 13:59:42.702445+00:00)
2026-08-19 18:59:42,711 | INFO | apscheduler.executors.default | Job "GameEngine.registration_watchdog (trigger: interval[0:00:05], next run at: 2026-08-19 13:59:47 UTC)" executed successfully
2026-08-19 18:59:47,709 | INFO | apscheduler.executors.default | Running job "GameEngine.registration_watchdog (trigger: interval[0:00:05], next run at: 2026-08-19 13:59:52 UTC)" (scheduled at 2026-08-19 13:59:47.702445+00:00)
2026-08-19 18:59:47,709 | INFO | apscheduler.executors.default | Running job "GameEngine.send_pending_diamond_logs (trigger: interval[0:00:30], next run at: 2026-08-19 14:00:17 UTC)" (scheduled at 2026-08-19 13:59:47.708289+00:00)
2026-08-19 18:59:47,709 | INFO | apscheduler.executors.default | Job "GameEngine.registration_watchdog (trigger: interval[0:00:05], next run at: 2026-08-19 13:59:52 UTC)" executed successfully
2026-08-19 18:59:47,716 | INFO | apscheduler.executors.default | Job "GameEngine.send_pending_diamond_logs (trigger: interval[0:00:30], next run at: 2026-08-19 14:00:17 UTC)" executed successfully
2026-08-19 18:59:50,814 | INFO | root | DEBUG_INCOMING Message from=8023214574 payload=Nime aktiv pas
2026-08-19 18:59:50,835 | INFO | aiogram.event | Update id=466217626 is handled. Duration 15 ms by bot id=8894100649
2026-08-19 18:59:52,716 | INFO | apscheduler.executors.default | Running job "GameEngine.registration_watchdog (trigger: interval[0:00:05], next run at: 2026-08-19 13:59:57 UTC)" (scheduled at 2026-08-19 13:59:52.702445+00:00)
2026-08-19 18:59:52,716 | INFO | apscheduler.executors.default | Job "GameEngine.registration_watchdog (trigger: interval[0:00:05], next run at: 2026-08-19 13:59:57 UTC)" executed successfully
2026-08-19 18:59:57,711 | INFO | apscheduler.executors.default | Running job "GameEngine.registration_watchdog (trigger: interval[0:00:05], next run at: 2026-08-19 14:00:02 UTC)" (scheduled at 2026-08-19 13:59:57.702445+00:00)
2026-08-19 18:59:57,717 | INFO | apscheduler.executors.default | Job "GameEngine.registration_watchdog (trigger: interval[0:00:05], next run at: 2026-08-19 14:00:02 UTC)" executed successfully
2026-08-19 19:00:02,704 | INFO | apscheduler.executors.default | Running job "GameEngine.registration_watchdog (trigger: interval[0:00:05], next run at: 2026-08-19 14:00:07 UTC)" (scheduled at 2026-08-19 14:00:02.702445+00:00)
2026-08-19 19:00:02,710 | INFO | apscheduler.executors.default | Job "GameEngine.registration_watchdog (trigger: interval[0:00:05], next run at: 2026-08-19 14:00:07 UTC)" executed successfully
2026-08-19 19:00:07,710 | INFO | apscheduler.executors.default | Running job "GameEngine.registration_watchdog (trigger: interval[0:00:05], next run at: 2026-08-19 14:00:12 UTC)" (scheduled at 2026-08-19 14:00:07.702445+00:00)
2026-08-19 19:00:07,710 | INFO | apscheduler.executors.default | Job "GameEngine.registration_watchdog (trigger: interval[0:00:05], next run at: 2026-08-19 14:00:12 UTC)" executed successfully
2026-08-19 19:00:08,765 | INFO | apscheduler.scheduler | Removed job reg_close_2168
2026-08-19 19:00:08,766 | INFO | apscheduler.executors.default | Running job "GameEngine.close_registration (trigger: date[2026-08-19 14:00:08 UTC], next run at: 2026-08-19 14:00:08 UTC)" (scheduled at 2026-08-19 14:00:08.759214+00:00)
2026-08-19 19:00:09,349 | INFO | apscheduler.executors.default | Job "GameEngine.close_registration (trigger: date[2026-08-19 14:00:08 UTC], next run at: 2026-08-19 14:00:08 UTC)" executed successfully
2026-08-19 19:00:12,720 | INFO | apscheduler.executors.default | Running job "GameEngine.registration_watchdog (trigger: interval[0:00:05], next run at: 2026-08-19 14:00:17 UTC)" (scheduled at 2026-08-19 14:00:12.702445+00:00)
2026-08-19 19:00:12,727 | INFO | apscheduler.executors.default | Job "GameEngine.registration_watchdog (trigger: interval[0:00:05], next run at: 2026-08-19 14:00:17 UTC)" executed successfully
2026-08-19 19:00:17,720 | INFO | apscheduler.executors.default | Running job "GameEngine.registration_watchdog (trigger: interval[0:00:05], next run at: 2026-08-19 14:00:22 UTC)" (scheduled at 2026-08-19 14:00:17.702445+00:00)
2026-08-19 19:00:17,727 | INFO | apscheduler.executors.default | Running job "GameEngine.send_pending_diamond_logs (trigger: interval[0:00:30], next run at: 2026-08-19 14:00:47 UTC)" (scheduled at 2026-08-19 14:00:17.708289+00:00)
2026-08-19 19:00:17,727 | INFO | apscheduler.executors.default | Running job "GameEngine.premium_reset_watchdog (trigger: interval[0:01:00], next run at: 2026-08-19 14:01:17 UTC)" (scheduled at 2026-08-19 14:00:17.708289+00:00)
2026-08-19 19:00:17,737 | INFO | apscheduler.executors.default | Job "GameEngine.registration_watchdog (trigger: interval[0:00:05], next run at: 2026-08-19 14:00:22 UTC)" executed successfully
2026-08-19 19:00:17,737 | INFO | apscheduler.executors.default | Job "GameEngine.premium_reset_watchdog (trigger: interval[0:01:00], next run at: 2026-08-19 14:01:17 UTC)" executed successfully
2026-08-19 19:00:17,737 | INFO | apscheduler.executors.default | Job "GameEngine.send_pending_diamond_logs (trigger: interval[0:00:30], next run at: 2026-08-19 14:00:47 UTC)" executed successfully
2026-08-19 19:00:22,703 | INFO | apscheduler.executors.default | Running job "GameEngine.registration_watchdog (trigger: interval[0:00:05], next run at: 2026-08-19 14:00:27 UTC)" (scheduled at 2026-08-19 14:00:22.702445+00:00)
2026-08-19 19:00:22,710 | INFO | apscheduler.executors.default | Job "GameEngine.registration_watchdog (trigger: interval[0:00:05], next run at: 2026-08-19 14:00:27 UTC)" executed successfully
2026-08-19 19:00:27,724 | INFO | apscheduler.executors.default | Running job "GameEngine.registration_watchdog (trigger: interval[0:00:05], next run at: 2026-08-19 14:00:32 UTC)" (scheduled at 2026-08-19 14:00:27.702445+00:00)
2026-08-19 19:00:27,732 | INFO | apscheduler.executors.default | Job "GameEngine.registration_watchdog (trigger: interval[0:00:05], next run at: 2026-08-19 14:00:32 UTC)" executed successfully
2026-08-19 19:00:32,715 | INFO | apscheduler.executors.default | Running job "GameEngine.registration_watchdog (trigger: interval[0:00:05], next run at: 2026-08-19 14:00:37 UTC)" (scheduled at 2026-08-19 14:00:32.702445+00:00)
2026-08-19 19:00:32,715 | INFO | apscheduler.executors.default | Job "GameEngine.registration_watchdog (trigger: interval[0:00:05], next run at: 2026-08-19 14:00:37 UTC)" executed successfully
2026-08-19 19:00:37,707 | INFO | apscheduler.executors.default | Running job "GameEngine.registration_watchdog (trigger: interval[0:00:05], next run at: 2026-08-19 14:00:42 UTC)" (scheduled at 2026-08-19 14:00:37.702445+00:00)
2026-08-19 19:00:37,707 | INFO | apscheduler.executors.default | Job "GameEngine.registration_watchdog (trigger: interval[0:00:05], next run at: 2026-08-19 14:00:42 UTC)" executed successfully
2026-08-19 19:00:42,716 | INFO | apscheduler.executors.default | Running job "GameEngine.registration_watchdog (trigger: interval[0:00:05], next run at: 2026-08-19 14:00:47 UTC)" (scheduled at 2026-08-19 14:00:42.702445+00:00)
2026-08-19 19:00:42,725 | INFO | apscheduler.executors.default | Job "GameEngine.registration_watchdog (trigger: interval[0:00:05], next run at: 2026-08-19 14:00:47 UTC)" executed successfully
2026-08-19 19:00:47,714 | INFO | apscheduler.executors.default | Running job "GameEngine.registration_watchdog (trigger: interval[0:00:05], next run at: 2026-08-19 14:00:52 UTC)" (scheduled at 2026-08-19 14:00:47.702445+00:00)
2026-08-19 19:00:47,720 | INFO | apscheduler.executors.default | Running job "GameEngine.send_pending_diamond_logs (trigger: interval[0:00:30], next run at: 2026-08-19 14:01:17 UTC)" (scheduled at 2026-08-19 14:00:47.708289+00:00)
2026-08-19 19:00:47,720 | INFO | apscheduler.executors.default | Job "GameEngine.registration_watchdog (trigger: interval[0:00:05], next run at: 2026-08-19 14:00:52 UTC)" executed successfully
2026-08-19 19:00:47,730 | INFO | apscheduler.executors.default | Job "GameEngine.send_pending_diamond_logs (trigger: interval[0:00:30], next run at: 2026-08-19 14:01:17 UTC)" executed successfully
2026-08-19 19:00:52,716 | INFO | apscheduler.executors.default | Running job "GameEngine.registration_watchdog (trigger: interval[0:00:05], next run at: 2026-08-19 14:00:57 UTC)" (scheduled at 2026-08-19 14:00:52.702445+00:00)
2026-08-19 19:00:52,724 | INFO | apscheduler.executors.default | Job "GameEngine.registration_watchdog (trigger: interval[0:00:05], next run at: 2026-08-19 14:00:57 UTC)" executed successfully
2026-08-19 19:00:57,703 | INFO | apscheduler.executors.default | Running job "GameEngine.registration_watchdog (trigger: interval[0:00:05], next run at: 2026-08-19 14:01:02 UTC)" (scheduled at 2026-08-19 14:00:57.702445+00:00)
2026-08-19 19:00:57,703 | INFO | apscheduler.executors.default | Job "GameEngine.registration_watchdog (trigger: interval[0:00:05], next run at: 2026-08-19 14:01:02 UTC)" executed successfully
2026-08-19 19:01:02,712 | INFO | apscheduler.executors.default | Running job "GameEngine.registration_watchdog (trigger: interval[0:00:05], next run at: 2026-08-19 14:01:07 UTC)" (scheduled at 2026-08-19 14:01:02.702445+00:00)
2026-08-19 19:01:02,723 | INFO | apscheduler.executors.default | Job "GameEngine.registration_watchdog (trigger: interval[0:00:05], next run at: 2026-08-19 14:01:07 UTC)" executed successfully
2026-08-19 19:01:07,709 | INFO | apscheduler.executors.default | Running job "GameEngine.registration_watchdog (trigger: interval[0:00:05], next run at: 2026-08-19 14:01:12 UTC)" (scheduled at 2026-08-19 14:01:07.702445+00:00)
2026-08-19 19:01:07,717 | INFO | apscheduler.executors.default | Job "GameEngine.registration_watchdog (trigger: interval[0:00:05], next run at: 2026-08-19 14:01:12 UTC)" executed successfully
2026-08-19 19:01:12,708 | INFO | apscheduler.executors.default | Running job "GameEngine.registration_watchdog (trigger: interval[0:00:05], next run at: 2026-08-19 14:01:17 UTC)" (scheduled at 2026-08-19 14:01:12.702445+00:00)
2026-08-19 19:01:12,715 | INFO | apscheduler.executors.default | Job "GameEngine.registration_watchdog (trigger: interval[0:00:05], next run at: 2026-08-19 14:01:17 UTC)" executed successfully
2026-08-19 19:01:17,711 | INFO | apscheduler.executors.default | Running job "GameEngine.registration_watchdog (trigger: interval[0:00:05], next run at: 2026-08-19 14:01:22 UTC)" (scheduled at 2026-08-19 14:01:17.702445+00:00)
2026-08-19 19:01:17,719 | INFO | apscheduler.executors.default | Running job "GameEngine.send_pending_diamond_logs (trigger: interval[0:00:30], next run at: 2026-08-19 14:01:47 UTC)" (scheduled at 2026-08-19 14:01:17.708289+00:00)
2026-08-19 19:01:17,720 | INFO | apscheduler.executors.default | Running job "GameEngine.premium_reset_watchdog (trigger: interval[0:01:00], next run at: 2026-08-19 14:02:17 UTC)" (scheduled at 2026-08-19 14:01:17.708289+00:00)
2026-08-19 19:01:17,741 | INFO | apscheduler.executors.default | Job "GameEngine.registration_watchdog (trigger: interval[0:00:05], next run at: 2026-08-19 14:01:22 UTC)" executed successfully
2026-08-19 19:01:17,747 | INFO | apscheduler.executors.default | Job "GameEngine.premium_reset_watchdog (trigger: interval[0:01:00], next run at: 2026-08-19 14:02:17 UTC)" executed successfully
2026-08-19 19:01:17,751 | INFO | apscheduler.executors.default | Job "GameEngine.send_pending_diamond_logs (trigger: interval[0:00:30], next run at: 2026-08-19 14:01:47 UTC)" executed successfully
2026-08-19 19:01:22,709 | INFO | apscheduler.executors.default | Running job "GameEngine.registration_watchdog (trigger: interval[0:00:05], next run at: 2026-08-19 14:01:27 UTC)" (scheduled at 2026-08-19 14:01:22.702445+00:00)
2026-08-19 19:01:22,712 | INFO | apscheduler.executors.default | Job "GameEngine.registration_watchdog (trigger: interval[0:00:05], next run at: 2026-08-19 14:01:27 UTC)" executed successfully
2026-08-19 19:01:27,723 | INFO | apscheduler.executors.default | Running job "GameEngine.registration_watchdog (trigger: interval[0:00:05], next run at: 2026-08-19 14:01:32 UTC)" (scheduled at 2026-08-19 14:01:27.702445+00:00)
2026-08-19 19:01:27,729 | INFO | apscheduler.executors.default | Job "GameEngine.registration_watchdog (trigger: interval[0:00:05], next run at: 2026-08-19 14:01:32 UTC)" executed successfully
2026-08-19 19:01:29,610 | INFO | root | DEBUG_INCOMING Message from=7601257532 payload=Qaysi botda uynaymz
2026-08-19 19:01:29,642 | INFO | aiogram.event | Update id=466217627 is handled. Duration 47 ms by bot id=8894100649
2026-08-19 19:01:32,703 | INFO | apscheduler.executors.default | Running job "GameEngine.registration_watchdog (trigger: interval[0:00:05], next run at: 2026-08-19 14:01:37 UTC)" (scheduled at 2026-08-19 14:01:32.702445+00:00)
2026-08-19 19:01:32,710 | INFO | apscheduler.executors.default | Job "GameEngine.registration_watchdog (trigger: interval[0:00:05], next run at: 2026-08-19 14:01:37 UTC)" executed successfully
2026-08-19 19:01:37,716 | INFO | apscheduler.executors.default | Running job "GameEngine.registration_watchdog (trigger: interval[0:00:05], next run at: 2026-08-19 14:01:42 UTC)" (scheduled at 2026-08-19 14:01:37.702445+00:00)
2026-08-19 19:01:37,722 | INFO | apscheduler.executors.default | Job "GameEngine.registration_watchdog (trigger: interval[0:00:05], next run at: 2026-08-19 14:01:42 UTC)" executed successfully
2026-08-19 19:01:42,705 | INFO | apscheduler.executors.default | Running job "GameEngine.registration_watchdog (trigger: interval[0:00:05], next run at: 2026-08-19 14:01:47 UTC)" (scheduled at 2026-08-19 14:01:42.702445+00:00)
2026-08-19 19:01:42,711 | INFO | apscheduler.executors.default | Job "GameEngine.registration_watchdog (trigger: interval[0:00:05], next run at: 2026-08-19 14:01:47 UTC)" executed successfully
2026-08-19 19:01:47,709 | INFO | apscheduler.executors.default | Running job "GameEngine.registration_watchdog (trigger: interval[0:00:05], next run at: 2026-08-19 14:01:52 UTC)" (scheduled at 2026-08-19 14:01:47.702445+00:00)
2026-08-19 19:01:47,711 | INFO | apscheduler.executors.default | Running job "GameEngine.send_pending_diamond_logs (trigger: interval[0:00:30], next run at: 2026-08-19 14:02:17 UTC)" (scheduled at 2026-08-19 14:01:47.708289+00:00)
2026-08-19 19:01:47,718 | INFO | apscheduler.executors.default | Job "GameEngine.registration_watchdog (trigger: interval[0:00:05], next run at: 2026-08-19 14:01:52 UTC)" executed successfully
2026-08-19 19:01:47,726 | INFO | apscheduler.executors.default | Job "GameEngine.send_pending_diamond_logs (trigger: interval[0:00:30], next run at: 2026-08-19 14:02:17 UTC)" executed successfully
2026-08-19 19:01:52,709 | INFO | apscheduler.executors.default | Running job "GameEngine.registration_watchdog (trigger: interval[0:00:05], next run at: 2026-08-19 14:01:57 UTC)" (scheduled at 2026-08-19 14:01:52.702445+00:00)
2026-08-19 19:01:52,716 | INFO | apscheduler.executors.default | Job "GameEngine.registration_watchdog (trigger: interval[0:00:05], next run at: 2026-08-19 14:01:57 UTC)" executed successfully
2026-08-19 19:01:57,716 | INFO | apscheduler.executors.default | Running job "GameEngine.registration_watchdog (trigger: interval[0:00:05], next run at: 2026-08-19 14:02:02 UTC)" (scheduled at 2026-08-19 14:01:57.702445+00:00)
2026-08-19 19:01:57,716 | INFO | apscheduler.executors.default | Job "GameEngine.registration_watchdog (trigger: interval[0:00:05], next run at: 2026-08-19 14:02:02 UTC)" executed successfully
2026-08-19 19:02:02,710 | INFO | apscheduler.executors.default | Running job "GameEngine.registration_watchdog (trigger: interval[0:00:05], next run at: 2026-08-19 14:02:07 UTC)" (scheduled at 2026-08-19 14:02:02.702445+00:00)
2026-08-19 19:02:02,721 | INFO | apscheduler.executors.default | Job "GameEngine.registration_watchdog (trigger: interval[0:00:05], next run at: 2026-08-19 14:02:07 UTC)" executed successfully
2026-08-19 19:02:07,709 | INFO | apscheduler.executors.default | Running job "GameEngine.registration_watchdog (trigger: interval[0:00:05], next run at: 2026-08-19 14:02:12 UTC)" (scheduled at 2026-08-19 14:02:07.702445+00:00)
2026-08-19 19:02:07,717 | INFO | apscheduler.executors.default | Job "GameEngine.registration_watchdog (trigger: interval[0:00:05], next run at: 2026-08-19 14:02:12 UTC)" executed successfully
2026-08-19 19:02:12,709 | INFO | apscheduler.executors.default | Running job "GameEngine.registration_watchdog (trigger: interval[0:00:05], next run at: 2026-08-19 14:02:17 UTC)" (scheduled at 2026-08-19 14:02:12.702445+00:00)
2026-08-19 19:02:12,720 | INFO | apscheduler.executors.default | Job "GameEngine.registration_watchdog (trigger: interval[0:00:05], next run at: 2026-08-19 14:02:17 UTC)" executed successfully
2026-08-19 19:02:17,717 | INFO | apscheduler.executors.default | Running job "GameEngine.registration_watchdog (trigger: interval[0:00:05], next run at: 2026-08-19 14:02:22 UTC)" (scheduled at 2026-08-19 14:02:17.702445+00:00)
2026-08-19 19:02:17,717 | INFO | apscheduler.executors.default | Running job "GameEngine.send_pending_diamond_logs (trigger: interval[0:00:30], next run at: 2026-08-19 14:02:47 UTC)" (scheduled at 2026-08-19 14:02:17.708289+00:00)
2026-08-19 19:02:17,717 | INFO | apscheduler.executors.default | Running job "GameEngine.premium_reset_watchdog (trigger: interval[0:01:00], next run at: 2026-08-19 14:03:17 UTC)" (scheduled at 2026-08-19 14:02:17.708289+00:00)
2026-08-19 19:02:17,717 | INFO | apscheduler.executors.default | Job "GameEngine.registration_watchdog (trigger: interval[0:00:05], next run at: 2026-08-19 14:02:22 UTC)" executed successfully
2026-08-19 19:02:17,717 | INFO | apscheduler.executors.default | Job "GameEngine.premium_reset_watchdog (trigger: interval[0:01:00], next run at: 2026-08-19 14:03:17 UTC)" executed successfully
2026-08-19 19:02:17,733 | INFO | apscheduler.executors.default | Job "GameEngine.send_pending_diamond_logs (trigger: interval[0:00:30], next run at: 2026-08-19 14:02:47 UTC)" executed successfully
2026-08-19 19:02:22,723 | INFO | apscheduler.executors.default | Running job "GameEngine.registration_watchdog (trigger: interval[0:00:05], next run at: 2026-08-19 14:02:27 UTC)" (scheduled at 2026-08-19 14:02:22.702445+00:00)
2026-08-19 19:02:22,731 | INFO | apscheduler.executors.default | Job "GameEngine.registration_watchdog (trigger: interval[0:00:05], next run at: 2026-08-19 14:02:27 UTC)" executed successfully
2026-08-19 19:02:27,704 | INFO | apscheduler.executors.default | Running job "GameEngine.registration_watchdog (trigger: interval[0:00:05], next run at: 2026-08-19 14:02:32 UTC)" (scheduled at 2026-08-19 14:02:27.702445+00:00)
2026-08-19 19:02:27,705 | INFO | apscheduler.executors.default | Job "GameEngine.registration_watchdog (trigger: interval[0:00:05], next run at: 2026-08-19 14:02:32 UTC)" executed successfully
2026-08-19 19:02:32,716 | INFO | apscheduler.executors.default | Running job "GameEngine.registration_watchdog (trigger: interval[0:00:05], next run at: 2026-08-19 14:02:37 UTC)" (scheduled at 2026-08-19 14:02:32.702445+00:00)
2026-08-19 19:02:32,723 | INFO | apscheduler.executors.default | Job "GameEngine.registration_watchdog (trigger: interval[0:00:05], next run at: 2026-08-19 14:02:37 UTC)" executed successfully
2026-08-19 19:02:37,715 | INFO | apscheduler.executors.default | Running job "GameEngine.registration_watchdog (trigger: interval[0:00:05], next run at: 2026-08-19 14:02:42 UTC)" (scheduled at 2026-08-19 14:02:37.702445+00:00)
2026-08-19 19:02:37,715 | INFO | apscheduler.executors.default | Job "GameEngine.registration_watchdog (trigger: interval[0:00:05], next run at: 2026-08-19 14:02:42 UTC)" executed successfully
2026-08-19 19:02:38,255 | INFO | apscheduler.scheduler | Removed job reg_warn_60_2167
2026-08-19 19:02:38,255 | INFO | apscheduler.executors.default | Running job "GameEngine.send_registration_warning (trigger: date[2026-08-19 14:02:38 UTC], next run at: 2026-08-19 14:02:38 UTC)" (scheduled at 2026-08-19 14:02:38.245163+00:00)
2026-08-19 19:02:38,460 | WARNING | app.game_engine | Unable to update lobby message for game 2167
2026-08-19 19:02:38,717 | INFO | apscheduler.executors.default | Job "GameEngine.send_registration_warning (trigger: date[2026-08-19 14:02:38 UTC], next run at: 2026-08-19 14:02:38 UTC)" executed successfully
2026-08-19 19:02:42,710 | INFO | apscheduler.executors.default | Running job "GameEngine.registration_watchdog (trigger: interval[0:00:05], next run at: 2026-08-19 14:02:47 UTC)" (scheduled at 2026-08-19 14:02:42.702445+00:00)
2026-08-19 19:02:42,710 | INFO | apscheduler.executors.default | Job "GameEngine.registration_watchdog (trigger: interval[0:00:05], next run at: 2026-08-19 14:02:47 UTC)" executed successfully
2026-08-19 19:02:47,718 | INFO | apscheduler.executors.default | Running job "GameEngine.registration_watchdog (trigger: interval[0:00:05], next run at: 2026-08-19 14:02:52 UTC)" (scheduled at 2026-08-19 14:02:47.702445+00:00)
2026-08-19 19:02:47,725 | INFO | apscheduler.executors.default | Running job "GameEngine.send_pending_diamond_logs (trigger: interval[0:00:30], next run at: 2026-08-19 14:03:17 UTC)" (scheduled at 2026-08-19 14:02:47.708289+00:00)
2026-08-19 19:02:47,731 | INFO | apscheduler.executors.default | Job "GameEngine.registration_watchdog (trigger: interval[0:00:05], next run at: 2026-08-19 14:02:52 UTC)" executed successfully
2026-08-19 19:02:47,732 | INFO | apscheduler.executors.default | Job "GameEngine.send_pending_diamond_logs (trigger: interval[0:00:30], next run at: 2026-08-19 14:03:17 UTC)" executed successfully
2026-08-19 19:02:52,716 | INFO | apscheduler.executors.default | Running job "GameEngine.registration_watchdog (trigger: interval[0:00:05], next run at: 2026-08-19 14:02:57 UTC)" (scheduled at 2026-08-19 14:02:52.702445+00:00)
2026-08-19 19:02:52,716 | INFO | apscheduler.executors.default | Job "GameEngine.registration_watchdog (trigger: interval[0:00:05], next run at: 2026-08-19 14:02:57 UTC)" executed successfully
2026-08-19 19:02:57,703 | INFO | apscheduler.executors.default | Running job "GameEngine.registration_watchdog (trigger: interval[0:00:05], next run at: 2026-08-19 14:03:02 UTC)" (scheduled at 2026-08-19 14:02:57.702445+00:00)
2026-08-19 19:02:57,703 | INFO | apscheduler.executors.default | Job "GameEngine.registration_watchdog (trigger: interval[0:00:05], next run at: 2026-08-19 14:03:02 UTC)" executed successfully
2026-08-19 19:03:02,720 | INFO | apscheduler.executors.default | Running job "GameEngine.registration_watchdog (trigger: interval[0:00:05], next run at: 2026-08-19 14:03:07 UTC)" (scheduled at 2026-08-19 14:03:02.702445+00:00)
2026-08-19 19:03:02,724 | INFO | apscheduler.executors.default | Job "GameEngine.registration_watchdog (trigger: interval[0:00:05], next run at: 2026-08-19 14:03:07 UTC)" executed successfully
2026-08-19 19:03:07,713 | INFO | apscheduler.executors.default | Running job "GameEngine.registration_watchdog (trigger: interval[0:00:05], next run at: 2026-08-19 14:03:12 UTC)" (scheduled at 2026-08-19 14:03:07.702445+00:00)
2026-08-19 19:03:07,722 | INFO | apscheduler.executors.default | Job "GameEngine.registration_watchdog (trigger: interval[0:00:05], next run at: 2026-08-19 14:03:12 UTC)" executed successfully
2026-08-19 19:03:12,706 | INFO | apscheduler.executors.default | Running job "GameEngine.registration_watchdog (trigger: interval[0:00:05], next run at: 2026-08-19 14:03:17 UTC)" (scheduled at 2026-08-19 14:03:12.702445+00:00)
2026-08-19 19:03:12,717 | INFO | apscheduler.executors.default | Job "GameEngine.registration_watchdog (trigger: interval[0:00:05], next run at: 2026-08-19 14:03:17 UTC)" executed successfully
2026-08-19 19:03:17,708 | INFO | apscheduler.executors.default | Running job "GameEngine.registration_watchdog (trigger: interval[0:00:05], next run at: 2026-08-19 14:03:22 UTC)" (scheduled at 2026-08-19 14:03:17.702445+00:00)
2026-08-19 19:03:17,712 | INFO | apscheduler.executors.default | Running job "GameEngine.send_pending_diamond_logs (trigger: interval[0:00:30], next run at: 2026-08-19 14:03:47 UTC)" (scheduled at 2026-08-19 14:03:17.708289+00:00)
2026-08-19 19:03:17,712 | INFO | apscheduler.executors.default | Running job "GameEngine.premium_reset_watchdog (trigger: interval[0:01:00], next run at: 2026-08-19 14:04:17 UTC)" (scheduled at 2026-08-19 14:03:17.708289+00:00)
2026-08-19 19:03:17,724 | INFO | apscheduler.executors.default | Job "GameEngine.registration_watchdog (trigger: interval[0:00:05], next run at: 2026-08-19 14:03:22 UTC)" executed successfully
2026-08-19 19:03:17,724 | INFO | apscheduler.executors.default | Job "GameEngine.premium_reset_watchdog (trigger: interval[0:01:00], next run at: 2026-08-19 14:04:17 UTC)" executed successfully
2026-08-19 19:03:17,724 | INFO | apscheduler.executors.default | Job "GameEngine.send_pending_diamond_logs (trigger: interval[0:00:30], next run at: 2026-08-19 14:03:47 UTC)" executed successfully
2026-08-19 19:03:22,706 | INFO | apscheduler.executors.default | Running job "GameEngine.registration_watchdog (trigger: interval[0:00:05], next run at: 2026-08-19 14:03:27 UTC)" (scheduled at 2026-08-19 14:03:22.702445+00:00)
2026-08-19 19:03:22,713 | INFO | apscheduler.executors.default | Job "GameEngine.registration_watchdog (trigger: interval[0:00:05], next run at: 2026-08-19 14:03:27 UTC)" executed successfully
2026-08-19 19:03:27,718 | INFO | apscheduler.executors.default | Running job "GameEngine.registration_watchdog (trigger: interval[0:00:05], next run at: 2026-08-19 14:03:32 UTC)" (scheduled at 2026-08-19 14:03:27.702445+00:00)
2026-08-19 19:03:27,722 | INFO | apscheduler.executors.default | Job "GameEngine.registration_watchdog (trigger: interval[0:00:05], next run at: 2026-08-19 14:03:32 UTC)" executed successfully
2026-08-19 19:03:32,713 | INFO | apscheduler.executors.default | Running job "GameEngine.registration_watchdog (trigger: interval[0:00:05], next run at: 2026-08-19 14:03:37 UTC)" (scheduled at 2026-08-19 14:03:32.702445+00:00)
2026-08-19 19:03:32,719 | INFO | apscheduler.executors.default | Job "GameEngine.registration_watchdog (trigger: interval[0:00:05], next run at: 2026-08-19 14:03:37 UTC)" executed successfully
2026-08-19 19:03:37,707 | INFO | apscheduler.executors.default | Running job "GameEngine.registration_watchdog (trigger: interval[0:00:05], next run at: 2026-08-19 14:03:42 UTC)" (scheduled at 2026-08-19 14:03:37.702445+00:00)
2026-08-19 19:03:37,711 | INFO | apscheduler.executors.default | Job "GameEngine.registration_watchdog (trigger: interval[0:00:05], next run at: 2026-08-19 14:03:42 UTC)" executed successfully
2026-08-19 19:03:38,256 | INFO | apscheduler.scheduler | Removed job reg_close_2167
2026-08-19 19:03:38,263 | INFO | apscheduler.executors.default | Running job "GameEngine.close_registration (trigger: date[2026-08-19 14:03:38 UTC], next run at: 2026-08-19 14:03:38 UTC)" (scheduled at 2026-08-19 14:03:38.245163+00:00)
2026-08-19 19:03:38,825 | INFO | apscheduler.executors.default | Job "GameEngine.close_registration (trigger: date[2026-08-19 14:03:38 UTC], next run at: 2026-08-19 14:03:38 UTC)" executed successfully
2026-08-19 19:03:42,719 | INFO | apscheduler.executors.default | Running job "GameEngine.registration_watchdog (trigger: interval[0:00:05], next run at: 2026-08-19 14:03:47 UTC)" (scheduled at 2026-08-19 14:03:42.702445+00:00)
2026-08-19 19:03:42,725 | INFO | apscheduler.executors.default | Job "GameEngine.registration_watchdog (trigger: interval[0:00:05], next run at: 2026-08-19 14:03:47 UTC)" executed successfully
2026-08-19 19:03:47,723 | INFO | apscheduler.executors.default | Running job "GameEngine.registration_watchdog (trigger: interval[0:00:05], next run at: 2026-08-19 14:03:52 UTC)" (scheduled at 2026-08-19 14:03:47.702445+00:00)
2026-08-19 19:03:47,725 | INFO | apscheduler.executors.default | Running job "GameEngine.send_pending_diamond_logs (trigger: interval[0:00:30], next run at: 2026-08-19 14:04:17 UTC)" (scheduled at 2026-08-19 14:03:47.708289+00:00)
2026-08-19 19:03:47,730 | INFO | apscheduler.executors.default | Job "GameEngine.registration_watchdog (trigger: interval[0:00:05], next run at: 2026-08-19 14:03:52 UTC)" executed successfully
2026-08-19 19:03:47,734 | INFO | apscheduler.executors.default | Job "GameEngine.send_pending_diamond_logs (trigger: interval[0:00:30], next run at: 2026-08-19 14:04:17 UTC)" executed successfully
2026-08-19 19:03:52,702 | INFO | apscheduler.executors.default | Running job "GameEngine.registration_watchdog (trigger: interval[0:00:05], next run at: 2026-08-19 14:03:57 UTC)" (scheduled at 2026-08-19 14:03:52.702445+00:00)
2026-08-19 19:03:52,706 | INFO | apscheduler.executors.default | Job "GameEngine.registration_watchdog (trigger: interval[0:00:05], next run at: 2026-08-19 14:03:57 UTC)" executed successfully
2026-08-19 19:03:57,716 | INFO | apscheduler.executors.default | Running job "GameEngine.registration_watchdog (trigger: interval[0:00:05], next run at: 2026-08-19 14:04:02 UTC)" (scheduled at 2026-08-19 14:03:57.702445+00:00)
2026-08-19 19:03:57,720 | INFO | apscheduler.executors.default | Job "GameEngine.registration_watchdog (trigger: interval[0:00:05], next run at: 2026-08-19 14:04:02 UTC)" executed successfully
2026-08-19 19:04:02,717 | INFO | apscheduler.executors.default | Running job "GameEngine.registration_watchdog (trigger: interval[0:00:05], next run at: 2026-08-19 14:04:07 UTC)" (scheduled at 2026-08-19 14:04:02.702445+00:00)
2026-08-19 19:04:02,717 | INFO | apscheduler.executors.default | Job "GameEngine.registration_watchdog (trigger: interval[0:00:05], next run at: 2026-08-19 14:04:07 UTC)" executed successfully
2026-08-19 19:04:07,710 | INFO | apscheduler.executors.default | Running job "GameEngine.registration_watchdog (trigger: interval[0:00:05], next run at: 2026-08-19 14:04:12 UTC)" (scheduled at 2026-08-19 14:04:07.702445+00:00)
2026-08-19 19:04:07,717 | INFO | apscheduler.executors.default | Job "GameEngine.registration_watchdog (trigger: interval[0:00:05], next run at: 2026-08-19 14:04:12 UTC)" executed successfully
2026-08-19 19:04:12,705 | INFO | apscheduler.executors.default | Running job "GameEngine.registration_watchdog (trigger: interval[0:00:05], next run at: 2026-08-19 14:04:17 UTC)" (scheduled at 2026-08-19 14:04:12.702445+00:00)
2026-08-19 19:04:12,717 | INFO | apscheduler.executors.default | Job "GameEngine.registration_watchdog (trigger: interval[0:00:05], next run at: 2026-08-19 14:04:17 UTC)" executed successfully
2026-08-19 19:04:17,704 | INFO | apscheduler.executors.default | Running job "GameEngine.registration_watchdog (trigger: interval[0:00:05], next run at: 2026-08-19 14:04:22 UTC)" (scheduled at 2026-08-19 14:04:17.702445+00:00)
2026-08-19 19:04:17,704 | INFO | apscheduler.executors.default | Job "GameEngine.registration_watchdog (trigger: interval[0:00:05], next run at: 2026-08-19 14:04:22 UTC)" executed successfully
2026-08-19 19:04:17,711 | INFO | apscheduler.executors.default | Running job "GameEngine.send_pending_diamond_logs (trigger: interval[0:00:30], next run at: 2026-08-19 14:04:47 UTC)" (scheduled at 2026-08-19 14:04:17.708289+00:00)
2026-08-19 19:04:17,711 | INFO | apscheduler.executors.default | Running job "GameEngine.premium_reset_watchdog (trigger: interval[0:01:00], next run at: 2026-08-19 14:05:17 UTC)" (scheduled at 2026-08-19 14:04:17.708289+00:00)
2026-08-19 19:04:17,720 | INFO | apscheduler.executors.default | Job "GameEngine.premium_reset_watchdog (trigger: interval[0:01:00], next run at: 2026-08-19 14:05:17 UTC)" executed successfully
2026-08-19 19:04:17,749 | INFO | apscheduler.executors.default | Job "GameEngine.send_pending_diamond_logs (trigger: interval[0:00:30], next run at: 2026-08-19 14:04:47 UTC)" executed successfully
2026-08-19 19:04:22,705 | INFO | apscheduler.executors.default | Running job "GameEngine.registration_watchdog (trigger: interval[0:00:05], next run at: 2026-08-19 14:04:27 UTC)" (scheduled at 2026-08-19 14:04:22.702445+00:00)
2026-08-19 19:04:22,710 | INFO | apscheduler.executors.default | Job "GameEngine.registration_watchdog (trigger: interval[0:00:05], next run at: 2026-08-19 14:04:27 UTC)" executed successfully
2026-08-19 19:04:27,703 | INFO | apscheduler.executors.default | Running job "GameEngine.registration_watchdog (trigger: interval[0:00:05], next run at: 2026-08-19 14:04:32 UTC)" (scheduled at 2026-08-19 14:04:27.702445+00:00)
2026-08-19 19:04:27,703 | INFO | apscheduler.executors.default | Job "GameEngine.registration_watchdog (trigger: interval[0:00:05], next run at: 2026-08-19 14:04:32 UTC)" executed successfully
2026-08-19 19:04:32,712 | INFO | apscheduler.executors.default | Running job "GameEngine.registration_watchdog (trigger: interval[0:00:05], next run at: 2026-08-19 14:04:37 UTC)" (scheduled at 2026-08-19 14:04:32.702445+00:00)
2026-08-19 19:04:32,718 | INFO | apscheduler.executors.default | Job "GameEngine.registration_watchdog (trigger: interval[0:00:05], next run at: 2026-08-19 14:04:37 UTC)" executed successfully
2026-08-19 19:04:37,717 | INFO | apscheduler.executors.default | Running job "GameEngine.registration_watchdog (trigger: interval[0:00:05], next run at: 2026-08-19 14:04:42 UTC)" (scheduled at 2026-08-19 14:04:37.702445+00:00)
2026-08-19 19:04:37,717 | INFO | apscheduler.executors.default | Job "GameEngine.registration_watchdog (trigger: interval[0:00:05], next run at: 2026-08-19 14:04:42 UTC)" executed successfully
2026-08-19 19:04:42,710 | INFO | apscheduler.executors.default | Running job "GameEngine.registration_watchdog (trigger: interval[0:00:05], next run at: 2026-08-19 14:04:47 UTC)" (scheduled at 2026-08-19 14:04:42.702445+00:00)
2026-08-19 19:04:42,715 | INFO | apscheduler.executors.default | Job "GameEngine.registration_watchdog (trigger: interval[0:00:05], next run at: 2026-08-19 14:04:47 UTC)" executed successfully
2026-08-19 19:04:47,712 | INFO | apscheduler.executors.default | Running job "GameEngine.registration_watchdog (trigger: interval[0:00:05], next run at: 2026-08-19 14:04:52 UTC)" (scheduled at 2026-08-19 14:04:47.702445+00:00)
2026-08-19 19:04:47,719 | INFO | apscheduler.executors.default | Running job "GameEngine.send_pending_diamond_logs (trigger: interval[0:00:30], next run at: 2026-08-19 14:05:17 UTC)" (scheduled at 2026-08-19 14:04:47.708289+00:00)
2026-08-19 19:04:47,725 | INFO | apscheduler.executors.default | Job "GameEngine.registration_watchdog (trigger: interval[0:00:05], next run at: 2026-08-19 14:04:52 UTC)" executed successfully
2026-08-19 19:04:47,732 | INFO | apscheduler.executors.default | Job "GameEngine.send_pending_diamond_logs (trigger: interval[0:00:30], next run at: 2026-08-19 14:05:17 UTC)" executed successfully
2026-08-19 19:04:52,713 | INFO | apscheduler.executors.default | Running job "GameEngine.registration_watchdog (trigger: interval[0:00:05], next run at: 2026-08-19 14:04:57 UTC)" (scheduled at 2026-08-19 14:04:52.702445+00:00)
2026-08-19 19:04:52,720 | INFO | apscheduler.executors.default | Job "GameEngine.registration_watchdog (trigger: interval[0:00:05], next run at: 2026-08-19 14:04:57 UTC)" executed successfully
2026-08-19 19:04:57,706 | INFO | apscheduler.executors.default | Running job "GameEngine.registration_watchdog (trigger: interval[0:00:05], next run at: 2026-08-19 14:05:02 UTC)" (scheduled at 2026-08-19 14:04:57.702445+00:00)
2026-08-19 19:04:57,712 | INFO | apscheduler.executors.default | Job "GameEngine.registration_watchdog (trigger: interval[0:00:05], next run at: 2026-08-19 14:05:02 UTC)" executed successfully
2026-08-19 19:05:02,713 | INFO | apscheduler.executors.default | Running job "GameEngine.registration_watchdog (trigger: interval[0:00:05], next run at: 2026-08-19 14:05:07 UTC)" (scheduled at 2026-08-19 14:05:02.702445+00:00)
2026-08-19 19:05:02,719 | INFO | apscheduler.executors.default | Job "GameEngine.registration_watchdog (trigger: interval[0:00:05], next run at: 2026-08-19 14:05:07 UTC)" executed successfully
2026-08-19 19:05:07,711 | INFO | apscheduler.executors.default | Running job "GameEngine.registration_watchdog (trigger: interval[0:00:05], next run at: 2026-08-19 14:05:12 UTC)" (scheduled at 2026-08-19 14:05:07.702445+00:00)
2026-08-19 19:05:07,718 | INFO | apscheduler.executors.default | Job "GameEngine.registration_watchdog (trigger: interval[0:00:05], next run at: 2026-08-19 14:05:12 UTC)" executed successfully
2026-08-19 19:05:12,711 | INFO | apscheduler.executors.default | Running job "GameEngine.registration_watchdog (trigger: interval[0:00:05], next run at: 2026-08-19 14:05:17 UTC)" (scheduled at 2026-08-19 14:05:12.702445+00:00)
2026-08-19 19:05:12,722 | INFO | apscheduler.executors.default | Job "GameEngine.registration_watchdog (trigger: interval[0:00:05], next run at: 2026-08-19 14:05:17 UTC)" executed successfully
2026-08-19 19:05:17,708 | INFO | apscheduler.executors.default | Running job "GameEngine.registration_watchdog (trigger: interval[0:00:05], next run at: 2026-08-19 14:05:22 UTC)" (scheduled at 2026-08-19 14:05:17.702445+00:00)
2026-08-19 19:05:17,710 | INFO | apscheduler.executors.default | Running job "GameEngine.send_pending_diamond_logs (trigger: interval[0:00:30], next run at: 2026-08-19 14:05:47 UTC)" (scheduled at 2026-08-19 14:05:17.708289+00:00)
2026-08-19 19:05:17,712 | INFO | apscheduler.executors.default | Running job "GameEngine.premium_reset_watchdog (trigger: interval[0:01:00], next run at: 2026-08-19 14:06:17 UTC)" (scheduled at 2026-08-19 14:05:17.708289+00:00)
2026-08-19 19:05:17,720 | INFO | apscheduler.executors.default | Job "GameEngine.registration_watchdog (trigger: interval[0:00:05], next run at: 2026-08-19 14:05:22 UTC)" executed successfully
2026-08-19 19:05:17,724 | INFO | apscheduler.executors.default | Job "GameEngine.premium_reset_watchdog (trigger: interval[0:01:00], next run at: 2026-08-19 14:06:17 UTC)" executed successfully
2026-08-19 19:05:17,728 | INFO | apscheduler.executors.default | Job "GameEngine.send_pending_diamond_logs (trigger: interval[0:00:30], next run at: 2026-08-19 14:05:47 UTC)" executed successfully
2026-08-19 19:05:22,704 | INFO | apscheduler.executors.default | Running job "GameEngine.registration_watchdog (trigger: interval[0:00:05], next run at: 2026-08-19 14:05:27 UTC)" (scheduled at 2026-08-19 14:05:22.702445+00:00)
2026-08-19 19:05:22,711 | INFO | apscheduler.executors.default | Job "GameEngine.registration_watchdog (trigger: interval[0:00:05], next run at: 2026-08-19 14:05:27 UTC)" executed successfully
2026-08-19 19:05:27,717 | INFO | apscheduler.executors.default | Running job "GameEngine.registration_watchdog (trigger: interval[0:00:05], next run at: 2026-08-19 14:05:32 UTC)" (scheduled at 2026-08-19 14:05:27.702445+00:00)
2026-08-19 19:05:27,728 | INFO | apscheduler.executors.default | Job "GameEngine.registration_watchdog (trigger: interval[0:00:05], next run at: 2026-08-19 14:05:32 UTC)" executed successfully
2026-08-19 19:05:32,721 | INFO | apscheduler.executors.default | Running job "GameEngine.registration_watchdog (trigger: interval[0:00:05], next run at: 2026-08-19 14:05:37 UTC)" (scheduled at 2026-08-19 14:05:32.702445+00:00)
2026-08-19 19:05:32,729 | INFO | apscheduler.executors.default | Job "GameEngine.registration_watchdog (trigger: interval[0:00:05], next run at: 2026-08-19 14:05:37 UTC)" executed successfully
2026-08-19 19:05:37,703 | INFO | apscheduler.executors.default | Running job "GameEngine.registration_watchdog (trigger: interval[0:00:05], next run at: 2026-08-19 14:05:42 UTC)" (scheduled at 2026-08-19 14:05:37.702445+00:00)
2026-08-19 19:05:37,711 | INFO | apscheduler.executors.default | Job "GameEngine.registration_watchdog (trigger: interval[0:00:05], next run at: 2026-08-19 14:05:42 UTC)" executed successfully
2026-08-19 19:05:42,712 | INFO | apscheduler.executors.default | Running job "GameEngine.registration_watchdog (trigger: interval[0:00:05], next run at: 2026-08-19 14:05:47 UTC)" (scheduled at 2026-08-19 14:05:42.702445+00:00)
2026-08-19 19:05:42,719 | INFO | apscheduler.executors.default | Job "GameEngine.registration_watchdog (trigger: interval[0:00:05], next run at: 2026-08-19 14:05:47 UTC)" executed successfully
2026-08-19 19:05:47,716 | INFO | apscheduler.executors.default | Running job "GameEngine.registration_watchdog (trigger: interval[0:00:05], next run at: 2026-08-19 14:05:52 UTC)" (scheduled at 2026-08-19 14:05:47.702445+00:00)
2026-08-19 19:05:47,723 | INFO | apscheduler.executors.default | Running job "GameEngine.send_pending_diamond_logs (trigger: interval[0:00:30], next run at: 2026-08-19 14:06:17 UTC)" (scheduled at 2026-08-19 14:05:47.708289+00:00)
2026-08-19 19:05:47,723 | INFO | apscheduler.executors.default | Job "GameEngine.registration_watchdog (trigger: interval[0:00:05], next run at: 2026-08-19 14:05:52 UTC)" executed successfully
2026-08-19 19:05:47,732 | INFO | apscheduler.executors.default | Job "GameEngine.send_pending_diamond_logs (trigger: interval[0:00:30], next run at: 2026-08-19 14:06:17 UTC)" executed successfully
2026-08-19 19:05:52,710 | INFO | apscheduler.executors.default | Running job "GameEngine.registration_watchdog (trigger: interval[0:00:05], next run at: 2026-08-19 14:05:57 UTC)" (scheduled at 2026-08-19 14:05:52.702445+00:00)
2026-08-19 19:05:52,717 | INFO | apscheduler.executors.default | Job "GameEngine.registration_watchdog (trigger: interval[0:00:05], next run at: 2026-08-19 14:05:57 UTC)" executed successfully
2026-08-19 19:05:57,714 | INFO | apscheduler.executors.default | Running job "GameEngine.registration_watchdog (trigger: interval[0:00:05], next run at: 2026-08-19 14:06:02 UTC)" (scheduled at 2026-08-19 14:05:57.702445+00:00)
2026-08-19 19:05:57,720 | INFO | apscheduler.executors.default | Job "GameEngine.registration_watchdog (trigger: interval[0:00:05], next run at: 2026-08-19 14:06:02 UTC)" executed successfully
2026-08-19 19:06:02,722 | INFO | apscheduler.executors.default | Running job "GameEngine.registration_watchdog (trigger: interval[0:00:05], next run at: 2026-08-19 14:06:07 UTC)" (scheduled at 2026-08-19 14:06:02.702445+00:00)
2026-08-19 19:06:02,729 | INFO | apscheduler.executors.default | Job "GameEngine.registration_watchdog (trigger: interval[0:00:05], next run at: 2026-08-19 14:06:07 UTC)" executed successfully
2026-08-19 19:06:07,705 | INFO | apscheduler.executors.default | Running job "GameEngine.registration_watchdog (trigger: interval[0:00:05], next run at: 2026-08-19 14:06:12 UTC)" (scheduled at 2026-08-19 14:06:07.702445+00:00)
2026-08-19 19:06:07,717 | INFO | apscheduler.executors.default | Job "GameEngine.registration_watchdog (trigger: interval[0:00:05], next run at: 2026-08-19 14:06:12 UTC)" executed successfully
2026-08-19 19:06:12,706 | INFO | apscheduler.executors.default | Running job "GameEngine.registration_watchdog (trigger: interval[0:00:05], next run at: 2026-08-19 14:06:17 UTC)" (scheduled at 2026-08-19 14:06:12.702445+00:00)
2026-08-19 19:06:12,712 | INFO | apscheduler.executors.default | Job "GameEngine.registration_watchdog (trigger: interval[0:00:05], next run at: 2026-08-19 14:06:17 UTC)" executed successfully
2026-08-19 19:06:17,704 | INFO | apscheduler.executors.default | Running job "GameEngine.registration_watchdog (trigger: interval[0:00:05], next run at: 2026-08-19 14:06:22 UTC)" (scheduled at 2026-08-19 14:06:17.702445+00:00)
2026-08-19 19:06:17,712 | INFO | apscheduler.executors.default | Running job "GameEngine.send_pending_diamond_logs (trigger: interval[0:00:30], next run at: 2026-08-19 14:06:47 UTC)" (scheduled at 2026-08-19 14:06:17.708289+00:00)
2026-08-19 19:06:17,713 | INFO | apscheduler.executors.default | Running job "GameEngine.premium_reset_watchdog (trigger: interval[0:01:00], next run at: 2026-08-19 14:07:17 UTC)" (scheduled at 2026-08-19 14:06:17.708289+00:00)
2026-08-19 19:06:17,722 | INFO | apscheduler.executors.default | Job "GameEngine.registration_watchdog (trigger: interval[0:00:05], next run at: 2026-08-19 14:06:22 UTC)" executed successfully
2026-08-19 19:06:17,728 | INFO | apscheduler.executors.default | Job "GameEngine.premium_reset_watchdog (trigger: interval[0:01:00], next run at: 2026-08-19 14:07:17 UTC)" executed successfully
2026-08-19 19:06:17,728 | INFO | apscheduler.executors.default | Job "GameEngine.send_pending_diamond_logs (trigger: interval[0:00:30], next run at: 2026-08-19 14:06:47 UTC)" executed successfully
2026-08-19 19:06:22,710 | INFO | apscheduler.executors.default | Running job "GameEngine.registration_watchdog (trigger: interval[0:00:05], next run at: 2026-08-19 14:06:27 UTC)" (scheduled at 2026-08-19 14:06:22.702445+00:00)
2026-08-19 19:06:22,710 | INFO | apscheduler.executors.default | Job "GameEngine.registration_watchdog (trigger: interval[0:00:05], next run at: 2026-08-19 14:06:27 UTC)" executed successfully
2026-08-19 19:06:27,711 | INFO | apscheduler.executors.default | Running job "GameEngine.registration_watchdog (trigger: interval[0:00:05], next run at: 2026-08-19 14:06:32 UTC)" (scheduled at 2026-08-19 14:06:27.702445+00:00)
2026-08-19 19:06:27,718 | INFO | apscheduler.executors.default | Job "GameEngine.registration_watchdog (trigger: interval[0:00:05], next run at: 2026-08-19 14:06:32 UTC)" executed successfully
2026-08-19 19:06:32,704 | INFO | apscheduler.executors.default | Running job "GameEngine.registration_watchdog (trigger: interval[0:00:05], next run at: 2026-08-19 14:06:37 UTC)" (scheduled at 2026-08-19 14:06:32.702445+00:00)
2026-08-19 19:06:32,711 | INFO | apscheduler.executors.default | Job "GameEngine.registration_watchdog (trigger: interval[0:00:05], next run at: 2026-08-19 14:06:37 UTC)" executed successfully
2026-08-19 19:06:37,705 | INFO | apscheduler.executors.default | Running job "GameEngine.registration_watchdog (trigger: interval[0:00:05], next run at: 2026-08-19 14:06:42 UTC)" (scheduled at 2026-08-19 14:06:37.702445+00:00)
2026-08-19 19:06:37,711 | INFO | apscheduler.executors.default | Job "GameEngine.registration_watchdog (trigger: interval[0:00:05], next run at: 2026-08-19 14:06:42 UTC)" executed successfully
2026-08-19 19:06:42,712 | INFO | apscheduler.executors.default | Running job "GameEngine.registration_watchdog (trigger: interval[0:00:05], next run at: 2026-08-19 14:06:47 UTC)" (scheduled at 2026-08-19 14:06:42.702445+00:00)
2026-08-19 19:06:42,718 | INFO | apscheduler.executors.default | Job "GameEngine.registration_watchdog (trigger: interval[0:00:05], next run at: 2026-08-19 14:06:47 UTC)" executed successfully
2026-08-19 19:06:47,713 | INFO | apscheduler.executors.default | Running job "GameEngine.registration_watchdog (trigger: interval[0:00:05], next run at: 2026-08-19 14:06:52 UTC)" (scheduled at 2026-08-19 14:06:47.702445+00:00)
2026-08-19 19:06:47,720 | INFO | apscheduler.executors.default | Running job "GameEngine.send_pending_diamond_logs (trigger: interval[0:00:30], next run at: 2026-08-19 14:07:17 UTC)" (scheduled at 2026-08-19 14:06:47.708289+00:00)
2026-08-19 19:06:47,720 | INFO | apscheduler.executors.default | Job "GameEngine.registration_watchdog (trigger: interval[0:00:05], next run at: 2026-08-19 14:06:52 UTC)" executed successfully
2026-08-19 19:06:47,733 | INFO | apscheduler.executors.default | Job "GameEngine.send_pending_diamond_logs (trigger: interval[0:00:30], next run at: 2026-08-19 14:07:17 UTC)" executed successfully
2026-08-19 19:06:52,713 | INFO | apscheduler.executors.default | Running job "GameEngine.registration_watchdog (trigger: interval[0:00:05], next run at: 2026-08-19 14:06:57 UTC)" (scheduled at 2026-08-19 14:06:52.702445+00:00)
2026-08-19 19:06:52,718 | INFO | apscheduler.executors.default | Job "GameEngine.registration_watchdog (trigger: interval[0:00:05], next run at: 2026-08-19 14:06:57 UTC)" executed successfully
2026-08-19 19:06:57,705 | INFO | apscheduler.executors.default | Running job "GameEngine.registration_watchdog (trigger: interval[0:00:05], next run at: 2026-08-19 14:07:02 UTC)" (scheduled at 2026-08-19 14:06:57.702445+00:00)
2026-08-19 19:06:57,713 | INFO | apscheduler.executors.default | Job "GameEngine.registration_watchdog (trigger: interval[0:00:05], next run at: 2026-08-19 14:07:02 UTC)" executed successfully
2026-08-19 19:07:02,714 | INFO | apscheduler.executors.default | Running job "GameEngine.registration_watchdog (trigger: interval[0:00:05], next run at: 2026-08-19 14:07:07 UTC)" (scheduled at 2026-08-19 14:07:02.702445+00:00)
2026-08-19 19:07:02,721 | INFO | apscheduler.executors.default | Job "GameEngine.registration_watchdog (trigger: interval[0:00:05], next run at: 2026-08-19 14:07:07 UTC)" executed successfully
2026-08-19 19:07:07,715 | INFO | apscheduler.executors.default | Running job "GameEngine.registration_watchdog (trigger: interval[0:00:05], next run at: 2026-08-19 14:07:12 UTC)" (scheduled at 2026-08-19 14:07:07.702445+00:00)
2026-08-19 19:07:07,722 | INFO | apscheduler.executors.default | Job "GameEngine.registration_watchdog (trigger: interval[0:00:05], next run at: 2026-08-19 14:07:12 UTC)" executed successfully
2026-08-19 19:07:12,705 | INFO | apscheduler.executors.default | Running job "GameEngine.registration_watchdog (trigger: interval[0:00:05], next run at: 2026-08-19 14:07:17 UTC)" (scheduled at 2026-08-19 14:07:12.702445+00:00)
2026-08-19 19:07:12,711 | INFO | apscheduler.executors.default | Job "GameEngine.registration_watchdog (trigger: interval[0:00:05], next run at: 2026-08-19 14:07:17 UTC)" executed successfully
2026-08-19 19:07:17,719 | INFO | apscheduler.executors.default | Running job "GameEngine.registration_watchdog (trigger: interval[0:00:05], next run at: 2026-08-19 14:07:22 UTC)" (scheduled at 2026-08-19 14:07:17.702445+00:00)
2026-08-19 19:07:17,725 | INFO | apscheduler.executors.default | Running job "GameEngine.send_pending_diamond_logs (trigger: interval[0:00:30], next run at: 2026-08-19 14:07:47 UTC)" (scheduled at 2026-08-19 14:07:17.708289+00:00)
2026-08-19 19:07:17,725 | INFO | apscheduler.executors.default | Running job "GameEngine.premium_reset_watchdog (trigger: interval[0:01:00], next run at: 2026-08-19 14:08:17 UTC)" (scheduled at 2026-08-19 14:07:17.708289+00:00)
2026-08-19 19:07:17,725 | INFO | apscheduler.executors.default | Job "GameEngine.registration_watchdog (trigger: interval[0:00:05], next run at: 2026-08-19 14:07:22 UTC)" executed successfully
2026-08-19 19:07:17,734 | INFO | apscheduler.executors.default | Job "GameEngine.premium_reset_watchdog (trigger: interval[0:01:00], next run at: 2026-08-19 14:08:17 UTC)" executed successfully
2026-08-19 19:07:17,734 | INFO | apscheduler.executors.default | Job "GameEngine.send_pending_diamond_logs (trigger: interval[0:00:30], next run at: 2026-08-19 14:07:47 UTC)" executed successfully
2026-08-19 19:07:22,712 | INFO | apscheduler.executors.default | Running job "GameEngine.registration_watchdog (trigger: interval[0:00:05], next run at: 2026-08-19 14:07:27 UTC)" (scheduled at 2026-08-19 14:07:22.702445+00:00)
2026-08-19 19:07:22,712 | INFO | apscheduler.executors.default | Job "GameEngine.registration_watchdog (trigger: interval[0:00:05], next run at: 2026-08-19 14:07:27 UTC)" executed successfully
2026-08-19 19:07:27,711 | INFO | apscheduler.executors.default | Running job "GameEngine.registration_watchdog (trigger: interval[0:00:05], next run at: 2026-08-19 14:07:32 UTC)" (scheduled at 2026-08-19 14:07:27.702445+00:00)
2026-08-19 19:07:27,717 | INFO | apscheduler.executors.default | Job "GameEngine.registration_watchdog (trigger: interval[0:00:05], next run at: 2026-08-19 14:07:32 UTC)" executed successfully
2026-08-19 19:07:32,717 | INFO | apscheduler.executors.default | Running job "GameEngine.registration_watchdog (trigger: interval[0:00:05], next run at: 2026-08-19 14:07:37 UTC)" (scheduled at 2026-08-19 14:07:32.702445+00:00)
2026-08-19 19:07:32,724 | INFO | apscheduler.executors.default | Job "GameEngine.registration_watchdog (trigger: interval[0:00:05], next run at: 2026-08-19 14:07:37 UTC)" executed successfully
2026-08-19 19:07:37,707 | INFO | apscheduler.executors.default | Running job "GameEngine.registration_watchdog (trigger: interval[0:00:05], next run at: 2026-08-19 14:07:42 UTC)" (scheduled at 2026-08-19 14:07:37.702445+00:00)
2026-08-19 19:07:37,714 | INFO | apscheduler.executors.default | Job "GameEngine.registration_watchdog (trigger: interval[0:00:05], next run at: 2026-08-19 14:07:42 UTC)" executed successfully
2026-08-19 19:07:42,706 | INFO | apscheduler.executors.default | Running job "GameEngine.registration_watchdog (trigger: interval[0:00:05], next run at: 2026-08-19 14:07:47 UTC)" (scheduled at 2026-08-19 14:07:42.702445+00:00)
2026-08-19 19:07:42,706 | INFO | apscheduler.executors.default | Job "GameEngine.registration_watchdog (trigger: interval[0:00:05], next run at: 2026-08-19 14:07:47 UTC)" executed successfully
2026-08-19 19:07:47,704 | INFO | apscheduler.executors.default | Running job "GameEngine.registration_watchdog (trigger: interval[0:00:05], next run at: 2026-08-19 14:07:52 UTC)" (scheduled at 2026-08-19 14:07:47.702445+00:00)
2026-08-19 19:07:47,711 | INFO | apscheduler.executors.default | Running job "GameEngine.send_pending_diamond_logs (trigger: interval[0:00:30], next run at: 2026-08-19 14:08:17 UTC)" (scheduled at 2026-08-19 14:07:47.708289+00:00)
2026-08-19 19:07:47,718 | INFO | apscheduler.executors.default | Job "GameEngine.registration_watchdog (trigger: interval[0:00:05], next run at: 2026-08-19 14:07:52 UTC)" executed successfully
2026-08-19 19:07:47,718 | INFO | apscheduler.executors.default | Job "GameEngine.send_pending_diamond_logs (trigger: interval[0:00:30], next run at: 2026-08-19 14:08:17 UTC)" executed successfully
2026-08-19 19:07:52,704 | INFO | apscheduler.executors.default | Running job "GameEngine.registration_watchdog (trigger: interval[0:00:05], next run at: 2026-08-19 14:07:57 UTC)" (scheduled at 2026-08-19 14:07:52.702445+00:00)
2026-08-19 19:07:52,704 | INFO | apscheduler.executors.default | Job "GameEngine.registration_watchdog (trigger: interval[0:00:05], next run at: 2026-08-19 14:07:57 UTC)" executed successfully
2026-08-19 19:07:57,710 | INFO | apscheduler.executors.default | Running job "GameEngine.registration_watchdog (trigger: interval[0:00:05], next run at: 2026-08-19 14:08:02 UTC)" (scheduled at 2026-08-19 14:07:57.702445+00:00)
2026-08-19 19:07:57,718 | INFO | apscheduler.executors.default | Job "GameEngine.registration_watchdog (trigger: interval[0:00:05], next run at: 2026-08-19 14:08:02 UTC)" executed successfully
2026-08-19 19:08:02,704 | INFO | apscheduler.executors.default | Running job "GameEngine.registration_watchdog (trigger: interval[0:00:05], next run at: 2026-08-19 14:08:07 UTC)" (scheduled at 2026-08-19 14:08:02.702445+00:00)
2026-08-19 19:08:02,711 | INFO | apscheduler.executors.default | Job "GameEngine.registration_watchdog (trigger: interval[0:00:05], next run at: 2026-08-19 14:08:07 UTC)" executed successfully
2026-08-19 19:08:07,711 | INFO | apscheduler.executors.default | Running job "GameEngine.registration_watchdog (trigger: interval[0:00:05], next run at: 2026-08-19 14:08:12 UTC)" (scheduled at 2026-08-19 14:08:07.702445+00:00)
2026-08-19 19:08:07,718 | INFO | apscheduler.executors.default | Job "GameEngine.registration_watchdog (trigger: interval[0:00:05], next run at: 2026-08-19 14:08:12 UTC)" executed successfully
2026-08-19 19:08:12,702 | INFO | apscheduler.executors.default | Running job "GameEngine.registration_watchdog (trigger: interval[0:00:05], next run at: 2026-08-19 14:08:17 UTC)" (scheduled at 2026-08-19 14:08:12.702445+00:00)
2026-08-19 19:08:12,708 | INFO | apscheduler.executors.default | Job "GameEngine.registration_watchdog (trigger: interval[0:00:05], next run at: 2026-08-19 14:08:17 UTC)" executed successfully
2026-08-19 19:08:17,703 | INFO | apscheduler.executors.default | Running job "GameEngine.registration_watchdog (trigger: interval[0:00:05], next run at: 2026-08-19 14:08:22 UTC)" (scheduled at 2026-08-19 14:08:17.702445+00:00)
2026-08-19 19:08:17,710 | INFO | apscheduler.executors.default | Running job "GameEngine.send_pending_diamond_logs (trigger: interval[0:00:30], next run at: 2026-08-19 14:08:47 UTC)" (scheduled at 2026-08-19 14:08:17.708289+00:00)
2026-08-19 19:08:17,710 | INFO | apscheduler.executors.default | Running job "GameEngine.premium_reset_watchdog (trigger: interval[0:01:00], next run at: 2026-08-19 14:09:17 UTC)" (scheduled at 2026-08-19 14:08:17.708289+00:00)
2026-08-19 19:08:17,727 | INFO | apscheduler.executors.default | Job "GameEngine.registration_watchdog (trigger: interval[0:00:05], next run at: 2026-08-19 14:08:22 UTC)" executed successfully
2026-08-19 19:08:17,731 | INFO | apscheduler.executors.default | Job "GameEngine.premium_reset_watchdog (trigger: interval[0:01:00], next run at: 2026-08-19 14:09:17 UTC)" executed successfully
2026-08-19 19:08:17,738 | INFO | apscheduler.executors.default | Job "GameEngine.send_pending_diamond_logs (trigger: interval[0:00:30], next run at: 2026-08-19 14:08:47 UTC)" executed successfully
2026-08-19 19:08:22,718 | INFO | apscheduler.executors.default | Running job "GameEngine.registration_watchdog (trigger: interval[0:00:05], next run at: 2026-08-19 14:08:27 UTC)" (scheduled at 2026-08-19 14:08:22.702445+00:00)
2026-08-19 19:08:22,725 | INFO | apscheduler.executors.default | Job "GameEngine.registration_watchdog (trigger: interval[0:00:05], next run at: 2026-08-19 14:08:27 UTC)" executed successfully
2026-08-19 19:08:27,712 | INFO | apscheduler.executors.default | Running job "GameEngine.registration_watchdog (trigger: interval[0:00:05], next run at: 2026-08-19 14:08:32 UTC)" (scheduled at 2026-08-19 14:08:27.702445+00:00)
2026-08-19 19:08:27,720 | INFO | apscheduler.executors.default | Job "GameEngine.registration_watchdog (trigger: interval[0:00:05], next run at: 2026-08-19 14:08:32 UTC)" executed successfully
2026-08-19 19:08:32,704 | INFO | apscheduler.executors.default | Running job "GameEngine.registration_watchdog (trigger: interval[0:00:05], next run at: 2026-08-19 14:08:37 UTC)" (scheduled at 2026-08-19 14:08:32.702445+00:00)
2026-08-19 19:08:32,704 | INFO | apscheduler.executors.default | Job "GameEngine.registration_watchdog (trigger: interval[0:00:05], next run at: 2026-08-19 14:08:37 UTC)" executed successfully
2026-08-19 19:08:34,275 | INFO | root | DEBUG_INCOMING Message from=5980920530 payload=Voy MAfiyani kim qoshdi opshi grga
2026-08-19 19:08:34,291 | INFO | aiogram.event | Update id=466217628 is handled. Duration 15 ms by bot id=8894100649
2026-08-19 19:08:37,719 | INFO | apscheduler.executors.default | Running job "GameEngine.registration_watchdog (trigger: interval[0:00:05], next run at: 2026-08-19 14:08:42 UTC)" (scheduled at 2026-08-19 14:08:37.702445+00:00)
2026-08-19 19:08:37,725 | INFO | apscheduler.executors.default | Job "GameEngine.registration_watchdog (trigger: interval[0:00:05], next run at: 2026-08-19 14:08:42 UTC)" executed successfully
2026-08-19 19:08:42,065 | INFO | root | DEBUG_INCOMING Message from=5980920530 payload=shunga alohida guruppa ocib qoyila.
2026-08-19 19:08:42,086 | INFO | aiogram.event | Update id=466217629 is handled. Duration 15 ms by bot id=8894100649
2026-08-19 19:08:42,724 | INFO | apscheduler.executors.default | Running job "GameEngine.registration_watchdog (trigger: interval[0:00:05], next run at: 2026-08-19 14:08:47 UTC)" (scheduled at 2026-08-19 14:08:42.702445+00:00)
2026-08-19 19:08:42,730 | INFO | apscheduler.executors.default | Job "GameEngine.registration_watchdog (trigger: interval[0:00:05], next run at: 2026-08-19 14:08:47 UTC)" executed successfully
2026-08-19 19:08:47,719 | INFO | apscheduler.executors.default | Running job "GameEngine.registration_watchdog (trigger: interval[0:00:05], next run at: 2026-08-19 14:08:52 UTC)" (scheduled at 2026-08-19 14:08:47.702445+00:00)
2026-08-19 19:08:47,725 | INFO | apscheduler.executors.default | Running job "GameEngine.send_pending_diamond_logs (trigger: interval[0:00:30], next run at: 2026-08-19 14:09:17 UTC)" (scheduled at 2026-08-19 14:08:47.708289+00:00)
2026-08-19 19:08:47,725 | INFO | apscheduler.executors.default | Job "GameEngine.registration_watchdog (trigger: interval[0:00:05], next run at: 2026-08-19 14:08:52 UTC)" executed successfully
2026-08-19 19:08:47,735 | INFO | apscheduler.executors.default | Job "GameEngine.send_pending_diamond_logs (trigger: interval[0:00:30], next run at: 2026-08-19 14:09:17 UTC)" executed successfully
2026-08-19 19:08:48,814 | INFO | root | DEBUG_INCOMING Message from=5980920530 payload=Ishlataylik sal socni tagidagini
2026-08-19 19:08:48,832 | INFO | aiogram.event | Update id=466217630 is handled. Duration 15 ms by bot id=8894100649
2026-08-19 19:08:52,719 | INFO | apscheduler.executors.default | Running job "GameEngine.registration_watchdog (trigger: interval[0:00:05], next run at: 2026-08-19 14:08:57 UTC)" (scheduled at 2026-08-19 14:08:52.702445+00:00)
2026-08-19 19:08:52,723 | INFO | apscheduler.executors.default | Job "GameEngine.registration_watchdog (trigger: interval[0:00:05], next run at: 2026-08-19 14:08:57 UTC)" executed successfully
2026-08-19 19:08:57,723 | INFO | apscheduler.executors.default | Running job "GameEngine.registration_watchdog (trigger: interval[0:00:05], next run at: 2026-08-19 14:09:02 UTC)" (scheduled at 2026-08-19 14:08:57.702445+00:00)
2026-08-19 19:08:57,735 | INFO | apscheduler.executors.default | Job "GameEngine.registration_watchdog (trigger: interval[0:00:05], next run at: 2026-08-19 14:09:02 UTC)" executed successfully
2026-08-19 19:09:01,929 | INFO | root | DEBUG_INCOMING Message from=5980920530 payload=@usmonov0505
2026-08-19 19:09:01,949 | INFO | aiogram.event | Update id=466217631 is handled. Duration 32 ms by bot id=8894100649
2026-08-19 19:09:02,716 | INFO | apscheduler.executors.default | Running job "GameEngine.registration_watchdog (trigger: interval[0:00:05], next run at: 2026-08-19 14:09:07 UTC)" (scheduled at 2026-08-19 14:09:02.702445+00:00)
2026-08-19 19:09:02,721 | INFO | apscheduler.executors.default | Job "GameEngine.registration_watchdog (trigger: interval[0:00:05], next run at: 2026-08-19 14:09:07 UTC)" executed successfully
2026-08-19 19:09:07,720 | INFO | apscheduler.executors.default | Running job "GameEngine.registration_watchdog (trigger: interval[0:00:05], next run at: 2026-08-19 14:09:12 UTC)" (scheduled at 2026-08-19 14:09:07.702445+00:00)
2026-08-19 19:09:07,731 | INFO | apscheduler.executors.default | Job "GameEngine.registration_watchdog (trigger: interval[0:00:05], next run at: 2026-08-19 14:09:12 UTC)" executed successfully
2026-08-19 19:09:12,708 | INFO | apscheduler.executors.default | Running job "GameEngine.registration_watchdog (trigger: interval[0:00:05], next run at: 2026-08-19 14:09:17 UTC)" (scheduled at 2026-08-19 14:09:12.702445+00:00)
2026-08-19 19:09:12,721 | INFO | apscheduler.executors.default | Job "GameEngine.registration_watchdog (trigger: interval[0:00:05], next run at: 2026-08-19 14:09:17 UTC)" executed successfully
2026-08-19 19:09:17,712 | INFO | apscheduler.executors.default | Running job "GameEngine.registration_watchdog (trigger: interval[0:00:05], next run at: 2026-08-19 14:09:22 UTC)" (scheduled at 2026-08-19 14:09:17.702445+00:00)
2026-08-19 19:09:17,720 | INFO | apscheduler.executors.default | Running job "GameEngine.send_pending_diamond_logs (trigger: interval[0:00:30], next run at: 2026-08-19 14:09:47 UTC)" (scheduled at 2026-08-19 14:09:17.708289+00:00)
2026-08-19 19:09:17,721 | INFO | apscheduler.executors.default | Running job "GameEngine.premium_reset_watchdog (trigger: interval[0:01:00], next run at: 2026-08-19 14:10:17 UTC)" (scheduled at 2026-08-19 14:09:17.708289+00:00)
2026-08-19 19:09:17,751 | INFO | apscheduler.executors.default | Job "GameEngine.registration_watchdog (trigger: interval[0:00:05], next run at: 2026-08-19 14:09:22 UTC)" executed successfully
2026-08-19 19:09:17,755 | INFO | apscheduler.executors.default | Job "GameEngine.premium_reset_watchdog (trigger: interval[0:01:00], next run at: 2026-08-19 14:10:17 UTC)" executed successfully
2026-08-19 19:09:17,759 | INFO | apscheduler.executors.default | Job "GameEngine.send_pending_diamond_logs (trigger: interval[0:00:30], next run at: 2026-08-19 14:09:47 UTC)" executed successfully
2026-08-19 19:09:22,708 | INFO | apscheduler.executors.default | Running job "GameEngine.registration_watchdog (trigger: interval[0:00:05], next run at: 2026-08-19 14:09:27 UTC)" (scheduled at 2026-08-19 14:09:22.702445+00:00)
2026-08-19 19:09:22,719 | INFO | apscheduler.executors.default | Job "GameEngine.registration_watchdog (trigger: interval[0:00:05], next run at: 2026-08-19 14:09:27 UTC)" executed successfully
2026-08-19 19:09:27,716 | INFO | apscheduler.executors.default | Running job "GameEngine.registration_watchdog (trigger: interval[0:00:05], next run at: 2026-08-19 14:09:32 UTC)" (scheduled at 2026-08-19 14:09:27.702445+00:00)
2026-08-19 19:09:27,730 | INFO | apscheduler.executors.default | Job "GameEngine.registration_watchdog (trigger: interval[0:00:05], next run at: 2026-08-19 14:09:32 UTC)" executed successfully
2026-08-19 19:09:32,725 | INFO | apscheduler.executors.default | Running job "GameEngine.registration_watchdog (trigger: interval[0:00:05], next run at: 2026-08-19 14:09:37 UTC)" (scheduled at 2026-08-19 14:09:32.702445+00:00)
2026-08-19 19:09:32,729 | INFO | apscheduler.executors.default | Job "GameEngine.registration_watchdog (trigger: interval[0:00:05], next run at: 2026-08-19 14:09:37 UTC)" executed successfully
2026-08-19 19:09:37,711 | INFO | apscheduler.executors.default | Running job "GameEngine.registration_watchdog (trigger: interval[0:00:05], next run at: 2026-08-19 14:09:42 UTC)" (scheduled at 2026-08-19 14:09:37.702445+00:00)
2026-08-19 19:09:37,717 | INFO | apscheduler.executors.default | Job "GameEngine.registration_watchdog (trigger: interval[0:00:05], next run at: 2026-08-19 14:09:42 UTC)" executed successfully
2026-08-19 19:09:42,716 | INFO | apscheduler.executors.default | Running job "GameEngine.registration_watchdog (trigger: interval[0:00:05], next run at: 2026-08-19 14:09:47 UTC)" (scheduled at 2026-08-19 14:09:42.702445+00:00)
2026-08-19 19:09:42,723 | INFO | apscheduler.executors.default | Job "GameEngine.registration_watchdog (trigger: interval[0:00:05], next run at: 2026-08-19 14:09:47 UTC)" executed successfully
2026-08-19 19:09:47,705 | INFO | apscheduler.executors.default | Running job "GameEngine.registration_watchdog (trigger: interval[0:00:05], next run at: 2026-08-19 14:09:52 UTC)" (scheduled at 2026-08-19 14:09:47.702445+00:00)
2026-08-19 19:09:47,713 | INFO | apscheduler.executors.default | Running job "GameEngine.send_pending_diamond_logs (trigger: interval[0:00:30], next run at: 2026-08-19 14:10:17 UTC)" (scheduled at 2026-08-19 14:09:47.708289+00:00)
2026-08-19 19:09:47,719 | INFO | apscheduler.executors.default | Job "GameEngine.registration_watchdog (trigger: interval[0:00:05], next run at: 2026-08-19 14:09:52 UTC)" executed successfully
2026-08-19 19:09:47,725 | INFO | apscheduler.executors.default | Job "GameEngine.send_pending_diamond_logs (trigger: interval[0:00:30], next run at: 2026-08-19 14:10:17 UTC)" executed successfully
2026-08-19 19:09:52,707 | INFO | apscheduler.executors.default | Running job "GameEngine.registration_watchdog (trigger: interval[0:00:05], next run at: 2026-08-19 14:09:57 UTC)" (scheduled at 2026-08-19 14:09:52.702445+00:00)
2026-08-19 19:09:52,714 | INFO | apscheduler.executors.default | Job "GameEngine.registration_watchdog (trigger: interval[0:00:05], next run at: 2026-08-19 14:09:57 UTC)" executed successfully
2026-08-19 19:09:57,710 | INFO | apscheduler.executors.default | Running job "GameEngine.registration_watchdog (trigger: interval[0:00:05], next run at: 2026-08-19 14:10:02 UTC)" (scheduled at 2026-08-19 14:09:57.702445+00:00)
2026-08-19 19:09:57,710 | INFO | apscheduler.executors.default | Job "GameEngine.registration_watchdog (trigger: interval[0:00:05], next run at: 2026-08-19 14:10:02 UTC)" executed successfully
2026-08-19 19:10:02,705 | INFO | apscheduler.executors.default | Running job "GameEngine.registration_watchdog (trigger: interval[0:00:05], next run at: 2026-08-19 14:10:07 UTC)" (scheduled at 2026-08-19 14:10:02.702445+00:00)
2026-08-19 19:10:02,705 | INFO | apscheduler.executors.default | Job "GameEngine.registration_watchdog (trigger: interval[0:00:05], next run at: 2026-08-19 14:10:07 UTC)" executed successfully
2026-08-19 19:10:07,705 | INFO | apscheduler.executors.default | Running job "GameEngine.registration_watchdog (trigger: interval[0:00:05], next run at: 2026-08-19 14:10:12 UTC)" (scheduled at 2026-08-19 14:10:07.702445+00:00)
2026-08-19 19:10:07,711 | INFO | apscheduler.executors.default | Job "GameEngine.registration_watchdog (trigger: interval[0:00:05], next run at: 2026-08-19 14:10:12 UTC)" executed successfully
2026-08-19 19:10:12,724 | INFO | apscheduler.executors.default | Running job "GameEngine.registration_watchdog (trigger: interval[0:00:05], next run at: 2026-08-19 14:10:17 UTC)" (scheduled at 2026-08-19 14:10:12.702445+00:00)
2026-08-19 19:10:12,731 | INFO | apscheduler.executors.default | Job "GameEngine.registration_watchdog (trigger: interval[0:00:05], next run at: 2026-08-19 14:10:17 UTC)" executed successfully
2026-08-19 19:10:17,704 | INFO | apscheduler.executors.default | Running job "GameEngine.registration_watchdog (trigger: interval[0:00:05], next run at: 2026-08-19 14:10:22 UTC)" (scheduled at 2026-08-19 14:10:17.702445+00:00)
2026-08-19 19:10:17,712 | INFO | apscheduler.executors.default | Running job "GameEngine.send_pending_diamond_logs (trigger: interval[0:00:30], next run at: 2026-08-19 14:10:47 UTC)" (scheduled at 2026-08-19 14:10:17.708289+00:00)
2026-08-19 19:10:17,712 | INFO | apscheduler.executors.default | Running job "GameEngine.premium_reset_watchdog (trigger: interval[0:01:00], next run at: 2026-08-19 14:11:17 UTC)" (scheduled at 2026-08-19 14:10:17.708289+00:00)
2026-08-19 19:10:17,739 | INFO | apscheduler.executors.default | Job "GameEngine.registration_watchdog (trigger: interval[0:00:05], next run at: 2026-08-19 14:10:22 UTC)" executed successfully
2026-08-19 19:10:17,746 | INFO | apscheduler.executors.default | Job "GameEngine.premium_reset_watchdog (trigger: interval[0:01:00], next run at: 2026-08-19 14:11:17 UTC)" executed successfully
2026-08-19 19:10:17,754 | INFO | apscheduler.executors.default | Job "GameEngine.send_pending_diamond_logs (trigger: interval[0:00:30], next run at: 2026-08-19 14:10:47 UTC)" executed successfully
2026-08-19 19:10:22,716 | INFO | apscheduler.executors.default | Running job "GameEngine.registration_watchdog (trigger: interval[0:00:05], next run at: 2026-08-19 14:10:27 UTC)" (scheduled at 2026-08-19 14:10:22.702445+00:00)
2026-08-19 19:10:22,716 | INFO | apscheduler.executors.default | Job "GameEngine.registration_watchdog (trigger: interval[0:00:05], next run at: 2026-08-19 14:10:27 UTC)" executed successfully
2026-08-19 19:10:27,711 | INFO | apscheduler.executors.default | Running job "GameEngine.registration_watchdog (trigger: interval[0:00:05], next run at: 2026-08-19 14:10:32 UTC)" (scheduled at 2026-08-19 14:10:27.702445+00:00)
2026-08-19 19:10:27,718 | INFO | apscheduler.executors.default | Job "GameEngine.registration_watchdog (trigger: interval[0:00:05], next run at: 2026-08-19 14:10:32 UTC)" executed successfully
2026-08-19 19:10:32,715 | INFO | apscheduler.executors.default | Running job "GameEngine.registration_watchdog (trigger: interval[0:00:05], next run at: 2026-08-19 14:10:37 UTC)" (scheduled at 2026-08-19 14:10:32.702445+00:00)
2026-08-19 19:10:32,715 | INFO | apscheduler.executors.default | Job "GameEngine.registration_watchdog (trigger: interval[0:00:05], next run at: 2026-08-19 14:10:37 UTC)" executed successfully
2026-08-19 19:10:37,728 | INFO | apscheduler.executors.default | Running job "GameEngine.registration_watchdog (trigger: interval[0:00:05], next run at: 2026-08-19 14:10:42 UTC)" (scheduled at 2026-08-19 14:10:37.702445+00:00)
2026-08-19 19:10:37,728 | INFO | apscheduler.executors.default | Job "GameEngine.registration_watchdog (trigger: interval[0:00:05], next run at: 2026-08-19 14:10:42 UTC)" executed successfully
2026-08-19 19:10:42,707 | INFO | apscheduler.executors.default | Running job "GameEngine.registration_watchdog (trigger: interval[0:00:05], next run at: 2026-08-19 14:10:47 UTC)" (scheduled at 2026-08-19 14:10:42.702445+00:00)
2026-08-19 19:10:42,714 | INFO | apscheduler.executors.default | Job "GameEngine.registration_watchdog (trigger: interval[0:00:05], next run at: 2026-08-19 14:10:47 UTC)" executed successfully
2026-08-19 19:10:47,710 | INFO | apscheduler.executors.default | Running job "GameEngine.registration_watchdog (trigger: interval[0:00:05], next run at: 2026-08-19 14:10:52 UTC)" (scheduled at 2026-08-19 14:10:47.702445+00:00)
2026-08-19 19:10:47,712 | INFO | apscheduler.executors.default | Running job "GameEngine.send_pending_diamond_logs (trigger: interval[0:00:30], next run at: 2026-08-19 14:11:17 UTC)" (scheduled at 2026-08-19 14:10:47.708289+00:00)
2026-08-19 19:10:47,716 | INFO | apscheduler.executors.default | Job "GameEngine.registration_watchdog (trigger: interval[0:00:05], next run at: 2026-08-19 14:10:52 UTC)" executed successfully
2026-08-19 19:10:47,723 | INFO | apscheduler.executors.default | Job "GameEngine.send_pending_diamond_logs (trigger: interval[0:00:30], next run at: 2026-08-19 14:11:17 UTC)" executed successfully
2026-08-19 19:10:52,706 | INFO | apscheduler.executors.default | Running job "GameEngine.registration_watchdog (trigger: interval[0:00:05], next run at: 2026-08-19 14:10:57 UTC)" (scheduled at 2026-08-19 14:10:52.702445+00:00)
2026-08-19 19:10:52,712 | INFO | apscheduler.executors.default | Job "GameEngine.registration_watchdog (trigger: interval[0:00:05], next run at: 2026-08-19 14:10:57 UTC)" executed successfully
2026-08-19 19:10:57,713 | INFO | apscheduler.executors.default | Running job "GameEngine.registration_watchdog (trigger: interval[0:00:05], next run at: 2026-08-19 14:11:02 UTC)" (scheduled at 2026-08-19 14:10:57.702445+00:00)
2026-08-19 19:10:57,719 | INFO | apscheduler.executors.default | Job "GameEngine.registration_watchdog (trigger: interval[0:00:05], next run at: 2026-08-19 14:11:02 UTC)" executed successfully
2026-08-19 19:11:02,713 | INFO | apscheduler.executors.default | Running job "GameEngine.registration_watchdog (trigger: interval[0:00:05], next run at: 2026-08-19 14:11:07 UTC)" (scheduled at 2026-08-19 14:11:02.702445+00:00)
2026-08-19 19:11:02,713 | INFO | apscheduler.executors.default | Job "GameEngine.registration_watchdog (trigger: interval[0:00:05], next run at: 2026-08-19 14:11:07 UTC)" executed successfully
2026-08-19 19:11:07,704 | INFO | apscheduler.executors.default | Running job "GameEngine.registration_watchdog (trigger: interval[0:00:05], next run at: 2026-08-19 14:11:12 UTC)" (scheduled at 2026-08-19 14:11:07.702445+00:00)
2026-08-19 19:11:07,711 | INFO | apscheduler.executors.default | Job "GameEngine.registration_watchdog (trigger: interval[0:00:05], next run at: 2026-08-19 14:11:12 UTC)" executed successfully
2026-08-19 19:11:12,720 | INFO | apscheduler.executors.default | Running job "GameEngine.registration_watchdog (trigger: interval[0:00:05], next run at: 2026-08-19 14:11:17 UTC)" (scheduled at 2026-08-19 14:11:12.702445+00:00)
2026-08-19 19:11:12,720 | INFO | apscheduler.executors.default | Job "GameEngine.registration_watchdog (trigger: interval[0:00:05], next run at: 2026-08-19 14:11:17 UTC)" executed successfully
2026-08-19 19:11:17,713 | INFO | apscheduler.executors.default | Running job "GameEngine.registration_watchdog (trigger: interval[0:00:05], next run at: 2026-08-19 14:11:22 UTC)" (scheduled at 2026-08-19 14:11:17.702445+00:00)
2026-08-19 19:11:17,717 | INFO | apscheduler.executors.default | Running job "GameEngine.send_pending_diamond_logs (trigger: interval[0:00:30], next run at: 2026-08-19 14:11:47 UTC)" (scheduled at 2026-08-19 14:11:17.708289+00:00)
2026-08-19 19:11:17,717 | INFO | apscheduler.executors.default | Running job "GameEngine.premium_reset_watchdog (trigger: interval[0:01:00], next run at: 2026-08-19 14:12:17 UTC)" (scheduled at 2026-08-19 14:11:17.708289+00:00)
2026-08-19 19:11:17,717 | INFO | apscheduler.executors.default | Job "GameEngine.registration_watchdog (trigger: interval[0:00:05], next run at: 2026-08-19 14:11:22 UTC)" executed successfully
2026-08-19 19:11:17,727 | INFO | apscheduler.executors.default | Job "GameEngine.premium_reset_watchdog (trigger: interval[0:01:00], next run at: 2026-08-19 14:12:17 UTC)" executed successfully
2026-08-19 19:11:17,727 | INFO | apscheduler.executors.default | Job "GameEngine.send_pending_diamond_logs (trigger: interval[0:00:30], next run at: 2026-08-19 14:11:47 UTC)" executed successfully
2026-08-19 19:11:22,715 | INFO | apscheduler.executors.default | Running job "GameEngine.registration_watchdog (trigger: interval[0:00:05], next run at: 2026-08-19 14:11:27 UTC)" (scheduled at 2026-08-19 14:11:22.702445+00:00)
2026-08-19 19:11:22,722 | INFO | apscheduler.executors.default | Job "GameEngine.registration_watchdog (trigger: interval[0:00:05], next run at: 2026-08-19 14:11:27 UTC)" executed successfully
2026-08-19 19:11:27,712 | INFO | apscheduler.executors.default | Running job "GameEngine.registration_watchdog (trigger: interval[0:00:05], next run at: 2026-08-19 14:11:32 UTC)" (scheduled at 2026-08-19 14:11:27.702445+00:00)
2026-08-19 19:11:27,724 | INFO | apscheduler.executors.default | Job "GameEngine.registration_watchdog (trigger: interval[0:00:05], next run at: 2026-08-19 14:11:32 UTC)" executed successfully
2026-08-19 19:11:32,707 | INFO | apscheduler.executors.default | Running job "GameEngine.registration_watchdog (trigger: interval[0:00:05], next run at: 2026-08-19 14:11:37 UTC)" (scheduled at 2026-08-19 14:11:32.702445+00:00)
2026-08-19 19:11:32,714 | INFO | apscheduler.executors.default | Job "GameEngine.registration_watchdog (trigger: interval[0:00:05], next run at: 2026-08-19 14:11:37 UTC)" executed successfully
2026-08-19 19:11:37,724 | INFO | apscheduler.executors.default | Running job "GameEngine.registration_watchdog (trigger: interval[0:00:05], next run at: 2026-08-19 14:11:42 UTC)" (scheduled at 2026-08-19 14:11:37.702445+00:00)
2026-08-19 19:11:37,730 | INFO | apscheduler.executors.default | Job "GameEngine.registration_watchdog (trigger: interval[0:00:05], next run at: 2026-08-19 14:11:42 UTC)" executed successfully
2026-08-19 19:11:42,705 | INFO | apscheduler.executors.default | Running job "GameEngine.registration_watchdog (trigger: interval[0:00:05], next run at: 2026-08-19 14:11:47 UTC)" (scheduled at 2026-08-19 14:11:42.702445+00:00)
2026-08-19 19:11:42,712 | INFO | apscheduler.executors.default | Job "GameEngine.registration_watchdog (trigger: interval[0:00:05], next run at: 2026-08-19 14:11:47 UTC)" executed successfully
2026-08-19 19:11:47,712 | INFO | apscheduler.executors.default | Running job "GameEngine.registration_watchdog (trigger: interval[0:00:05], next run at: 2026-08-19 14:11:52 UTC)" (scheduled at 2026-08-19 14:11:47.702445+00:00)
2026-08-19 19:11:47,713 | INFO | apscheduler.executors.default | Running job "GameEngine.send_pending_diamond_logs (trigger: interval[0:00:30], next run at: 2026-08-19 14:12:17 UTC)" (scheduled at 2026-08-19 14:11:47.708289+00:00)
2026-08-19 19:11:47,736 | INFO | apscheduler.executors.default | Job "GameEngine.registration_watchdog (trigger: interval[0:00:05], next run at: 2026-08-19 14:11:52 UTC)" executed successfully
2026-08-19 19:11:47,736 | INFO | apscheduler.executors.default | Job "GameEngine.send_pending_diamond_logs (trigger: interval[0:00:30], next run at: 2026-08-19 14:12:17 UTC)" executed successfully
2026-08-19 19:11:52,704 | INFO | apscheduler.executors.default | Running job "GameEngine.registration_watchdog (trigger: interval[0:00:05], next run at: 2026-08-19 14:11:57 UTC)" (scheduled at 2026-08-19 14:11:52.702445+00:00)
2026-08-19 19:11:52,710 | INFO | apscheduler.executors.default | Job "GameEngine.registration_watchdog (trigger: interval[0:00:05], next run at: 2026-08-19 14:11:57 UTC)" executed successfully
2026-08-19 19:11:57,724 | INFO | apscheduler.executors.default | Running job "GameEngine.registration_watchdog (trigger: interval[0:00:05], next run at: 2026-08-19 14:12:02 UTC)" (scheduled at 2026-08-19 14:11:57.702445+00:00)
2026-08-19 19:11:57,731 | INFO | apscheduler.executors.default | Job "GameEngine.registration_watchdog (trigger: interval[0:00:05], next run at: 2026-08-19 14:12:02 UTC)" executed successfully
2026-08-19 19:12:02,711 | INFO | apscheduler.executors.default | Running job "GameEngine.registration_watchdog (trigger: interval[0:00:05], next run at: 2026-08-19 14:12:07 UTC)" (scheduled at 2026-08-19 14:12:02.702445+00:00)
2026-08-19 19:12:02,711 | INFO | apscheduler.executors.default | Job "GameEngine.registration_watchdog (trigger: interval[0:00:05], next run at: 2026-08-19 14:12:07 UTC)" executed successfully
2026-08-19 19:12:07,708 | INFO | apscheduler.executors.default | Running job "GameEngine.registration_watchdog (trigger: interval[0:00:05], next run at: 2026-08-19 14:12:12 UTC)" (scheduled at 2026-08-19 14:12:07.702445+00:00)
2026-08-19 19:12:07,714 | INFO | apscheduler.executors.default | Job "GameEngine.registration_watchdog (trigger: interval[0:00:05], next run at: 2026-08-19 14:12:12 UTC)" executed successfully
2026-08-19 19:12:12,713 | INFO | apscheduler.executors.default | Running job "GameEngine.registration_watchdog (trigger: interval[0:00:05], next run at: 2026-08-19 14:12:17 UTC)" (scheduled at 2026-08-19 14:12:12.702445+00:00)
2026-08-19 19:12:12,719 | INFO | apscheduler.executors.default | Job "GameEngine.registration_watchdog (trigger: interval[0:00:05], next run at: 2026-08-19 14:12:17 UTC)" executed successfully
2026-08-19 19:12:17,711 | INFO | apscheduler.executors.default | Running job "GameEngine.registration_watchdog (trigger: interval[0:00:05], next run at: 2026-08-19 14:12:22 UTC)" (scheduled at 2026-08-19 14:12:17.702445+00:00)
2026-08-19 19:12:17,713 | INFO | apscheduler.executors.default | Running job "GameEngine.send_pending_diamond_logs (trigger: interval[0:00:30], next run at: 2026-08-19 14:12:47 UTC)" (scheduled at 2026-08-19 14:12:17.708289+00:00)
2026-08-19 19:12:17,714 | INFO | apscheduler.executors.default | Running job "GameEngine.premium_reset_watchdog (trigger: interval[0:01:00], next run at: 2026-08-19 14:13:17 UTC)" (scheduled at 2026-08-19 14:12:17.708289+00:00)
2026-08-19 19:12:17,720 | INFO | apscheduler.executors.default | Job "GameEngine.registration_watchdog (trigger: interval[0:00:05], next run at: 2026-08-19 14:12:22 UTC)" executed successfully
2026-08-19 19:12:17,721 | INFO | apscheduler.executors.default | Job "GameEngine.premium_reset_watchdog (trigger: interval[0:01:00], next run at: 2026-08-19 14:13:17 UTC)" executed successfully
2026-08-19 19:12:17,725 | INFO | apscheduler.executors.default | Job "GameEngine.send_pending_diamond_logs (trigger: interval[0:00:30], next run at: 2026-08-19 14:12:47 UTC)" executed successfully
2026-08-19 19:12:22,702 | INFO | apscheduler.executors.default | Running job "GameEngine.registration_watchdog (trigger: interval[0:00:05], next run at: 2026-08-19 14:12:27 UTC)" (scheduled at 2026-08-19 14:12:22.702445+00:00)
2026-08-19 19:12:22,706 | INFO | apscheduler.executors.default | Job "GameEngine.registration_watchdog (trigger: interval[0:00:05], next run at: 2026-08-19 14:12:27 UTC)" executed successfully
2026-08-19 19:12:27,712 | INFO | apscheduler.executors.default | Running job "GameEngine.registration_watchdog (trigger: interval[0:00:05], next run at: 2026-08-19 14:12:32 UTC)" (scheduled at 2026-08-19 14:12:27.702445+00:00)
2026-08-19 19:12:27,719 | INFO | apscheduler.executors.default | Job "GameEngine.registration_watchdog (trigger: interval[0:00:05], next run at: 2026-08-19 14:12:32 UTC)" executed successfully
2026-08-19 19:12:29,400 | INFO | root | DEBUG_INCOMING Message from=8967473914 payload=/start join_2166_-1003992490466
2026-08-19 19:12:30,357 | INFO | aiogram.event | Update id=466217632 is handled. Duration 969 ms by bot id=8894100649
2026-08-19 19:12:32,704 | INFO | apscheduler.executors.default | Running job "GameEngine.registration_watchdog (trigger: interval[0:00:05], next run at: 2026-08-19 14:12:37 UTC)" (scheduled at 2026-08-19 14:12:32.702445+00:00)
2026-08-19 19:12:32,708 | INFO | apscheduler.executors.default | Job "GameEngine.registration_watchdog (trigger: interval[0:00:05], next run at: 2026-08-19 14:12:37 UTC)" executed successfully
2026-08-19 19:12:37,711 | INFO | apscheduler.executors.default | Running job "GameEngine.registration_watchdog (trigger: interval[0:00:05], next run at: 2026-08-19 14:12:42 UTC)" (scheduled at 2026-08-19 14:12:37.702445+00:00)
2026-08-19 19:12:37,713 | INFO | apscheduler.executors.default | Job "GameEngine.registration_watchdog (trigger: interval[0:00:05], next run at: 2026-08-19 14:12:42 UTC)" executed successfully
2026-08-19 19:12:42,711 | INFO | apscheduler.executors.default | Running job "GameEngine.registration_watchdog (trigger: interval[0:00:05], next run at: 2026-08-19 14:12:47 UTC)" (scheduled at 2026-08-19 14:12:42.702445+00:00)
2026-08-19 19:12:42,713 | INFO | apscheduler.executors.default | Job "GameEngine.registration_watchdog (trigger: interval[0:00:05], next run at: 2026-08-19 14:12:47 UTC)" executed successfully
2026-08-19 19:12:47,706 | INFO | apscheduler.executors.default | Running job "GameEngine.registration_watchdog (trigger: interval[0:00:05], next run at: 2026-08-19 14:12:52 UTC)" (scheduled at 2026-08-19 14:12:47.702445+00:00)
2026-08-19 19:12:47,706 | INFO | apscheduler.executors.default | Job "GameEngine.registration_watchdog (trigger: interval[0:00:05], next run at: 2026-08-19 14:12:52 UTC)" executed successfully
2026-08-19 19:12:47,723 | INFO | apscheduler.executors.default | Running job "GameEngine.send_pending_diamond_logs (trigger: interval[0:00:30], next run at: 2026-08-19 14:13:17 UTC)" (scheduled at 2026-08-19 14:12:47.708289+00:00)
2026-08-19 19:12:47,732 | INFO | apscheduler.executors.default | Job "GameEngine.send_pending_diamond_logs (trigger: interval[0:00:30], next run at: 2026-08-19 14:13:17 UTC)" executed successfully
2026-08-19 19:12:52,707 | INFO | apscheduler.executors.default | Running job "GameEngine.registration_watchdog (trigger: interval[0:00:05], next run at: 2026-08-19 14:12:57 UTC)" (scheduled at 2026-08-19 14:12:52.702445+00:00)
2026-08-19 19:12:52,709 | INFO | apscheduler.executors.default | Job "GameEngine.registration_watchdog (trigger: interval[0:00:05], next run at: 2026-08-19 14:12:57 UTC)" executed successfully
2026-08-19 19:12:57,712 | INFO | apscheduler.executors.default | Running job "GameEngine.registration_watchdog (trigger: interval[0:00:05], next run at: 2026-08-19 14:13:02 UTC)" (scheduled at 2026-08-19 14:12:57.702445+00:00)
2026-08-19 19:12:57,713 | INFO | apscheduler.executors.default | Job "GameEngine.registration_watchdog (trigger: interval[0:00:05], next run at: 2026-08-19 14:13:02 UTC)" executed successfully
2026-08-19 19:13:02,705 | INFO | apscheduler.executors.default | Running job "GameEngine.registration_watchdog (trigger: interval[0:00:05], next run at: 2026-08-19 14:13:07 UTC)" (scheduled at 2026-08-19 14:13:02.702445+00:00)
2026-08-19 19:13:02,705 | INFO | apscheduler.executors.default | Job "GameEngine.registration_watchdog (trigger: interval[0:00:05], next run at: 2026-08-19 14:13:07 UTC)" executed successfully
2026-08-19 19:13:07,711 | INFO | apscheduler.executors.default | Running job "GameEngine.registration_watchdog (trigger: interval[0:00:05], next run at: 2026-08-19 14:13:12 UTC)" (scheduled at 2026-08-19 14:13:07.702445+00:00)
2026-08-19 19:13:07,718 | INFO | apscheduler.executors.default | Job "GameEngine.registration_watchdog (trigger: interval[0:00:05], next run at: 2026-08-19 14:13:12 UTC)" executed successfully
2026-08-19 19:13:12,712 | INFO | apscheduler.executors.default | Running job "GameEngine.registration_watchdog (trigger: interval[0:00:05], next run at: 2026-08-19 14:13:17 UTC)" (scheduled at 2026-08-19 14:13:12.702445+00:00)
2026-08-19 19:13:12,714 | INFO | apscheduler.executors.default | Job "GameEngine.registration_watchdog (trigger: interval[0:00:05], next run at: 2026-08-19 14:13:17 UTC)" executed successfully
2026-08-19 19:13:17,705 | INFO | apscheduler.executors.default | Running job "GameEngine.registration_watchdog (trigger: interval[0:00:05], next run at: 2026-08-19 14:13:22 UTC)" (scheduled at 2026-08-19 14:13:17.702445+00:00)
2026-08-19 19:13:17,705 | INFO | apscheduler.executors.default | Job "GameEngine.registration_watchdog (trigger: interval[0:00:05], next run at: 2026-08-19 14:13:22 UTC)" executed successfully
2026-08-19 19:13:17,711 | INFO | apscheduler.executors.default | Running job "GameEngine.send_pending_diamond_logs (trigger: interval[0:00:30], next run at: 2026-08-19 14:13:47 UTC)" (scheduled at 2026-08-19 14:13:17.708289+00:00)
2026-08-19 19:13:17,712 | INFO | apscheduler.executors.default | Running job "GameEngine.premium_reset_watchdog (trigger: interval[0:01:00], next run at: 2026-08-19 14:14:17 UTC)" (scheduled at 2026-08-19 14:13:17.708289+00:00)
2026-08-19 19:13:17,733 | INFO | apscheduler.executors.default | Job "GameEngine.premium_reset_watchdog (trigger: interval[0:01:00], next run at: 2026-08-19 14:14:17 UTC)" executed successfully
2026-08-19 19:13:17,740 | INFO | apscheduler.executors.default | Job "GameEngine.send_pending_diamond_logs (trigger: interval[0:00:30], next run at: 2026-08-19 14:13:47 UTC)" executed successfully
2026-08-19 19:13:22,712 | INFO | apscheduler.executors.default | Running job "GameEngine.registration_watchdog (trigger: interval[0:00:05], next run at: 2026-08-19 14:13:27 UTC)" (scheduled at 2026-08-19 14:13:22.702445+00:00)
2026-08-19 19:13:22,717 | INFO | apscheduler.executors.default | Job "GameEngine.registration_watchdog (trigger: interval[0:00:05], next run at: 2026-08-19 14:13:27 UTC)" executed successfully
2026-08-19 19:13:27,714 | INFO | apscheduler.executors.default | Running job "GameEngine.registration_watchdog (trigger: interval[0:00:05], next run at: 2026-08-19 14:13:32 UTC)" (scheduled at 2026-08-19 14:13:27.702445+00:00)
2026-08-19 19:13:27,717 | INFO | apscheduler.executors.default | Job "GameEngine.registration_watchdog (trigger: interval[0:00:05], next run at: 2026-08-19 14:13:32 UTC)" executed successfully
2026-08-19 19:13:32,708 | INFO | apscheduler.executors.default | Running job "GameEngine.registration_watchdog (trigger: interval[0:00:05], next run at: 2026-08-19 14:13:37 UTC)" (scheduled at 2026-08-19 14:13:32.702445+00:00)
2026-08-19 19:13:32,708 | INFO | apscheduler.executors.default | Job "GameEngine.registration_watchdog (trigger: interval[0:00:05], next run at: 2026-08-19 14:13:37 UTC)" executed successfully
2026-08-19 19:13:37,707 | INFO | apscheduler.executors.default | Running job "GameEngine.registration_watchdog (trigger: interval[0:00:05], next run at: 2026-08-19 14:13:42 UTC)" (scheduled at 2026-08-19 14:13:37.702445+00:00)
2026-08-19 19:13:37,707 | INFO | apscheduler.executors.default | Job "GameEngine.registration_watchdog (trigger: interval[0:00:05], next run at: 2026-08-19 14:13:42 UTC)" executed successfully
2026-08-19 19:13:42,712 | INFO | apscheduler.executors.default | Running job "GameEngine.registration_watchdog (trigger: interval[0:00:05], next run at: 2026-08-19 14:13:47 UTC)" (scheduled at 2026-08-19 14:13:42.702445+00:00)
2026-08-19 19:13:42,712 | INFO | apscheduler.executors.default | Job "GameEngine.registration_watchdog (trigger: interval[0:00:05], next run at: 2026-08-19 14:13:47 UTC)" executed successfully
2026-08-19 19:13:47,716 | INFO | apscheduler.executors.default | Running job "GameEngine.registration_watchdog (trigger: interval[0:00:05], next run at: 2026-08-19 14:13:52 UTC)" (scheduled at 2026-08-19 14:13:47.702445+00:00)
2026-08-19 19:13:47,716 | INFO | apscheduler.executors.default | Running job "GameEngine.send_pending_diamond_logs (trigger: interval[0:00:30], next run at: 2026-08-19 14:14:17 UTC)" (scheduled at 2026-08-19 14:13:47.708289+00:00)
2026-08-19 19:13:47,718 | INFO | apscheduler.executors.default | Job "GameEngine.registration_watchdog (trigger: interval[0:00:05], next run at: 2026-08-19 14:13:52 UTC)" executed successfully
2026-08-19 19:13:47,718 | INFO | apscheduler.executors.default | Job "GameEngine.send_pending_diamond_logs (trigger: interval[0:00:30], next run at: 2026-08-19 14:14:17 UTC)" executed successfully
2026-08-19 19:13:52,706 | INFO | apscheduler.executors.default | Running job "GameEngine.registration_watchdog (trigger: interval[0:00:05], next run at: 2026-08-19 14:13:57 UTC)" (scheduled at 2026-08-19 14:13:52.702445+00:00)
2026-08-19 19:13:52,710 | INFO | apscheduler.executors.default | Job "GameEngine.registration_watchdog (trigger: interval[0:00:05], next run at: 2026-08-19 14:13:57 UTC)" executed successfully
2026-08-19 19:13:57,708 | INFO | apscheduler.executors.default | Running job "GameEngine.registration_watchdog (trigger: interval[0:00:05], next run at: 2026-08-19 14:14:02 UTC)" (scheduled at 2026-08-19 14:13:57.702445+00:00)
2026-08-19 19:13:57,708 | INFO | apscheduler.executors.default | Job "GameEngine.registration_watchdog (trigger: interval[0:00:05], next run at: 2026-08-19 14:14:02 UTC)" executed successfully
2026-08-19 19:14:02,712 | INFO | apscheduler.executors.default | Running job "GameEngine.registration_watchdog (trigger: interval[0:00:05], next run at: 2026-08-19 14:14:07 UTC)" (scheduled at 2026-08-19 14:14:02.702445+00:00)
2026-08-19 19:14:02,712 | INFO | apscheduler.executors.default | Job "GameEngine.registration_watchdog (trigger: interval[0:00:05], next run at: 2026-08-19 14:14:07 UTC)" executed successfully
2026-08-19 19:14:07,717 | INFO | apscheduler.executors.default | Running job "GameEngine.registration_watchdog (trigger: interval[0:00:05], next run at: 2026-08-19 14:14:12 UTC)" (scheduled at 2026-08-19 14:14:07.702445+00:00)
2026-08-19 19:14:07,720 | INFO | apscheduler.executors.default | Job "GameEngine.registration_watchdog (trigger: interval[0:00:05], next run at: 2026-08-19 14:14:12 UTC)" executed successfully
2026-08-19 19:14:12,712 | INFO | apscheduler.executors.default | Running job "GameEngine.registration_watchdog (trigger: interval[0:00:05], next run at: 2026-08-19 14:14:17 UTC)" (scheduled at 2026-08-19 14:14:12.702445+00:00)
2026-08-19 19:14:12,714 | INFO | apscheduler.executors.default | Job "GameEngine.registration_watchdog (trigger: interval[0:00:05], next run at: 2026-08-19 14:14:17 UTC)" executed successfully
2026-08-19 19:14:17,706 | INFO | apscheduler.executors.default | Running job "GameEngine.registration_watchdog (trigger: interval[0:00:05], next run at: 2026-08-19 14:14:22 UTC)" (scheduled at 2026-08-19 14:14:17.702445+00:00)
2026-08-19 19:14:17,706 | INFO | apscheduler.executors.default | Job "GameEngine.registration_watchdog (trigger: interval[0:00:05], next run at: 2026-08-19 14:14:22 UTC)" executed successfully
2026-08-19 19:14:17,722 | INFO | apscheduler.executors.default | Running job "GameEngine.send_pending_diamond_logs (trigger: interval[0:00:30], next run at: 2026-08-19 14:14:47 UTC)" (scheduled at 2026-08-19 14:14:17.708289+00:00)
2026-08-19 19:14:17,722 | INFO | apscheduler.executors.default | Running job "GameEngine.premium_reset_watchdog (trigger: interval[0:01:00], next run at: 2026-08-19 14:15:17 UTC)" (scheduled at 2026-08-19 14:14:17.708289+00:00)
2026-08-19 19:14:17,722 | INFO | apscheduler.executors.default | Job "GameEngine.premium_reset_watchdog (trigger: interval[0:01:00], next run at: 2026-08-19 14:15:17 UTC)" executed successfully
2026-08-19 19:14:17,722 | INFO | apscheduler.executors.default | Job "GameEngine.send_pending_diamond_logs (trigger: interval[0:00:30], next run at: 2026-08-19 14:14:47 UTC)" executed successfully
2026-08-19 19:14:22,715 | INFO | apscheduler.executors.default | Running job "GameEngine.registration_watchdog (trigger: interval[0:00:05], next run at: 2026-08-19 14:14:27 UTC)" (scheduled at 2026-08-19 14:14:22.702445+00:00)
2026-08-19 19:14:22,715 | INFO | apscheduler.executors.default | Job "GameEngine.registration_watchdog (trigger: interval[0:00:05], next run at: 2026-08-19 14:14:27 UTC)" executed successfully
2026-08-19 19:14:27,719 | INFO | apscheduler.executors.default | Running job "GameEngine.registration_watchdog (trigger: interval[0:00:05], next run at: 2026-08-19 14:14:32 UTC)" (scheduled at 2026-08-19 14:14:27.702445+00:00)
2026-08-19 19:14:27,719 | INFO | apscheduler.executors.default | Job "GameEngine.registration_watchdog (trigger: interval[0:00:05], next run at: 2026-08-19 14:14:32 UTC)" executed successfully
2026-08-19 19:14:32,707 | INFO | apscheduler.executors.default | Running job "GameEngine.registration_watchdog (trigger: interval[0:00:05], next run at: 2026-08-19 14:14:37 UTC)" (scheduled at 2026-08-19 14:14:32.702445+00:00)
2026-08-19 19:14:32,710 | INFO | apscheduler.executors.default | Job "GameEngine.registration_watchdog (trigger: interval[0:00:05], next run at: 2026-08-19 14:14:37 UTC)" executed successfully
2026-08-19 19:14:37,705 | INFO | apscheduler.executors.default | Running job "GameEngine.registration_watchdog (trigger: interval[0:00:05], next run at: 2026-08-19 14:14:42 UTC)" (scheduled at 2026-08-19 14:14:37.702445+00:00)
2026-08-19 19:14:37,714 | INFO | apscheduler.executors.default | Job "GameEngine.registration_watchdog (trigger: interval[0:00:05], next run at: 2026-08-19 14:14:42 UTC)" executed successfully
2026-08-19 19:14:42,706 | INFO | apscheduler.executors.default | Running job "GameEngine.registration_watchdog (trigger: interval[0:00:05], next run at: 2026-08-19 14:14:47 UTC)" (scheduled at 2026-08-19 14:14:42.702445+00:00)
2026-08-19 19:14:42,718 | INFO | apscheduler.executors.default | Job "GameEngine.registration_watchdog (trigger: interval[0:00:05], next run at: 2026-08-19 14:14:47 UTC)" executed successfully
2026-08-19 19:14:47,709 | INFO | apscheduler.executors.default | Running job "GameEngine.registration_watchdog (trigger: interval[0:00:05], next run at: 2026-08-19 14:14:52 UTC)" (scheduled at 2026-08-19 14:14:47.702445+00:00)
2026-08-19 19:14:47,709 | INFO | apscheduler.executors.default | Running job "GameEngine.send_pending_diamond_logs (trigger: interval[0:00:30], next run at: 2026-08-19 14:15:17 UTC)" (scheduled at 2026-08-19 14:14:47.708289+00:00)
2026-08-19 19:14:47,709 | INFO | apscheduler.executors.default | Job "GameEngine.registration_watchdog (trigger: interval[0:00:05], next run at: 2026-08-19 14:14:52 UTC)" executed successfully
2026-08-19 19:14:47,709 | INFO | apscheduler.executors.default | Job "GameEngine.send_pending_diamond_logs (trigger: interval[0:00:30], next run at: 2026-08-19 14:15:17 UTC)" executed successfully
2026-08-19 19:14:52,704 | INFO | apscheduler.executors.default | Running job "GameEngine.registration_watchdog (trigger: interval[0:00:05], next run at: 2026-08-19 14:14:57 UTC)" (scheduled at 2026-08-19 14:14:52.702445+00:00)
2026-08-19 19:14:52,704 | INFO | apscheduler.executors.default | Job "GameEngine.registration_watchdog (trigger: interval[0:00:05], next run at: 2026-08-19 14:14:57 UTC)" executed successfully
2026-08-19 19:14:57,729 | INFO | apscheduler.executors.default | Running job "GameEngine.registration_watchdog (trigger: interval[0:00:05], next run at: 2026-08-19 14:15:02 UTC)" (scheduled at 2026-08-19 14:14:57.702445+00:00)
2026-08-19 19:14:57,735 | INFO | apscheduler.executors.default | Job "GameEngine.registration_watchdog (trigger: interval[0:00:05], next run at: 2026-08-19 14:15:02 UTC)" executed successfully
2026-08-19 19:15:02,712 | INFO | apscheduler.executors.default | Running job "GameEngine.registration_watchdog (trigger: interval[0:00:05], next run at: 2026-08-19 14:15:07 UTC)" (scheduled at 2026-08-19 14:15:02.702445+00:00)
2026-08-19 19:15:02,712 | INFO | apscheduler.executors.default | Job "GameEngine.registration_watchdog (trigger: interval[0:00:05], next run at: 2026-08-19 14:15:07 UTC)" executed successfully
2026-08-19 19:15:07,717 | INFO | apscheduler.executors.default | Running job "GameEngine.registration_watchdog (trigger: interval[0:00:05], next run at: 2026-08-19 14:15:12 UTC)" (scheduled at 2026-08-19 14:15:07.702445+00:00)
2026-08-19 19:15:07,723 | INFO | apscheduler.executors.default | Job "GameEngine.registration_watchdog (trigger: interval[0:00:05], next run at: 2026-08-19 14:15:12 UTC)" executed successfully
2026-08-19 19:15:12,715 | INFO | apscheduler.executors.default | Running job "GameEngine.registration_watchdog (trigger: interval[0:00:05], next run at: 2026-08-19 14:15:17 UTC)" (scheduled at 2026-08-19 14:15:12.702445+00:00)
2026-08-19 19:15:12,721 | INFO | apscheduler.executors.default | Job "GameEngine.registration_watchdog (trigger: interval[0:00:05], next run at: 2026-08-19 14:15:17 UTC)" executed successfully
2026-08-19 19:15:17,728 | INFO | apscheduler.executors.default | Running job "GameEngine.registration_watchdog (trigger: interval[0:00:05], next run at: 2026-08-19 14:15:22 UTC)" (scheduled at 2026-08-19 14:15:17.702445+00:00)
2026-08-19 19:15:17,735 | INFO | apscheduler.executors.default | Running job "GameEngine.send_pending_diamond_logs (trigger: interval[0:00:30], next run at: 2026-08-19 14:15:47 UTC)" (scheduled at 2026-08-19 14:15:17.708289+00:00)
2026-08-19 19:15:17,735 | INFO | apscheduler.executors.default | Running job "GameEngine.premium_reset_watchdog (trigger: interval[0:01:00], next run at: 2026-08-19 14:16:17 UTC)" (scheduled at 2026-08-19 14:15:17.708289+00:00)
2026-08-19 19:15:17,744 | INFO | apscheduler.executors.default | Job "GameEngine.registration_watchdog (trigger: interval[0:00:05], next run at: 2026-08-19 14:15:22 UTC)" executed successfully
2026-08-19 19:15:17,744 | INFO | apscheduler.executors.default | Job "GameEngine.premium_reset_watchdog (trigger: interval[0:01:00], next run at: 2026-08-19 14:16:17 UTC)" executed successfully
2026-08-19 19:15:17,744 | INFO | apscheduler.executors.default | Job "GameEngine.send_pending_diamond_logs (trigger: interval[0:00:30], next run at: 2026-08-19 14:15:47 UTC)" executed successfully
2026-08-19 19:15:22,703 | INFO | apscheduler.executors.default | Running job "GameEngine.registration_watchdog (trigger: interval[0:00:05], next run at: 2026-08-19 14:15:27 UTC)" (scheduled at 2026-08-19 14:15:22.702445+00:00)
2026-08-19 19:15:22,710 | INFO | apscheduler.executors.default | Job "GameEngine.registration_watchdog (trigger: interval[0:00:05], next run at: 2026-08-19 14:15:27 UTC)" executed successfully
2026-08-19 19:15:26,974 | INFO | root | DEBUG_INCOMING Message from=5713560695 payload=Про ворлд тузатлсн халт
2026-08-19 19:15:26,990 | INFO | aiogram.event | Update id=466217633 is handled. Duration 31 ms by bot id=8894100649
2026-08-19 19:15:27,717 | INFO | apscheduler.executors.default | Running job "GameEngine.registration_watchdog (trigger: interval[0:00:05], next run at: 2026-08-19 14:15:32 UTC)" (scheduled at 2026-08-19 14:15:27.702445+00:00)
2026-08-19 19:15:27,724 | INFO | apscheduler.executors.default | Job "GameEngine.registration_watchdog (trigger: interval[0:00:05], next run at: 2026-08-19 14:15:32 UTC)" executed successfully
2026-08-19 19:15:32,717 | INFO | apscheduler.executors.default | Running job "GameEngine.registration_watchdog (trigger: interval[0:00:05], next run at: 2026-08-19 14:15:37 UTC)" (scheduled at 2026-08-19 14:15:32.702445+00:00)
2026-08-19 19:15:32,723 | INFO | apscheduler.executors.default | Job "GameEngine.registration_watchdog (trigger: interval[0:00:05], next run at: 2026-08-19 14:15:37 UTC)" executed successfully
2026-08-19 19:15:33,933 | INFO | root | DEBUG_INCOMING Message from=5713560695 payload=.del
2026-08-19 19:15:33,942 | INFO | aiogram.event | Update id=466217634 is handled. Duration 16 ms by bot id=8894100649
2026-08-19 19:15:37,711 | INFO | apscheduler.executors.default | Running job "GameEngine.registration_watchdog (trigger: interval[0:00:05], next run at: 2026-08-19 14:15:42 UTC)" (scheduled at 2026-08-19 14:15:37.702445+00:00)
2026-08-19 19:15:37,718 | INFO | apscheduler.executors.default | Job "GameEngine.registration_watchdog (trigger: interval[0:00:05], next run at: 2026-08-19 14:15:42 UTC)" executed successfully
2026-08-19 19:15:39,162 | INFO | root | DEBUG_INCOMING Message from=5713560695 payload=.del
2026-08-19 19:15:39,182 | INFO | aiogram.event | Update id=466217635 is handled. Duration 15 ms by bot id=8894100649
2026-08-19 19:15:40,895 | INFO | root | DEBUG_INCOMING Message from=5713560695 payload=/game@ProMafiyaBot
2026-08-19 19:15:41,265 | INFO | aiogram.event | Update id=466217636 is handled. Duration 375 ms by bot id=8894100649
2026-08-19 19:15:42,336 | INFO | root | DEBUG_INCOMING Message from=7601257532 payload=Ha
2026-08-19 19:15:42,352 | INFO | aiogram.event | Update id=466217637 is handled. Duration 15 ms by bot id=8894100649
2026-08-19 19:15:42,705 | INFO | apscheduler.executors.default | Running job "GameEngine.registration_watchdog (trigger: interval[0:00:05], next run at: 2026-08-19 14:15:47 UTC)" (scheduled at 2026-08-19 14:15:42.702445+00:00)
2026-08-19 19:15:42,711 | INFO | apscheduler.executors.default | Job "GameEngine.registration_watchdog (trigger: interval[0:00:05], next run at: 2026-08-19 14:15:47 UTC)" executed successfully
2026-08-19 19:15:47,716 | INFO | apscheduler.executors.default | Running job "GameEngine.registration_watchdog (trigger: interval[0:00:05], next run at: 2026-08-19 14:15:52 UTC)" (scheduled at 2026-08-19 14:15:47.702445+00:00)
2026-08-19 19:15:47,716 | INFO | apscheduler.executors.default | Running job "GameEngine.send_pending_diamond_logs (trigger: interval[0:00:30], next run at: 2026-08-19 14:16:17 UTC)" (scheduled at 2026-08-19 14:15:47.708289+00:00)
2026-08-19 19:15:47,716 | INFO | apscheduler.executors.default | Job "GameEngine.registration_watchdog (trigger: interval[0:00:05], next run at: 2026-08-19 14:15:52 UTC)" executed successfully
2026-08-19 19:15:47,716 | INFO | apscheduler.executors.default | Job "GameEngine.send_pending_diamond_logs (trigger: interval[0:00:30], next run at: 2026-08-19 14:16:17 UTC)" executed successfully
2026-08-19 19:15:52,717 | INFO | apscheduler.executors.default | Running job "GameEngine.registration_watchdog (trigger: interval[0:00:05], next run at: 2026-08-19 14:15:57 UTC)" (scheduled at 2026-08-19 14:15:52.702445+00:00)
2026-08-19 19:15:52,724 | INFO | apscheduler.executors.default | Job "GameEngine.registration_watchdog (trigger: interval[0:00:05], next run at: 2026-08-19 14:15:57 UTC)" executed successfully
2026-08-19 19:15:57,724 | INFO | apscheduler.executors.default | Running job "GameEngine.registration_watchdog (trigger: interval[0:00:05], next run at: 2026-08-19 14:16:02 UTC)" (scheduled at 2026-08-19 14:15:57.702445+00:00)
2026-08-19 19:15:57,730 | INFO | apscheduler.executors.default | Job "GameEngine.registration_watchdog (trigger: interval[0:00:05], next run at: 2026-08-19 14:16:02 UTC)" executed successfully
2026-08-19 19:16:02,710 | INFO | apscheduler.executors.default | Running job "GameEngine.registration_watchdog (trigger: interval[0:00:05], next run at: 2026-08-19 14:16:07 UTC)" (scheduled at 2026-08-19 14:16:02.702445+00:00)
2026-08-19 19:16:02,716 | INFO | apscheduler.executors.default | Job "GameEngine.registration_watchdog (trigger: interval[0:00:05], next run at: 2026-08-19 14:16:07 UTC)" executed successfully
2026-08-19 19:16:07,702 | INFO | apscheduler.executors.default | Running job "GameEngine.registration_watchdog (trigger: interval[0:00:05], next run at: 2026-08-19 14:16:12 UTC)" (scheduled at 2026-08-19 14:16:07.702445+00:00)
2026-08-19 19:16:07,706 | INFO | apscheduler.executors.default | Job "GameEngine.registration_watchdog (trigger: interval[0:00:05], next run at: 2026-08-19 14:16:12 UTC)" executed successfully
2026-08-19 19:16:12,707 | INFO | apscheduler.executors.default | Running job "GameEngine.registration_watchdog (trigger: interval[0:00:05], next run at: 2026-08-19 14:16:17 UTC)" (scheduled at 2026-08-19 14:16:12.702445+00:00)
2026-08-19 19:16:12,713 | INFO | apscheduler.executors.default | Job "GameEngine.registration_watchdog (trigger: interval[0:00:05], next run at: 2026-08-19 14:16:17 UTC)" executed successfully
2026-08-19 19:16:17,723 | INFO | apscheduler.executors.default | Running job "GameEngine.registration_watchdog (trigger: interval[0:00:05], next run at: 2026-08-19 14:16:22 UTC)" (scheduled at 2026-08-19 14:16:17.702445+00:00)
2026-08-19 19:16:17,730 | INFO | apscheduler.executors.default | Running job "GameEngine.send_pending_diamond_logs (trigger: interval[0:00:30], next run at: 2026-08-19 14:16:47 UTC)" (scheduled at 2026-08-19 14:16:17.708289+00:00)
2026-08-19 19:16:17,730 | INFO | apscheduler.executors.default | Running job "GameEngine.premium_reset_watchdog (trigger: interval[0:01:00], next run at: 2026-08-19 14:17:17 UTC)" (scheduled at 2026-08-19 14:16:17.708289+00:00)
2026-08-19 19:16:17,739 | INFO | apscheduler.executors.default | Job "GameEngine.registration_watchdog (trigger: interval[0:00:05], next run at: 2026-08-19 14:16:22 UTC)" executed successfully
2026-08-19 19:16:17,739 | INFO | apscheduler.executors.default | Job "GameEngine.premium_reset_watchdog (trigger: interval[0:01:00], next run at: 2026-08-19 14:17:17 UTC)" executed successfully
2026-08-19 19:16:17,739 | INFO | apscheduler.executors.default | Job "GameEngine.send_pending_diamond_logs (trigger: interval[0:00:30], next run at: 2026-08-19 14:16:47 UTC)" executed successfully
2026-08-19 19:16:22,712 | INFO | apscheduler.executors.default | Running job "GameEngine.registration_watchdog (trigger: interval[0:00:05], next run at: 2026-08-19 14:16:27 UTC)" (scheduled at 2026-08-19 14:16:22.702445+00:00)
2026-08-19 19:16:22,719 | INFO | apscheduler.executors.default | Job "GameEngine.registration_watchdog (trigger: interval[0:00:05], next run at: 2026-08-19 14:16:27 UTC)" executed successfully
2026-08-19 19:16:27,705 | INFO | apscheduler.executors.default | Running job "GameEngine.registration_watchdog (trigger: interval[0:00:05], next run at: 2026-08-19 14:16:32 UTC)" (scheduled at 2026-08-19 14:16:27.702445+00:00)
2026-08-19 19:16:27,710 | INFO | apscheduler.executors.default | Job "GameEngine.registration_watchdog (trigger: interval[0:00:05], next run at: 2026-08-19 14:16:32 UTC)" executed successfully
2026-08-19 19:16:32,712 | INFO | apscheduler.executors.default | Running job "GameEngine.registration_watchdog (trigger: interval[0:00:05], next run at: 2026-08-19 14:16:37 UTC)" (scheduled at 2026-08-19 14:16:32.702445+00:00)
2026-08-19 19:16:32,719 | INFO | apscheduler.executors.default | Job "GameEngine.registration_watchdog (trigger: interval[0:00:05], next run at: 2026-08-19 14:16:37 UTC)" executed successfully
2026-08-19 19:16:37,711 | INFO | apscheduler.executors.default | Running job "GameEngine.registration_watchdog (trigger: interval[0:00:05], next run at: 2026-08-19 14:16:42 UTC)" (scheduled at 2026-08-19 14:16:37.702445+00:00)
2026-08-19 19:16:37,718 | INFO | apscheduler.executors.default | Job "GameEngine.registration_watchdog (trigger: interval[0:00:05], next run at: 2026-08-19 14:16:42 UTC)" executed successfully
2026-08-19 19:16:42,716 | INFO | apscheduler.executors.default | Running job "GameEngine.registration_watchdog (trigger: interval[0:00:05], next run at: 2026-08-19 14:16:47 UTC)" (scheduled at 2026-08-19 14:16:42.702445+00:00)
2026-08-19 19:16:42,718 | INFO | apscheduler.executors.default | Job "GameEngine.registration_watchdog (trigger: interval[0:00:05], next run at: 2026-08-19 14:16:47 UTC)" executed successfully
2026-08-19 19:16:47,718 | INFO | apscheduler.executors.default | Running job "GameEngine.registration_watchdog (trigger: interval[0:00:05], next run at: 2026-08-19 14:16:52 UTC)" (scheduled at 2026-08-19 14:16:47.702445+00:00)
2026-08-19 19:16:47,718 | INFO | apscheduler.executors.default | Running job "GameEngine.send_pending_diamond_logs (trigger: interval[0:00:30], next run at: 2026-08-19 14:17:17 UTC)" (scheduled at 2026-08-19 14:16:47.708289+00:00)
2026-08-19 19:16:47,718 | INFO | apscheduler.executors.default | Job "GameEngine.registration_watchdog (trigger: interval[0:00:05], next run at: 2026-08-19 14:16:52 UTC)" executed successfully
2026-08-19 19:16:47,741 | INFO | apscheduler.executors.default | Job "GameEngine.send_pending_diamond_logs (trigger: interval[0:00:30], next run at: 2026-08-19 14:17:17 UTC)" executed successfully
2026-08-19 19:16:52,722 | INFO | apscheduler.executors.default | Running job "GameEngine.registration_watchdog (trigger: interval[0:00:05], next run at: 2026-08-19 14:16:57 UTC)" (scheduled at 2026-08-19 14:16:52.702445+00:00)
2026-08-19 19:16:52,729 | INFO | apscheduler.executors.default | Job "GameEngine.registration_watchdog (trigger: interval[0:00:05], next run at: 2026-08-19 14:16:57 UTC)" executed successfully
2026-08-19 19:16:57,712 | INFO | apscheduler.executors.default | Running job "GameEngine.registration_watchdog (trigger: interval[0:00:05], next run at: 2026-08-19 14:17:02 UTC)" (scheduled at 2026-08-19 14:16:57.702445+00:00)
2026-08-19 19:16:57,716 | INFO | apscheduler.executors.default | Job "GameEngine.registration_watchdog (trigger: interval[0:00:05], next run at: 2026-08-19 14:17:02 UTC)" executed successfully
2026-08-19 19:17:02,705 | INFO | apscheduler.executors.default | Running job "GameEngine.registration_watchdog (trigger: interval[0:00:05], next run at: 2026-08-19 14:17:07 UTC)" (scheduled at 2026-08-19 14:17:02.702445+00:00)
2026-08-19 19:17:02,705 | INFO | apscheduler.executors.default | Job "GameEngine.registration_watchdog (trigger: interval[0:00:05], next run at: 2026-08-19 14:17:07 UTC)" executed successfully
2026-08-19 19:17:07,714 | INFO | apscheduler.executors.default | Running job "GameEngine.registration_watchdog (trigger: interval[0:00:05], next run at: 2026-08-19 14:17:12 UTC)" (scheduled at 2026-08-19 14:17:07.702445+00:00)
2026-08-19 19:17:07,721 | INFO | apscheduler.executors.default | Job "GameEngine.registration_watchdog (trigger: interval[0:00:05], next run at: 2026-08-19 14:17:12 UTC)" executed successfully
2026-08-19 19:17:12,721 | INFO | apscheduler.executors.default | Running job "GameEngine.registration_watchdog (trigger: interval[0:00:05], next run at: 2026-08-19 14:17:17 UTC)" (scheduled at 2026-08-19 14:17:12.702445+00:00)
2026-08-19 19:17:12,721 | INFO | apscheduler.executors.default | Job "GameEngine.registration_watchdog (trigger: interval[0:00:05], next run at: 2026-08-19 14:17:17 UTC)" executed successfully
2026-08-19 19:17:17,713 | INFO | apscheduler.executors.default | Running job "GameEngine.registration_watchdog (trigger: interval[0:00:05], next run at: 2026-08-19 14:17:22 UTC)" (scheduled at 2026-08-19 14:17:17.702445+00:00)
2026-08-19 19:17:17,720 | INFO | apscheduler.executors.default | Running job "GameEngine.send_pending_diamond_logs (trigger: interval[0:00:30], next run at: 2026-08-19 14:17:47 UTC)" (scheduled at 2026-08-19 14:17:17.708289+00:00)
2026-08-19 19:17:17,720 | INFO | apscheduler.executors.default | Running job "GameEngine.premium_reset_watchdog (trigger: interval[0:01:00], next run at: 2026-08-19 14:18:17 UTC)" (scheduled at 2026-08-19 14:17:17.708289+00:00)
2026-08-19 19:17:17,729 | INFO | apscheduler.executors.default | Job "GameEngine.registration_watchdog (trigger: interval[0:00:05], next run at: 2026-08-19 14:17:22 UTC)" executed successfully
2026-08-19 19:17:17,729 | INFO | apscheduler.executors.default | Job "GameEngine.premium_reset_watchdog (trigger: interval[0:01:00], next run at: 2026-08-19 14:18:17 UTC)" executed successfully
2026-08-19 19:17:17,729 | INFO | apscheduler.executors.default | Job "GameEngine.send_pending_diamond_logs (trigger: interval[0:00:30], next run at: 2026-08-19 14:17:47 UTC)" executed successfully
2026-08-19 19:17:22,717 | INFO | apscheduler.executors.default | Running job "GameEngine.registration_watchdog (trigger: interval[0:00:05], next run at: 2026-08-19 14:17:27 UTC)" (scheduled at 2026-08-19 14:17:22.702445+00:00)
2026-08-19 19:17:22,717 | INFO | apscheduler.executors.default | Job "GameEngine.registration_watchdog (trigger: interval[0:00:05], next run at: 2026-08-19 14:17:27 UTC)" executed successfully
2026-08-19 19:17:27,717 | INFO | apscheduler.executors.default | Running job "GameEngine.registration_watchdog (trigger: interval[0:00:05], next run at: 2026-08-19 14:17:32 UTC)" (scheduled at 2026-08-19 14:17:27.702445+00:00)
2026-08-19 19:17:27,723 | INFO | apscheduler.executors.default | Job "GameEngine.registration_watchdog (trigger: interval[0:00:05], next run at: 2026-08-19 14:17:32 UTC)" executed successfully
2026-08-19 19:17:32,715 | INFO | apscheduler.executors.default | Running job "GameEngine.registration_watchdog (trigger: interval[0:00:05], next run at: 2026-08-19 14:17:37 UTC)" (scheduled at 2026-08-19 14:17:32.702445+00:00)
2026-08-19 19:17:32,721 | INFO | apscheduler.executors.default | Job "GameEngine.registration_watchdog (trigger: interval[0:00:05], next run at: 2026-08-19 14:17:37 UTC)" executed successfully
2026-08-19 19:17:37,712 | INFO | apscheduler.executors.default | Running job "GameEngine.registration_watchdog (trigger: interval[0:00:05], next run at: 2026-08-19 14:17:42 UTC)" (scheduled at 2026-08-19 14:17:37.702445+00:00)
2026-08-19 19:17:37,719 | INFO | apscheduler.executors.default | Job "GameEngine.registration_watchdog (trigger: interval[0:00:05], next run at: 2026-08-19 14:17:42 UTC)" executed successfully
2026-08-19 19:17:42,711 | INFO | apscheduler.executors.default | Running job "GameEngine.registration_watchdog (trigger: interval[0:00:05], next run at: 2026-08-19 14:17:47 UTC)" (scheduled at 2026-08-19 14:17:42.702445+00:00)
2026-08-19 19:17:42,717 | INFO | apscheduler.executors.default | Job "GameEngine.registration_watchdog (trigger: interval[0:00:05], next run at: 2026-08-19 14:17:47 UTC)" executed successfully
2026-08-19 19:17:47,708 | INFO | apscheduler.executors.default | Running job "GameEngine.registration_watchdog (trigger: interval[0:00:05], next run at: 2026-08-19 14:17:52 UTC)" (scheduled at 2026-08-19 14:17:47.702445+00:00)
2026-08-19 19:17:47,715 | INFO | apscheduler.executors.default | Running job "GameEngine.send_pending_diamond_logs (trigger: interval[0:00:30], next run at: 2026-08-19 14:18:17 UTC)" (scheduled at 2026-08-19 14:17:47.708289+00:00)
2026-08-19 19:17:47,715 | INFO | apscheduler.executors.default | Job "GameEngine.registration_watchdog (trigger: interval[0:00:05], next run at: 2026-08-19 14:17:52 UTC)" executed successfully
2026-08-19 19:17:47,723 | INFO | apscheduler.executors.default | Job "GameEngine.send_pending_diamond_logs (trigger: interval[0:00:30], next run at: 2026-08-19 14:18:17 UTC)" executed successfully
2026-08-19 19:17:52,708 | INFO | apscheduler.executors.default | Running job "GameEngine.registration_watchdog (trigger: interval[0:00:05], next run at: 2026-08-19 14:17:57 UTC)" (scheduled at 2026-08-19 14:17:52.702445+00:00)
2026-08-19 19:17:52,715 | INFO | apscheduler.executors.default | Job "GameEngine.registration_watchdog (trigger: interval[0:00:05], next run at: 2026-08-19 14:17:57 UTC)" executed successfully
2026-08-19 19:17:57,703 | INFO | apscheduler.executors.default | Running job "GameEngine.registration_watchdog (trigger: interval[0:00:05], next run at: 2026-08-19 14:18:02 UTC)" (scheduled at 2026-08-19 14:17:57.702445+00:00)
2026-08-19 19:17:57,709 | INFO | apscheduler.executors.default | Job "GameEngine.registration_watchdog (trigger: interval[0:00:05], next run at: 2026-08-19 14:18:02 UTC)" executed successfully
2026-08-19 19:18:02,726 | INFO | apscheduler.executors.default | Running job "GameEngine.registration_watchdog (trigger: interval[0:00:05], next run at: 2026-08-19 14:18:07 UTC)" (scheduled at 2026-08-19 14:18:02.702445+00:00)
2026-08-19 19:18:02,733 | INFO | apscheduler.executors.default | Job "GameEngine.registration_watchdog (trigger: interval[0:00:05], next run at: 2026-08-19 14:18:07 UTC)" executed successfully
2026-08-19 19:18:07,704 | INFO | apscheduler.executors.default | Running job "GameEngine.registration_watchdog (trigger: interval[0:00:05], next run at: 2026-08-19 14:18:12 UTC)" (scheduled at 2026-08-19 14:18:07.702445+00:00)
2026-08-19 19:18:07,711 | INFO | apscheduler.executors.default | Job "GameEngine.registration_watchdog (trigger: interval[0:00:05], next run at: 2026-08-19 14:18:12 UTC)" executed successfully
2026-08-19 19:18:12,707 | INFO | apscheduler.executors.default | Running job "GameEngine.registration_watchdog (trigger: interval[0:00:05], next run at: 2026-08-19 14:18:17 UTC)" (scheduled at 2026-08-19 14:18:12.702445+00:00)
2026-08-19 19:18:12,714 | INFO | apscheduler.executors.default | Job "GameEngine.registration_watchdog (trigger: interval[0:00:05], next run at: 2026-08-19 14:18:17 UTC)" executed successfully
2026-08-19 19:18:17,721 | INFO | apscheduler.executors.default | Running job "GameEngine.registration_watchdog (trigger: interval[0:00:05], next run at: 2026-08-19 14:18:22 UTC)" (scheduled at 2026-08-19 14:18:17.702445+00:00)
2026-08-19 19:18:17,729 | INFO | apscheduler.executors.default | Running job "GameEngine.send_pending_diamond_logs (trigger: interval[0:00:30], next run at: 2026-08-19 14:18:47 UTC)" (scheduled at 2026-08-19 14:18:17.708289+00:00)
2026-08-19 19:18:17,730 | INFO | apscheduler.executors.default | Running job "GameEngine.premium_reset_watchdog (trigger: interval[0:01:00], next run at: 2026-08-19 14:19:17 UTC)" (scheduled at 2026-08-19 14:18:17.708289+00:00)
2026-08-19 19:18:17,737 | INFO | apscheduler.executors.default | Job "GameEngine.registration_watchdog (trigger: interval[0:00:05], next run at: 2026-08-19 14:18:22 UTC)" executed successfully
2026-08-19 19:18:17,737 | INFO | apscheduler.executors.default | Job "GameEngine.premium_reset_watchdog (trigger: interval[0:01:00], next run at: 2026-08-19 14:19:17 UTC)" executed successfully
2026-08-19 19:18:17,737 | INFO | apscheduler.executors.default | Job "GameEngine.send_pending_diamond_logs (trigger: interval[0:00:30], next run at: 2026-08-19 14:18:47 UTC)" executed successfully
2026-08-19 19:18:22,718 | INFO | apscheduler.executors.default | Running job "GameEngine.registration_watchdog (trigger: interval[0:00:05], next run at: 2026-08-19 14:18:27 UTC)" (scheduled at 2026-08-19 14:18:22.702445+00:00)
2026-08-19 19:18:22,718 | INFO | apscheduler.executors.default | Job "GameEngine.registration_watchdog (trigger: interval[0:00:05], next run at: 2026-08-19 14:18:27 UTC)" executed successfully
2026-08-19 19:18:27,715 | INFO | apscheduler.executors.default | Running job "GameEngine.registration_watchdog (trigger: interval[0:00:05], next run at: 2026-08-19 14:18:32 UTC)" (scheduled at 2026-08-19 14:18:27.702445+00:00)
2026-08-19 19:18:27,721 | INFO | apscheduler.executors.default | Job "GameEngine.registration_watchdog (trigger: interval[0:00:05], next run at: 2026-08-19 14:18:32 UTC)" executed successfully
2026-08-19 19:18:32,725 | INFO | apscheduler.executors.default | Running job "GameEngine.registration_watchdog (trigger: interval[0:00:05], next run at: 2026-08-19 14:18:37 UTC)" (scheduled at 2026-08-19 14:18:32.702445+00:00)
2026-08-19 19:18:32,725 | INFO | apscheduler.executors.default | Job "GameEngine.registration_watchdog (trigger: interval[0:00:05], next run at: 2026-08-19 14:18:37 UTC)" executed successfully
2026-08-19 19:18:37,707 | INFO | apscheduler.executors.default | Running job "GameEngine.registration_watchdog (trigger: interval[0:00:05], next run at: 2026-08-19 14:18:42 UTC)" (scheduled at 2026-08-19 14:18:37.702445+00:00)
2026-08-19 19:18:37,714 | INFO | apscheduler.executors.default | Job "GameEngine.registration_watchdog (trigger: interval[0:00:05], next run at: 2026-08-19 14:18:42 UTC)" executed successfully
2026-08-19 19:18:42,715 | INFO | apscheduler.executors.default | Running job "GameEngine.registration_watchdog (trigger: interval[0:00:05], next run at: 2026-08-19 14:18:47 UTC)" (scheduled at 2026-08-19 14:18:42.702445+00:00)
2026-08-19 19:18:42,721 | INFO | apscheduler.executors.default | Job "GameEngine.registration_watchdog (trigger: interval[0:00:05], next run at: 2026-08-19 14:18:47 UTC)" executed successfully
2026-08-19 19:18:47,724 | INFO | apscheduler.executors.default | Running job "GameEngine.registration_watchdog (trigger: interval[0:00:05], next run at: 2026-08-19 14:18:52 UTC)" (scheduled at 2026-08-19 14:18:47.702445+00:00)
2026-08-19 19:18:47,731 | INFO | apscheduler.executors.default | Running job "GameEngine.send_pending_diamond_logs (trigger: interval[0:00:30], next run at: 2026-08-19 14:19:17 UTC)" (scheduled at 2026-08-19 14:18:47.708289+00:00)
2026-08-19 19:18:47,731 | INFO | apscheduler.executors.default | Job "GameEngine.registration_watchdog (trigger: interval[0:00:05], next run at: 2026-08-19 14:18:52 UTC)" executed successfully
2026-08-19 19:18:47,740 | INFO | apscheduler.executors.default | Job "GameEngine.send_pending_diamond_logs (trigger: interval[0:00:30], next run at: 2026-08-19 14:19:17 UTC)" executed successfully
2026-08-19 19:18:52,707 | INFO | apscheduler.executors.default | Running job "GameEngine.registration_watchdog (trigger: interval[0:00:05], next run at: 2026-08-19 14:18:57 UTC)" (scheduled at 2026-08-19 14:18:52.702445+00:00)
2026-08-19 19:18:52,715 | INFO | apscheduler.executors.default | Job "GameEngine.registration_watchdog (trigger: interval[0:00:05], next run at: 2026-08-19 14:18:57 UTC)" executed successfully
2026-08-19 19:18:57,708 | INFO | apscheduler.executors.default | Running job "GameEngine.registration_watchdog (trigger: interval[0:00:05], next run at: 2026-08-19 14:19:02 UTC)" (scheduled at 2026-08-19 14:18:57.702445+00:00)
2026-08-19 19:18:57,717 | INFO | apscheduler.executors.default | Job "GameEngine.registration_watchdog (trigger: interval[0:00:05], next run at: 2026-08-19 14:19:02 UTC)" executed successfully
2026-08-19 19:19:02,712 | INFO | apscheduler.executors.default | Running job "GameEngine.registration_watchdog (trigger: interval[0:00:05], next run at: 2026-08-19 14:19:07 UTC)" (scheduled at 2026-08-19 14:19:02.702445+00:00)
2026-08-19 19:19:02,718 | INFO | apscheduler.executors.default | Job "GameEngine.registration_watchdog (trigger: interval[0:00:05], next run at: 2026-08-19 14:19:07 UTC)" executed successfully
2026-08-19 19:19:07,705 | INFO | apscheduler.executors.default | Running job "GameEngine.registration_watchdog (trigger: interval[0:00:05], next run at: 2026-08-19 14:19:12 UTC)" (scheduled at 2026-08-19 14:19:07.702445+00:00)
2026-08-19 19:19:07,709 | INFO | apscheduler.executors.default | Job "GameEngine.registration_watchdog (trigger: interval[0:00:05], next run at: 2026-08-19 14:19:12 UTC)" executed successfully
2026-08-19 19:19:12,719 | INFO | apscheduler.executors.default | Running job "GameEngine.registration_watchdog (trigger: interval[0:00:05], next run at: 2026-08-19 14:19:17 UTC)" (scheduled at 2026-08-19 14:19:12.702445+00:00)
2026-08-19 19:19:12,723 | INFO | apscheduler.executors.default | Job "GameEngine.registration_watchdog (trigger: interval[0:00:05], next run at: 2026-08-19 14:19:17 UTC)" executed successfully
2026-08-19 19:19:17,720 | INFO | apscheduler.executors.default | Running job "GameEngine.registration_watchdog (trigger: interval[0:00:05], next run at: 2026-08-19 14:19:22 UTC)" (scheduled at 2026-08-19 14:19:17.702445+00:00)
2026-08-19 19:19:17,727 | INFO | apscheduler.executors.default | Running job "GameEngine.send_pending_diamond_logs (trigger: interval[0:00:30], next run at: 2026-08-19 14:19:47 UTC)" (scheduled at 2026-08-19 14:19:17.708289+00:00)
2026-08-19 19:19:17,727 | INFO | apscheduler.executors.default | Running job "GameEngine.premium_reset_watchdog (trigger: interval[0:01:00], next run at: 2026-08-19 14:20:17 UTC)" (scheduled at 2026-08-19 14:19:17.708289+00:00)
2026-08-19 19:19:17,736 | INFO | apscheduler.executors.default | Job "GameEngine.registration_watchdog (trigger: interval[0:00:05], next run at: 2026-08-19 14:19:22 UTC)" executed successfully
2026-08-19 19:19:17,736 | INFO | apscheduler.executors.default | Job "GameEngine.premium_reset_watchdog (trigger: interval[0:01:00], next run at: 2026-08-19 14:20:17 UTC)" executed successfully
2026-08-19 19:19:17,736 | INFO | apscheduler.executors.default | Job "GameEngine.send_pending_diamond_logs (trigger: interval[0:00:30], next run at: 2026-08-19 14:19:47 UTC)" executed successfully
2026-08-19 19:19:22,711 | INFO | apscheduler.executors.default | Running job "GameEngine.registration_watchdog (trigger: interval[0:00:05], next run at: 2026-08-19 14:19:27 UTC)" (scheduled at 2026-08-19 14:19:22.702445+00:00)
2026-08-19 19:19:22,716 | INFO | apscheduler.executors.default | Job "GameEngine.registration_watchdog (trigger: interval[0:00:05], next run at: 2026-08-19 14:19:27 UTC)" executed successfully
2026-08-19 19:19:27,709 | INFO | apscheduler.executors.default | Running job "GameEngine.registration_watchdog (trigger: interval[0:00:05], next run at: 2026-08-19 14:19:32 UTC)" (scheduled at 2026-08-19 14:19:27.702445+00:00)
2026-08-19 19:19:27,716 | INFO | apscheduler.executors.default | Job "GameEngine.registration_watchdog (trigger: interval[0:00:05], next run at: 2026-08-19 14:19:32 UTC)" executed successfully
2026-08-19 19:19:32,712 | INFO | apscheduler.executors.default | Running job "GameEngine.registration_watchdog (trigger: interval[0:00:05], next run at: 2026-08-19 14:19:37 UTC)" (scheduled at 2026-08-19 14:19:32.702445+00:00)
2026-08-19 19:19:32,718 | INFO | apscheduler.executors.default | Job "GameEngine.registration_watchdog (trigger: interval[0:00:05], next run at: 2026-08-19 14:19:37 UTC)" executed successfully
2026-08-19 19:19:37,714 | INFO | apscheduler.executors.default | Running job "GameEngine.registration_watchdog (trigger: interval[0:00:05], next run at: 2026-08-19 14:19:42 UTC)" (scheduled at 2026-08-19 14:19:37.702445+00:00)
2026-08-19 19:19:37,720 | INFO | apscheduler.executors.default | Job "GameEngine.registration_watchdog (trigger: interval[0:00:05], next run at: 2026-08-19 14:19:42 UTC)" executed successfully
2026-08-19 19:19:42,709 | INFO | apscheduler.executors.default | Running job "GameEngine.registration_watchdog (trigger: interval[0:00:05], next run at: 2026-08-19 14:19:47 UTC)" (scheduled at 2026-08-19 14:19:42.702445+00:00)
2026-08-19 19:19:42,715 | INFO | apscheduler.executors.default | Job "GameEngine.registration_watchdog (trigger: interval[0:00:05], next run at: 2026-08-19 14:19:47 UTC)" executed successfully
2026-08-19 19:19:47,703 | INFO | apscheduler.executors.default | Running job "GameEngine.registration_watchdog (trigger: interval[0:00:05], next run at: 2026-08-19 14:19:52 UTC)" (scheduled at 2026-08-19 14:19:47.702445+00:00)
2026-08-19 19:19:47,709 | INFO | apscheduler.executors.default | Running job "GameEngine.send_pending_diamond_logs (trigger: interval[0:00:30], next run at: 2026-08-19 14:20:17 UTC)" (scheduled at 2026-08-19 14:19:47.708289+00:00)
2026-08-19 19:19:47,709 | INFO | apscheduler.executors.default | Job "GameEngine.registration_watchdog (trigger: interval[0:00:05], next run at: 2026-08-19 14:19:52 UTC)" executed successfully
2026-08-19 19:19:47,721 | INFO | apscheduler.executors.default | Job "GameEngine.send_pending_diamond_logs (trigger: interval[0:00:30], next run at: 2026-08-19 14:20:17 UTC)" executed successfully
2026-08-19 19:19:52,702 | INFO | apscheduler.executors.default | Running job "GameEngine.registration_watchdog (trigger: interval[0:00:05], next run at: 2026-08-19 14:19:57 UTC)" (scheduled at 2026-08-19 14:19:52.702445+00:00)
2026-08-19 19:19:52,709 | INFO | apscheduler.executors.default | Job "GameEngine.registration_watchdog (trigger: interval[0:00:05], next run at: 2026-08-19 14:19:57 UTC)" executed successfully
2026-08-19 19:19:57,722 | INFO | apscheduler.executors.default | Running job "GameEngine.registration_watchdog (trigger: interval[0:00:05], next run at: 2026-08-19 14:20:02 UTC)" (scheduled at 2026-08-19 14:19:57.702445+00:00)
2026-08-19 19:19:57,728 | INFO | apscheduler.executors.default | Job "GameEngine.registration_watchdog (trigger: interval[0:00:05], next run at: 2026-08-19 14:20:02 UTC)" executed successfully
2026-08-19 19:20:02,708 | INFO | apscheduler.executors.default | Running job "GameEngine.registration_watchdog (trigger: interval[0:00:05], next run at: 2026-08-19 14:20:07 UTC)" (scheduled at 2026-08-19 14:20:02.702445+00:00)
2026-08-19 19:20:02,714 | INFO | apscheduler.executors.default | Job "GameEngine.registration_watchdog (trigger: interval[0:00:05], next run at: 2026-08-19 14:20:07 UTC)" executed successfully
2026-08-19 19:20:07,712 | INFO | apscheduler.executors.default | Running job "GameEngine.registration_watchdog (trigger: interval[0:00:05], next run at: 2026-08-19 14:20:12 UTC)" (scheduled at 2026-08-19 14:20:07.702445+00:00)
2026-08-19 19:20:07,719 | INFO | apscheduler.executors.default | Job "GameEngine.registration_watchdog (trigger: interval[0:00:05], next run at: 2026-08-19 14:20:12 UTC)" executed successfully
2026-08-19 19:20:12,712 | INFO | apscheduler.executors.default | Running job "GameEngine.registration_watchdog (trigger: interval[0:00:05], next run at: 2026-08-19 14:20:17 UTC)" (scheduled at 2026-08-19 14:20:12.702445+00:00)
2026-08-19 19:20:12,718 | INFO | apscheduler.executors.default | Job "GameEngine.registration_watchdog (trigger: interval[0:00:05], next run at: 2026-08-19 14:20:17 UTC)" executed successfully
2026-08-19 19:20:17,717 | INFO | apscheduler.executors.default | Running job "GameEngine.registration_watchdog (trigger: interval[0:00:05], next run at: 2026-08-19 14:20:22 UTC)" (scheduled at 2026-08-19 14:20:17.702445+00:00)
2026-08-19 19:20:17,724 | INFO | apscheduler.executors.default | Running job "GameEngine.send_pending_diamond_logs (trigger: interval[0:00:30], next run at: 2026-08-19 14:20:47 UTC)" (scheduled at 2026-08-19 14:20:17.708289+00:00)
2026-08-19 19:20:17,724 | INFO | apscheduler.executors.default | Running job "GameEngine.premium_reset_watchdog (trigger: interval[0:01:00], next run at: 2026-08-19 14:21:17 UTC)" (scheduled at 2026-08-19 14:20:17.708289+00:00)
2026-08-19 19:20:17,733 | INFO | apscheduler.executors.default | Job "GameEngine.registration_watchdog (trigger: interval[0:00:05], next run at: 2026-08-19 14:20:22 UTC)" executed successfully
2026-08-19 19:20:17,733 | INFO | apscheduler.executors.default | Job "GameEngine.premium_reset_watchdog (trigger: interval[0:01:00], next run at: 2026-08-19 14:21:17 UTC)" executed successfully
2026-08-19 19:20:17,733 | INFO | apscheduler.executors.default | Job "GameEngine.send_pending_diamond_logs (trigger: interval[0:00:30], next run at: 2026-08-19 14:20:47 UTC)" executed successfully
2026-08-19 19:20:22,715 | INFO | apscheduler.executors.default | Running job "GameEngine.registration_watchdog (trigger: interval[0:00:05], next run at: 2026-08-19 14:20:27 UTC)" (scheduled at 2026-08-19 14:20:22.702445+00:00)
2026-08-19 19:20:22,722 | INFO | apscheduler.executors.default | Job "GameEngine.registration_watchdog (trigger: interval[0:00:05], next run at: 2026-08-19 14:20:27 UTC)" executed successfully
2026-08-19 19:20:27,718 | INFO | apscheduler.executors.default | Running job "GameEngine.registration_watchdog (trigger: interval[0:00:05], next run at: 2026-08-19 14:20:32 UTC)" (scheduled at 2026-08-19 14:20:27.702445+00:00)
2026-08-19 19:20:27,725 | INFO | apscheduler.executors.default | Job "GameEngine.registration_watchdog (trigger: interval[0:00:05], next run at: 2026-08-19 14:20:32 UTC)" executed successfully
2026-08-19 19:20:32,702 | INFO | apscheduler.executors.default | Running job "GameEngine.registration_watchdog (trigger: interval[0:00:05], next run at: 2026-08-19 14:20:37 UTC)" (scheduled at 2026-08-19 14:20:32.702445+00:00)
2026-08-19 19:20:32,709 | INFO | apscheduler.executors.default | Job "GameEngine.registration_watchdog (trigger: interval[0:00:05], next run at: 2026-08-19 14:20:37 UTC)" executed successfully
2026-08-19 19:20:37,723 | INFO | apscheduler.executors.default | Running job "GameEngine.registration_watchdog (trigger: interval[0:00:05], next run at: 2026-08-19 14:20:42 UTC)" (scheduled at 2026-08-19 14:20:37.702445+00:00)
2026-08-19 19:20:37,729 | INFO | apscheduler.executors.default | Job "GameEngine.registration_watchdog (trigger: interval[0:00:05], next run at: 2026-08-19 14:20:42 UTC)" executed successfully
2026-08-19 19:20:42,717 | INFO | apscheduler.executors.default | Running job "GameEngine.registration_watchdog (trigger: interval[0:00:05], next run at: 2026-08-19 14:20:47 UTC)" (scheduled at 2026-08-19 14:20:42.702445+00:00)
2026-08-19 19:20:42,724 | INFO | apscheduler.executors.default | Job "GameEngine.registration_watchdog (trigger: interval[0:00:05], next run at: 2026-08-19 14:20:47 UTC)" executed successfully
2026-08-19 19:20:47,717 | INFO | apscheduler.executors.default | Running job "GameEngine.registration_watchdog (trigger: interval[0:00:05], next run at: 2026-08-19 14:20:52 UTC)" (scheduled at 2026-08-19 14:20:47.702445+00:00)
2026-08-19 19:20:47,725 | INFO | apscheduler.executors.default | Running job "GameEngine.send_pending_diamond_logs (trigger: interval[0:00:30], next run at: 2026-08-19 14:21:17 UTC)" (scheduled at 2026-08-19 14:20:47.708289+00:00)
2026-08-19 19:20:47,727 | INFO | apscheduler.executors.default | Job "GameEngine.registration_watchdog (trigger: interval[0:00:05], next run at: 2026-08-19 14:20:52 UTC)" executed successfully
2026-08-19 19:20:47,734 | INFO | apscheduler.executors.default | Job "GameEngine.send_pending_diamond_logs (trigger: interval[0:00:30], next run at: 2026-08-19 14:21:17 UTC)" executed successfully
2026-08-19 19:20:52,708 | INFO | apscheduler.executors.default | Running job "GameEngine.registration_watchdog (trigger: interval[0:00:05], next run at: 2026-08-19 14:20:57 UTC)" (scheduled at 2026-08-19 14:20:52.702445+00:00)
2026-08-19 19:20:52,715 | INFO | apscheduler.executors.default | Job "GameEngine.registration_watchdog (trigger: interval[0:00:05], next run at: 2026-08-19 14:20:57 UTC)" executed successfully
2026-08-19 19:20:57,718 | INFO | apscheduler.executors.default | Running job "GameEngine.registration_watchdog (trigger: interval[0:00:05], next run at: 2026-08-19 14:21:02 UTC)" (scheduled at 2026-08-19 14:20:57.702445+00:00)
2026-08-19 19:20:57,724 | INFO | apscheduler.executors.default | Job "GameEngine.registration_watchdog (trigger: interval[0:00:05], next run at: 2026-08-19 14:21:02 UTC)" executed successfully
2026-08-19 19:21:02,709 | INFO | apscheduler.executors.default | Running job "GameEngine.registration_watchdog (trigger: interval[0:00:05], next run at: 2026-08-19 14:21:07 UTC)" (scheduled at 2026-08-19 14:21:02.702445+00:00)
2026-08-19 19:21:02,721 | INFO | apscheduler.executors.default | Job "GameEngine.registration_watchdog (trigger: interval[0:00:05], next run at: 2026-08-19 14:21:07 UTC)" executed successfully
2026-08-19 19:21:07,716 | INFO | apscheduler.executors.default | Running job "GameEngine.registration_watchdog (trigger: interval[0:00:05], next run at: 2026-08-19 14:21:12 UTC)" (scheduled at 2026-08-19 14:21:07.702445+00:00)
2026-08-19 19:21:07,722 | INFO | apscheduler.executors.default | Job "GameEngine.registration_watchdog (trigger: interval[0:00:05], next run at: 2026-08-19 14:21:12 UTC)" executed successfully
2026-08-19 19:21:12,717 | INFO | apscheduler.executors.default | Running job "GameEngine.registration_watchdog (trigger: interval[0:00:05], next run at: 2026-08-19 14:21:17 UTC)" (scheduled at 2026-08-19 14:21:12.702445+00:00)
2026-08-19 19:21:12,723 | INFO | apscheduler.executors.default | Job "GameEngine.registration_watchdog (trigger: interval[0:00:05], next run at: 2026-08-19 14:21:17 UTC)" executed successfully
2026-08-19 19:21:17,180 | INFO | root | DEBUG_INCOMING Message from=7384468786 payload=/start join_2167_-1004442948493
2026-08-19 19:21:17,712 | INFO | apscheduler.executors.default | Running job "GameEngine.registration_watchdog (trigger: interval[0:00:05], next run at: 2026-08-19 14:21:22 UTC)" (scheduled at 2026-08-19 14:21:17.702445+00:00)
2026-08-19 19:21:17,721 | INFO | apscheduler.executors.default | Running job "GameEngine.send_pending_diamond_logs (trigger: interval[0:00:30], next run at: 2026-08-19 14:21:47 UTC)" (scheduled at 2026-08-19 14:21:17.708289+00:00)
2026-08-19 19:21:17,721 | INFO | apscheduler.executors.default | Running job "GameEngine.premium_reset_watchdog (trigger: interval[0:01:00], next run at: 2026-08-19 14:22:17 UTC)" (scheduled at 2026-08-19 14:21:17.708289+00:00)
2026-08-19 19:21:17,729 | INFO | apscheduler.executors.default | Job "GameEngine.registration_watchdog (trigger: interval[0:00:05], next run at: 2026-08-19 14:21:22 UTC)" executed successfully
2026-08-19 19:21:17,747 | INFO | apscheduler.executors.default | Job "GameEngine.premium_reset_watchdog (trigger: interval[0:01:00], next run at: 2026-08-19 14:22:17 UTC)" executed successfully
2026-08-19 19:21:17,766 | INFO | apscheduler.executors.default | Job "GameEngine.send_pending_diamond_logs (trigger: interval[0:00:30], next run at: 2026-08-19 14:21:47 UTC)" executed successfully
2026-08-19 19:21:18,124 | INFO | aiogram.event | Update id=466217638 is handled. Duration 954 ms by bot id=8894100649
2026-08-19 19:21:22,717 | INFO | apscheduler.executors.default | Running job "GameEngine.registration_watchdog (trigger: interval[0:00:05], next run at: 2026-08-19 14:21:27 UTC)" (scheduled at 2026-08-19 14:21:22.702445+00:00)
2026-08-19 19:21:22,728 | INFO | apscheduler.executors.default | Job "GameEngine.registration_watchdog (trigger: interval[0:00:05], next run at: 2026-08-19 14:21:27 UTC)" executed successfully
2026-08-19 19:21:27,713 | INFO | apscheduler.executors.default | Running job "GameEngine.registration_watchdog (trigger: interval[0:00:05], next run at: 2026-08-19 14:21:32 UTC)" (scheduled at 2026-08-19 14:21:27.702445+00:00)
2026-08-19 19:21:27,716 | INFO | apscheduler.executors.default | Job "GameEngine.registration_watchdog (trigger: interval[0:00:05], next run at: 2026-08-19 14:21:32 UTC)" executed successfully
2026-08-19 19:21:32,713 | INFO | apscheduler.executors.default | Running job "GameEngine.registration_watchdog (trigger: interval[0:00:05], next run at: 2026-08-19 14:21:37 UTC)" (scheduled at 2026-08-19 14:21:32.702445+00:00)
2026-08-19 19:21:32,724 | INFO | apscheduler.executors.default | Job "GameEngine.registration_watchdog (trigger: interval[0:00:05], next run at: 2026-08-19 14:21:37 UTC)" executed successfully
2026-08-19 19:21:37,707 | INFO | apscheduler.executors.default | Running job "GameEngine.registration_watchdog (trigger: interval[0:00:05], next run at: 2026-08-19 14:21:42 UTC)" (scheduled at 2026-08-19 14:21:37.702445+00:00)
2026-08-19 19:21:37,713 | INFO | apscheduler.executors.default | Job "GameEngine.registration_watchdog (trigger: interval[0:00:05], next run at: 2026-08-19 14:21:42 UTC)" executed successfully
2026-08-19 19:21:42,713 | INFO | apscheduler.executors.default | Running job "GameEngine.registration_watchdog (trigger: interval[0:00:05], next run at: 2026-08-19 14:21:47 UTC)" (scheduled at 2026-08-19 14:21:42.702445+00:00)
2026-08-19 19:21:42,719 | INFO | apscheduler.executors.default | Job "GameEngine.registration_watchdog (trigger: interval[0:00:05], next run at: 2026-08-19 14:21:47 UTC)" executed successfully
2026-08-19 19:21:47,710 | INFO | apscheduler.executors.default | Running job "GameEngine.registration_watchdog (trigger: interval[0:00:05], next run at: 2026-08-19 14:21:52 UTC)" (scheduled at 2026-08-19 14:21:47.702445+00:00)
2026-08-19 19:21:47,716 | INFO | apscheduler.executors.default | Running job "GameEngine.send_pending_diamond_logs (trigger: interval[0:00:30], next run at: 2026-08-19 14:22:17 UTC)" (scheduled at 2026-08-19 14:21:47.708289+00:00)
2026-08-19 19:21:47,716 | INFO | apscheduler.executors.default | Job "GameEngine.registration_watchdog (trigger: interval[0:00:05], next run at: 2026-08-19 14:21:52 UTC)" executed successfully
2026-08-19 19:21:47,726 | INFO | apscheduler.executors.default | Job "GameEngine.send_pending_diamond_logs (trigger: interval[0:00:30], next run at: 2026-08-19 14:22:17 UTC)" executed successfully
2026-08-19 19:21:52,713 | INFO | apscheduler.executors.default | Running job "GameEngine.registration_watchdog (trigger: interval[0:00:05], next run at: 2026-08-19 14:21:57 UTC)" (scheduled at 2026-08-19 14:21:52.702445+00:00)
2026-08-19 19:21:52,714 | INFO | apscheduler.executors.default | Job "GameEngine.registration_watchdog (trigger: interval[0:00:05], next run at: 2026-08-19 14:21:57 UTC)" executed successfully
2026-08-19 19:21:57,706 | INFO | apscheduler.executors.default | Running job "GameEngine.registration_watchdog (trigger: interval[0:00:05], next run at: 2026-08-19 14:22:02 UTC)" (scheduled at 2026-08-19 14:21:57.702445+00:00)
2026-08-19 19:21:57,718 | INFO | apscheduler.executors.default | Job "GameEngine.registration_watchdog (trigger: interval[0:00:05], next run at: 2026-08-19 14:22:02 UTC)" executed successfully
2026-08-19 19:22:02,717 | INFO | apscheduler.executors.default | Running job "GameEngine.registration_watchdog (trigger: interval[0:00:05], next run at: 2026-08-19 14:22:07 UTC)" (scheduled at 2026-08-19 14:22:02.702445+00:00)
2026-08-19 19:22:02,717 | INFO | apscheduler.executors.default | Job "GameEngine.registration_watchdog (trigger: interval[0:00:05], next run at: 2026-08-19 14:22:07 UTC)" executed successfully
2026-08-19 19:22:07,708 | INFO | apscheduler.executors.default | Running job "GameEngine.registration_watchdog (trigger: interval[0:00:05], next run at: 2026-08-19 14:22:12 UTC)" (scheduled at 2026-08-19 14:22:07.702445+00:00)
2026-08-19 19:22:07,718 | INFO | apscheduler.executors.default | Job "GameEngine.registration_watchdog (trigger: interval[0:00:05], next run at: 2026-08-19 14:22:12 UTC)" executed successfully
2026-08-19 19:22:12,708 | INFO | apscheduler.executors.default | Running job "GameEngine.registration_watchdog (trigger: interval[0:00:05], next run at: 2026-08-19 14:22:17 UTC)" (scheduled at 2026-08-19 14:22:12.702445+00:00)
2026-08-19 19:22:12,711 | INFO | apscheduler.executors.default | Job "GameEngine.registration_watchdog (trigger: interval[0:00:05], next run at: 2026-08-19 14:22:17 UTC)" executed successfully
2026-08-19 19:22:17,715 | INFO | apscheduler.executors.default | Running job "GameEngine.registration_watchdog (trigger: interval[0:00:05], next run at: 2026-08-19 14:22:22 UTC)" (scheduled at 2026-08-19 14:22:17.702445+00:00)
2026-08-19 19:22:17,715 | INFO | apscheduler.executors.default | Running job "GameEngine.send_pending_diamond_logs (trigger: interval[0:00:30], next run at: 2026-08-19 14:22:47 UTC)" (scheduled at 2026-08-19 14:22:17.708289+00:00)
2026-08-19 19:22:17,715 | INFO | apscheduler.executors.default | Running job "GameEngine.premium_reset_watchdog (trigger: interval[0:01:00], next run at: 2026-08-19 14:23:17 UTC)" (scheduled at 2026-08-19 14:22:17.708289+00:00)
2026-08-19 19:22:17,730 | INFO | apscheduler.executors.default | Job "GameEngine.registration_watchdog (trigger: interval[0:00:05], next run at: 2026-08-19 14:22:22 UTC)" executed successfully
2026-08-19 19:22:17,730 | INFO | apscheduler.executors.default | Job "GameEngine.premium_reset_watchdog (trigger: interval[0:01:00], next run at: 2026-08-19 14:23:17 UTC)" executed successfully
2026-08-19 19:22:17,730 | INFO | apscheduler.executors.default | Job "GameEngine.send_pending_diamond_logs (trigger: interval[0:00:30], next run at: 2026-08-19 14:22:47 UTC)" executed successfully
2026-08-19 19:22:22,721 | INFO | apscheduler.executors.default | Running job "GameEngine.registration_watchdog (trigger: interval[0:00:05], next run at: 2026-08-19 14:22:27 UTC)" (scheduled at 2026-08-19 14:22:22.702445+00:00)
2026-08-19 19:22:22,734 | INFO | apscheduler.executors.default | Job "GameEngine.registration_watchdog (trigger: interval[0:00:05], next run at: 2026-08-19 14:22:27 UTC)" executed successfully
2026-08-19 19:22:27,714 | INFO | apscheduler.executors.default | Running job "GameEngine.registration_watchdog (trigger: interval[0:00:05], next run at: 2026-08-19 14:22:32 UTC)" (scheduled at 2026-08-19 14:22:27.702445+00:00)
2026-08-19 19:22:27,714 | INFO | apscheduler.executors.default | Job "GameEngine.registration_watchdog (trigger: interval[0:00:05], next run at: 2026-08-19 14:22:32 UTC)" executed successfully
2026-08-19 19:22:32,722 | INFO | apscheduler.executors.default | Running job "GameEngine.registration_watchdog (trigger: interval[0:00:05], next run at: 2026-08-19 14:22:37 UTC)" (scheduled at 2026-08-19 14:22:32.702445+00:00)
2026-08-19 19:22:32,727 | INFO | apscheduler.executors.default | Job "GameEngine.registration_watchdog (trigger: interval[0:00:05], next run at: 2026-08-19 14:22:37 UTC)" executed successfully
2026-08-19 19:22:37,713 | INFO | apscheduler.executors.default | Running job "GameEngine.registration_watchdog (trigger: interval[0:00:05], next run at: 2026-08-19 14:22:42 UTC)" (scheduled at 2026-08-19 14:22:37.702445+00:00)
2026-08-19 19:22:37,717 | INFO | apscheduler.executors.default | Job "GameEngine.registration_watchdog (trigger: interval[0:00:05], next run at: 2026-08-19 14:22:42 UTC)" executed successfully
2026-08-19 19:22:42,711 | INFO | apscheduler.executors.default | Running job "GameEngine.registration_watchdog (trigger: interval[0:00:05], next run at: 2026-08-19 14:22:47 UTC)" (scheduled at 2026-08-19 14:22:42.702445+00:00)
2026-08-19 19:22:42,713 | INFO | apscheduler.executors.default | Job "GameEngine.registration_watchdog (trigger: interval[0:00:05], next run at: 2026-08-19 14:22:47 UTC)" executed successfully
2026-08-19 19:22:47,717 | INFO | apscheduler.executors.default | Running job "GameEngine.registration_watchdog (trigger: interval[0:00:05], next run at: 2026-08-19 14:22:52 UTC)" (scheduled at 2026-08-19 14:22:47.702445+00:00)
2026-08-19 19:22:47,717 | INFO | apscheduler.executors.default | Running job "GameEngine.send_pending_diamond_logs (trigger: interval[0:00:30], next run at: 2026-08-19 14:23:17 UTC)" (scheduled at 2026-08-19 14:22:47.708289+00:00)
2026-08-19 19:22:47,717 | INFO | apscheduler.executors.default | Job "GameEngine.registration_watchdog (trigger: interval[0:00:05], next run at: 2026-08-19 14:22:52 UTC)" executed successfully
2026-08-19 19:22:47,717 | INFO | apscheduler.executors.default | Job "GameEngine.send_pending_diamond_logs (trigger: interval[0:00:30], next run at: 2026-08-19 14:23:17 UTC)" executed successfully
2026-08-19 19:22:52,704 | INFO | apscheduler.executors.default | Running job "GameEngine.registration_watchdog (trigger: interval[0:00:05], next run at: 2026-08-19 14:22:57 UTC)" (scheduled at 2026-08-19 14:22:52.702445+00:00)
2026-08-19 19:22:52,706 | INFO | apscheduler.executors.default | Job "GameEngine.registration_watchdog (trigger: interval[0:00:05], next run at: 2026-08-19 14:22:57 UTC)" executed successfully
2026-08-19 19:22:57,714 | INFO | apscheduler.executors.default | Running job "GameEngine.registration_watchdog (trigger: interval[0:00:05], next run at: 2026-08-19 14:23:02 UTC)" (scheduled at 2026-08-19 14:22:57.702445+00:00)
2026-08-19 19:22:57,714 | INFO | apscheduler.executors.default | Job "GameEngine.registration_watchdog (trigger: interval[0:00:05], next run at: 2026-08-19 14:23:02 UTC)" executed successfully
2026-08-19 19:23:02,710 | INFO | apscheduler.executors.default | Running job "GameEngine.registration_watchdog (trigger: interval[0:00:05], next run at: 2026-08-19 14:23:07 UTC)" (scheduled at 2026-08-19 14:23:02.702445+00:00)
2026-08-19 19:23:02,716 | INFO | apscheduler.executors.default | Job "GameEngine.registration_watchdog (trigger: interval[0:00:05], next run at: 2026-08-19 14:23:07 UTC)" executed successfully
2026-08-19 19:23:07,708 | INFO | apscheduler.executors.default | Running job "GameEngine.registration_watchdog (trigger: interval[0:00:05], next run at: 2026-08-19 14:23:12 UTC)" (scheduled at 2026-08-19 14:23:07.702445+00:00)
2026-08-19 19:23:07,714 | INFO | apscheduler.executors.default | Job "GameEngine.registration_watchdog (trigger: interval[0:00:05], next run at: 2026-08-19 14:23:12 UTC)" executed successfully
2026-08-19 19:23:12,709 | INFO | apscheduler.executors.default | Running job "GameEngine.registration_watchdog (trigger: interval[0:00:05], next run at: 2026-08-19 14:23:17 UTC)" (scheduled at 2026-08-19 14:23:12.702445+00:00)
2026-08-19 19:23:12,716 | INFO | apscheduler.executors.default | Job "GameEngine.registration_watchdog (trigger: interval[0:00:05], next run at: 2026-08-19 14:23:17 UTC)" executed successfully
2026-08-19 19:23:17,704 | INFO | apscheduler.executors.default | Running job "GameEngine.registration_watchdog (trigger: interval[0:00:05], next run at: 2026-08-19 14:23:22 UTC)" (scheduled at 2026-08-19 14:23:17.702445+00:00)
2026-08-19 19:23:17,704 | INFO | apscheduler.executors.default | Job "GameEngine.registration_watchdog (trigger: interval[0:00:05], next run at: 2026-08-19 14:23:22 UTC)" executed successfully
2026-08-19 19:23:17,719 | INFO | apscheduler.executors.default | Running job "GameEngine.send_pending_diamond_logs (trigger: interval[0:00:30], next run at: 2026-08-19 14:23:47 UTC)" (scheduled at 2026-08-19 14:23:17.708289+00:00)
2026-08-19 19:23:17,719 | INFO | apscheduler.executors.default | Running job "GameEngine.premium_reset_watchdog (trigger: interval[0:01:00], next run at: 2026-08-19 14:24:17 UTC)" (scheduled at 2026-08-19 14:23:17.708289+00:00)
2026-08-19 19:23:17,719 | INFO | apscheduler.executors.default | Job "GameEngine.premium_reset_watchdog (trigger: interval[0:01:00], next run at: 2026-08-19 14:24:17 UTC)" executed successfully
2026-08-19 19:23:17,719 | INFO | apscheduler.executors.default | Job "GameEngine.send_pending_diamond_logs (trigger: interval[0:00:30], next run at: 2026-08-19 14:23:47 UTC)" executed successfully
2026-08-19 19:23:22,706 | INFO | apscheduler.executors.default | Running job "GameEngine.registration_watchdog (trigger: interval[0:00:05], next run at: 2026-08-19 14:23:27 UTC)" (scheduled at 2026-08-19 14:23:22.702445+00:00)
2026-08-19 19:23:22,712 | INFO | apscheduler.executors.default | Job "GameEngine.registration_watchdog (trigger: interval[0:00:05], next run at: 2026-08-19 14:23:27 UTC)" executed successfully
2026-08-19 19:23:27,713 | INFO | apscheduler.executors.default | Running job "GameEngine.registration_watchdog (trigger: interval[0:00:05], next run at: 2026-08-19 14:23:32 UTC)" (scheduled at 2026-08-19 14:23:27.702445+00:00)
2026-08-19 19:23:27,713 | INFO | apscheduler.executors.default | Job "GameEngine.registration_watchdog (trigger: interval[0:00:05], next run at: 2026-08-19 14:23:32 UTC)" executed successfully
2026-08-19 19:23:32,714 | INFO | apscheduler.executors.default | Running job "GameEngine.registration_watchdog (trigger: interval[0:00:05], next run at: 2026-08-19 14:23:37 UTC)" (scheduled at 2026-08-19 14:23:32.702445+00:00)
2026-08-19 19:23:32,720 | INFO | apscheduler.executors.default | Job "GameEngine.registration_watchdog (trigger: interval[0:00:05], next run at: 2026-08-19 14:23:37 UTC)" executed successfully
2026-08-19 19:23:37,719 | INFO | apscheduler.executors.default | Running job "GameEngine.registration_watchdog (trigger: interval[0:00:05], next run at: 2026-08-19 14:23:42 UTC)" (scheduled at 2026-08-19 14:23:37.702445+00:00)
2026-08-19 19:23:37,725 | INFO | apscheduler.executors.default | Job "GameEngine.registration_watchdog (trigger: interval[0:00:05], next run at: 2026-08-19 14:23:42 UTC)" executed successfully
2026-08-19 19:23:42,711 | INFO | apscheduler.executors.default | Running job "GameEngine.registration_watchdog (trigger: interval[0:00:05], next run at: 2026-08-19 14:23:47 UTC)" (scheduled at 2026-08-19 14:23:42.702445+00:00)
2026-08-19 19:23:42,717 | INFO | apscheduler.executors.default | Job "GameEngine.registration_watchdog (trigger: interval[0:00:05], next run at: 2026-08-19 14:23:47 UTC)" executed successfully
2026-08-19 19:23:47,710 | INFO | apscheduler.executors.default | Running job "GameEngine.registration_watchdog (trigger: interval[0:00:05], next run at: 2026-08-19 14:23:52 UTC)" (scheduled at 2026-08-19 14:23:47.702445+00:00)
2026-08-19 19:23:47,716 | INFO | apscheduler.executors.default | Running job "GameEngine.send_pending_diamond_logs (trigger: interval[0:00:30], next run at: 2026-08-19 14:24:17 UTC)" (scheduled at 2026-08-19 14:23:47.708289+00:00)
2026-08-19 19:23:47,716 | INFO | apscheduler.executors.default | Job "GameEngine.registration_watchdog (trigger: interval[0:00:05], next run at: 2026-08-19 14:23:52 UTC)" executed successfully
2026-08-19 19:23:47,725 | INFO | apscheduler.executors.default | Job "GameEngine.send_pending_diamond_logs (trigger: interval[0:00:30], next run at: 2026-08-19 14:24:17 UTC)" executed successfully
2026-08-19 19:23:52,714 | INFO | apscheduler.executors.default | Running job "GameEngine.registration_watchdog (trigger: interval[0:00:05], next run at: 2026-08-19 14:23:57 UTC)" (scheduled at 2026-08-19 14:23:52.702445+00:00)
2026-08-19 19:23:52,720 | INFO | apscheduler.executors.default | Job "GameEngine.registration_watchdog (trigger: interval[0:00:05], next run at: 2026-08-19 14:23:57 UTC)" executed successfully
2026-08-19 19:23:57,719 | INFO | apscheduler.executors.default | Running job "GameEngine.registration_watchdog (trigger: interval[0:00:05], next run at: 2026-08-19 14:24:02 UTC)" (scheduled at 2026-08-19 14:23:57.702445+00:00)
2026-08-19 19:23:57,725 | INFO | apscheduler.executors.default | Job "GameEngine.registration_watchdog (trigger: interval[0:00:05], next run at: 2026-08-19 14:24:02 UTC)" executed successfully
2026-08-19 19:24:02,717 | INFO | apscheduler.executors.default | Running job "GameEngine.registration_watchdog (trigger: interval[0:00:05], next run at: 2026-08-19 14:24:07 UTC)" (scheduled at 2026-08-19 14:24:02.702445+00:00)
2026-08-19 19:24:02,723 | INFO | apscheduler.executors.default | Job "GameEngine.registration_watchdog (trigger: interval[0:00:05], next run at: 2026-08-19 14:24:07 UTC)" executed successfully
2026-08-19 19:24:07,718 | INFO | apscheduler.executors.default | Running job "GameEngine.registration_watchdog (trigger: interval[0:00:05], next run at: 2026-08-19 14:24:12 UTC)" (scheduled at 2026-08-19 14:24:07.702445+00:00)
2026-08-19 19:24:07,724 | INFO | apscheduler.executors.default | Job "GameEngine.registration_watchdog (trigger: interval[0:00:05], next run at: 2026-08-19 14:24:12 UTC)" executed successfully
2026-08-19 19:24:12,723 | INFO | apscheduler.executors.default | Running job "GameEngine.registration_watchdog (trigger: interval[0:00:05], next run at: 2026-08-19 14:24:17 UTC)" (scheduled at 2026-08-19 14:24:12.702445+00:00)
2026-08-19 19:24:12,729 | INFO | apscheduler.executors.default | Job "GameEngine.registration_watchdog (trigger: interval[0:00:05], next run at: 2026-08-19 14:24:17 UTC)" executed successfully
2026-08-19 19:24:17,717 | INFO | apscheduler.executors.default | Running job "GameEngine.registration_watchdog (trigger: interval[0:00:05], next run at: 2026-08-19 14:24:22 UTC)" (scheduled at 2026-08-19 14:24:17.702445+00:00)
2026-08-19 19:24:17,723 | INFO | apscheduler.executors.default | Running job "GameEngine.send_pending_diamond_logs (trigger: interval[0:00:30], next run at: 2026-08-19 14:24:47 UTC)" (scheduled at 2026-08-19 14:24:17.708289+00:00)
2026-08-19 19:24:17,723 | INFO | apscheduler.executors.default | Running job "GameEngine.premium_reset_watchdog (trigger: interval[0:01:00], next run at: 2026-08-19 14:25:17 UTC)" (scheduled at 2026-08-19 14:24:17.708289+00:00)
2026-08-19 19:24:17,733 | INFO | apscheduler.executors.default | Job "GameEngine.registration_watchdog (trigger: interval[0:00:05], next run at: 2026-08-19 14:24:22 UTC)" executed successfully
2026-08-19 19:24:17,733 | INFO | apscheduler.executors.default | Job "GameEngine.premium_reset_watchdog (trigger: interval[0:01:00], next run at: 2026-08-19 14:25:17 UTC)" executed successfully
2026-08-19 19:24:17,733 | INFO | apscheduler.executors.default | Job "GameEngine.send_pending_diamond_logs (trigger: interval[0:00:30], next run at: 2026-08-19 14:24:47 UTC)" executed successfully
2026-08-19 19:24:22,706 | INFO | apscheduler.executors.default | Running job "GameEngine.registration_watchdog (trigger: interval[0:00:05], next run at: 2026-08-19 14:24:27 UTC)" (scheduled at 2026-08-19 14:24:22.702445+00:00)
2026-08-19 19:24:22,714 | INFO | apscheduler.executors.default | Job "GameEngine.registration_watchdog (trigger: interval[0:00:05], next run at: 2026-08-19 14:24:27 UTC)" executed successfully
2026-08-19 19:24:27,715 | INFO | apscheduler.executors.default | Running job "GameEngine.registration_watchdog (trigger: interval[0:00:05], next run at: 2026-08-19 14:24:32 UTC)" (scheduled at 2026-08-19 14:24:27.702445+00:00)
2026-08-19 19:24:27,721 | INFO | apscheduler.executors.default | Job "GameEngine.registration_watchdog (trigger: interval[0:00:05], next run at: 2026-08-19 14:24:32 UTC)" executed successfully
2026-08-19 19:24:32,720 | INFO | apscheduler.executors.default | Running job "GameEngine.registration_watchdog (trigger: interval[0:00:05], next run at: 2026-08-19 14:24:37 UTC)" (scheduled at 2026-08-19 14:24:32.702445+00:00)
2026-08-19 19:24:32,720 | INFO | apscheduler.executors.default | Job "GameEngine.registration_watchdog (trigger: interval[0:00:05], next run at: 2026-08-19 14:24:37 UTC)" executed successfully
2026-08-19 19:24:37,720 | INFO | apscheduler.executors.default | Running job "GameEngine.registration_watchdog (trigger: interval[0:00:05], next run at: 2026-08-19 14:24:42 UTC)" (scheduled at 2026-08-19 14:24:37.702445+00:00)
2026-08-19 19:24:37,720 | INFO | apscheduler.executors.default | Job "GameEngine.registration_watchdog (trigger: interval[0:00:05], next run at: 2026-08-19 14:24:42 UTC)" executed successfully
2026-08-19 19:24:42,716 | INFO | apscheduler.executors.default | Running job "GameEngine.registration_watchdog (trigger: interval[0:00:05], next run at: 2026-08-19 14:24:47 UTC)" (scheduled at 2026-08-19 14:24:42.702445+00:00)
2026-08-19 19:24:42,722 | INFO | apscheduler.executors.default | Job "GameEngine.registration_watchdog (trigger: interval[0:00:05], next run at: 2026-08-19 14:24:47 UTC)" executed successfully
2026-08-19 19:24:47,727 | INFO | apscheduler.executors.default | Running job "GameEngine.registration_watchdog (trigger: interval[0:00:05], next run at: 2026-08-19 14:24:52 UTC)" (scheduled at 2026-08-19 14:24:47.702445+00:00)
2026-08-19 19:24:47,733 | INFO | apscheduler.executors.default | Running job "GameEngine.send_pending_diamond_logs (trigger: interval[0:00:30], next run at: 2026-08-19 14:25:17 UTC)" (scheduled at 2026-08-19 14:24:47.708289+00:00)
2026-08-19 19:24:47,733 | INFO | apscheduler.executors.default | Job "GameEngine.registration_watchdog (trigger: interval[0:00:05], next run at: 2026-08-19 14:24:52 UTC)" executed successfully
2026-08-19 19:24:47,743 | INFO | apscheduler.executors.default | Job "GameEngine.send_pending_diamond_logs (trigger: interval[0:00:30], next run at: 2026-08-19 14:25:17 UTC)" executed successfully
2026-08-19 19:24:52,714 | INFO | apscheduler.executors.default | Running job "GameEngine.registration_watchdog (trigger: interval[0:00:05], next run at: 2026-08-19 14:24:57 UTC)" (scheduled at 2026-08-19 14:24:52.702445+00:00)
2026-08-19 19:24:52,720 | INFO | apscheduler.executors.default | Job "GameEngine.registration_watchdog (trigger: interval[0:00:05], next run at: 2026-08-19 14:24:57 UTC)" executed successfully
2026-08-19 19:24:57,715 | INFO | apscheduler.executors.default | Running job "GameEngine.registration_watchdog (trigger: interval[0:00:05], next run at: 2026-08-19 14:25:02 UTC)" (scheduled at 2026-08-19 14:24:57.702445+00:00)
2026-08-19 19:24:57,721 | INFO | apscheduler.executors.default | Job "GameEngine.registration_watchdog (trigger: interval[0:00:05], next run at: 2026-08-19 14:25:02 UTC)" executed successfully
2026-08-19 19:25:02,724 | INFO | apscheduler.executors.default | Running job "GameEngine.registration_watchdog (trigger: interval[0:00:05], next run at: 2026-08-19 14:25:07 UTC)" (scheduled at 2026-08-19 14:25:02.702445+00:00)
2026-08-19 19:25:02,730 | INFO | apscheduler.executors.default | Job "GameEngine.registration_watchdog (trigger: interval[0:00:05], next run at: 2026-08-19 14:25:07 UTC)" executed successfully
2026-08-19 19:25:07,714 | INFO | apscheduler.executors.default | Running job "GameEngine.registration_watchdog (trigger: interval[0:00:05], next run at: 2026-08-19 14:25:12 UTC)" (scheduled at 2026-08-19 14:25:07.702445+00:00)
2026-08-19 19:25:07,720 | INFO | apscheduler.executors.default | Job "GameEngine.registration_watchdog (trigger: interval[0:00:05], next run at: 2026-08-19 14:25:12 UTC)" executed successfully
2026-08-19 19:25:12,722 | INFO | apscheduler.executors.default | Running job "GameEngine.registration_watchdog (trigger: interval[0:00:05], next run at: 2026-08-19 14:25:17 UTC)" (scheduled at 2026-08-19 14:25:12.702445+00:00)
2026-08-19 19:25:12,728 | INFO | apscheduler.executors.default | Job "GameEngine.registration_watchdog (trigger: interval[0:00:05], next run at: 2026-08-19 14:25:17 UTC)" executed successfully
2026-08-19 19:25:17,708 | INFO | apscheduler.executors.default | Running job "GameEngine.registration_watchdog (trigger: interval[0:00:05], next run at: 2026-08-19 14:25:22 UTC)" (scheduled at 2026-08-19 14:25:17.702445+00:00)
2026-08-19 19:25:17,714 | INFO | apscheduler.executors.default | Running job "GameEngine.send_pending_diamond_logs (trigger: interval[0:00:30], next run at: 2026-08-19 14:25:47 UTC)" (scheduled at 2026-08-19 14:25:17.708289+00:00)
2026-08-19 19:25:17,714 | INFO | apscheduler.executors.default | Running job "GameEngine.premium_reset_watchdog (trigger: interval[0:01:00], next run at: 2026-08-19 14:26:17 UTC)" (scheduled at 2026-08-19 14:25:17.708289+00:00)
2026-08-19 19:25:17,740 | INFO | apscheduler.executors.default | Job "GameEngine.registration_watchdog (trigger: interval[0:00:05], next run at: 2026-08-19 14:25:22 UTC)" executed successfully
2026-08-19 19:25:17,740 | INFO | apscheduler.executors.default | Job "GameEngine.premium_reset_watchdog (trigger: interval[0:01:00], next run at: 2026-08-19 14:26:17 UTC)" executed successfully
2026-08-19 19:25:17,755 | INFO | apscheduler.executors.default | Job "GameEngine.send_pending_diamond_logs (trigger: interval[0:00:30], next run at: 2026-08-19 14:25:47 UTC)" executed successfully
2026-08-19 19:25:22,703 | INFO | apscheduler.executors.default | Running job "GameEngine.registration_watchdog (trigger: interval[0:00:05], next run at: 2026-08-19 14:25:27 UTC)" (scheduled at 2026-08-19 14:25:22.702445+00:00)
2026-08-19 19:25:22,709 | INFO | apscheduler.executors.default | Job "GameEngine.registration_watchdog (trigger: interval[0:00:05], next run at: 2026-08-19 14:25:27 UTC)" executed successfully
2026-08-19 19:25:27,704 | INFO | apscheduler.executors.default | Running job "GameEngine.registration_watchdog (trigger: interval[0:00:05], next run at: 2026-08-19 14:25:32 UTC)" (scheduled at 2026-08-19 14:25:27.702445+00:00)
2026-08-19 19:25:27,710 | INFO | apscheduler.executors.default | Job "GameEngine.registration_watchdog (trigger: interval[0:00:05], next run at: 2026-08-19 14:25:32 UTC)" executed successfully
2026-08-19 19:25:32,706 | INFO | apscheduler.executors.default | Running job "GameEngine.registration_watchdog (trigger: interval[0:00:05], next run at: 2026-08-19 14:25:37 UTC)" (scheduled at 2026-08-19 14:25:32.702445+00:00)
2026-08-19 19:25:32,706 | INFO | apscheduler.executors.default | Job "GameEngine.registration_watchdog (trigger: interval[0:00:05], next run at: 2026-08-19 14:25:37 UTC)" executed successfully
2026-08-19 19:25:37,703 | INFO | apscheduler.executors.default | Running job "GameEngine.registration_watchdog (trigger: interval[0:00:05], next run at: 2026-08-19 14:25:42 UTC)" (scheduled at 2026-08-19 14:25:37.702445+00:00)
2026-08-19 19:25:37,715 | INFO | apscheduler.executors.default | Job "GameEngine.registration_watchdog (trigger: interval[0:00:05], next run at: 2026-08-19 14:25:42 UTC)" executed successfully
2026-08-19 19:25:42,710 | INFO | apscheduler.executors.default | Running job "GameEngine.registration_watchdog (trigger: interval[0:00:05], next run at: 2026-08-19 14:25:47 UTC)" (scheduled at 2026-08-19 14:25:42.702445+00:00)
2026-08-19 19:25:42,721 | INFO | apscheduler.executors.default | Job "GameEngine.registration_watchdog (trigger: interval[0:00:05], next run at: 2026-08-19 14:25:47 UTC)" executed successfully
2026-08-19 19:25:47,713 | INFO | apscheduler.executors.default | Running job "GameEngine.registration_watchdog (trigger: interval[0:00:05], next run at: 2026-08-19 14:25:52 UTC)" (scheduled at 2026-08-19 14:25:47.702445+00:00)
2026-08-19 19:25:47,720 | INFO | apscheduler.executors.default | Running job "GameEngine.send_pending_diamond_logs (trigger: interval[0:00:30], next run at: 2026-08-19 14:26:17 UTC)" (scheduled at 2026-08-19 14:25:47.708289+00:00)
2026-08-19 19:25:47,720 | INFO | apscheduler.executors.default | Job "GameEngine.registration_watchdog (trigger: interval[0:00:05], next run at: 2026-08-19 14:25:52 UTC)" executed successfully
2026-08-19 19:25:47,729 | INFO | apscheduler.executors.default | Job "GameEngine.send_pending_diamond_logs (trigger: interval[0:00:30], next run at: 2026-08-19 14:26:17 UTC)" executed successfully
2026-08-19 19:25:52,718 | INFO | apscheduler.executors.default | Running job "GameEngine.registration_watchdog (trigger: interval[0:00:05], next run at: 2026-08-19 14:25:57 UTC)" (scheduled at 2026-08-19 14:25:52.702445+00:00)
2026-08-19 19:25:52,718 | INFO | apscheduler.executors.default | Job "GameEngine.registration_watchdog (trigger: interval[0:00:05], next run at: 2026-08-19 14:25:57 UTC)" executed successfully
2026-08-19 19:25:57,706 | INFO | apscheduler.executors.default | Running job "GameEngine.registration_watchdog (trigger: interval[0:00:05], next run at: 2026-08-19 14:26:02 UTC)" (scheduled at 2026-08-19 14:25:57.702445+00:00)
2026-08-19 19:25:57,715 | INFO | apscheduler.executors.default | Job "GameEngine.registration_watchdog (trigger: interval[0:00:05], next run at: 2026-08-19 14:26:02 UTC)" executed successfully
2026-08-19 19:26:02,706 | INFO | apscheduler.executors.default | Running job "GameEngine.registration_watchdog (trigger: interval[0:00:05], next run at: 2026-08-19 14:26:07 UTC)" (scheduled at 2026-08-19 14:26:02.702445+00:00)
2026-08-19 19:26:02,714 | INFO | apscheduler.executors.default | Job "GameEngine.registration_watchdog (trigger: interval[0:00:05], next run at: 2026-08-19 14:26:07 UTC)" executed successfully
2026-08-19 19:26:07,720 | INFO | apscheduler.executors.default | Running job "GameEngine.registration_watchdog (trigger: interval[0:00:05], next run at: 2026-08-19 14:26:12 UTC)" (scheduled at 2026-08-19 14:26:07.702445+00:00)
2026-08-19 19:26:07,720 | INFO | apscheduler.executors.default | Job "GameEngine.registration_watchdog (trigger: interval[0:00:05], next run at: 2026-08-19 14:26:12 UTC)" executed successfully
2026-08-19 19:26:12,707 | INFO | apscheduler.executors.default | Running job "GameEngine.registration_watchdog (trigger: interval[0:00:05], next run at: 2026-08-19 14:26:17 UTC)" (scheduled at 2026-08-19 14:26:12.702445+00:00)
2026-08-19 19:26:12,714 | INFO | apscheduler.executors.default | Job "GameEngine.registration_watchdog (trigger: interval[0:00:05], next run at: 2026-08-19 14:26:17 UTC)" executed successfully
2026-08-19 19:26:17,712 | INFO | apscheduler.executors.default | Running job "GameEngine.registration_watchdog (trigger: interval[0:00:05], next run at: 2026-08-19 14:26:22 UTC)" (scheduled at 2026-08-19 14:26:17.702445+00:00)
2026-08-19 19:26:17,718 | INFO | apscheduler.executors.default | Running job "GameEngine.send_pending_diamond_logs (trigger: interval[0:00:30], next run at: 2026-08-19 14:26:47 UTC)" (scheduled at 2026-08-19 14:26:17.708289+00:00)
2026-08-19 19:26:17,718 | INFO | apscheduler.executors.default | Running job "GameEngine.premium_reset_watchdog (trigger: interval[0:01:00], next run at: 2026-08-19 14:27:17 UTC)" (scheduled at 2026-08-19 14:26:17.708289+00:00)
2026-08-19 19:26:17,728 | INFO | apscheduler.executors.default | Job "GameEngine.registration_watchdog (trigger: interval[0:00:05], next run at: 2026-08-19 14:26:22 UTC)" executed successfully
2026-08-19 19:26:17,728 | INFO | apscheduler.executors.default | Job "GameEngine.premium_reset_watchdog (trigger: interval[0:01:00], next run at: 2026-08-19 14:27:17 UTC)" executed successfully
2026-08-19 19:26:17,728 | INFO | apscheduler.executors.default | Job "GameEngine.send_pending_diamond_logs (trigger: interval[0:00:30], next run at: 2026-08-19 14:26:47 UTC)" executed successfully
2026-08-19 19:26:22,709 | INFO | apscheduler.executors.default | Running job "GameEngine.registration_watchdog (trigger: interval[0:00:05], next run at: 2026-08-19 14:26:27 UTC)" (scheduled at 2026-08-19 14:26:22.702445+00:00)
2026-08-19 19:26:22,709 | INFO | apscheduler.executors.default | Job "GameEngine.registration_watchdog (trigger: interval[0:00:05], next run at: 2026-08-19 14:26:27 UTC)" executed successfully
2026-08-19 19:26:27,715 | INFO | apscheduler.executors.default | Running job "GameEngine.registration_watchdog (trigger: interval[0:00:05], next run at: 2026-08-19 14:26:32 UTC)" (scheduled at 2026-08-19 14:26:27.702445+00:00)
2026-08-19 19:26:27,721 | INFO | apscheduler.executors.default | Job "GameEngine.registration_watchdog (trigger: interval[0:00:05], next run at: 2026-08-19 14:26:32 UTC)" executed successfully
2026-08-19 19:26:32,719 | INFO | apscheduler.executors.default | Running job "GameEngine.registration_watchdog (trigger: interval[0:00:05], next run at: 2026-08-19 14:26:37 UTC)" (scheduled at 2026-08-19 14:26:32.702445+00:00)
2026-08-19 19:26:32,719 | INFO | apscheduler.executors.default | Job "GameEngine.registration_watchdog (trigger: interval[0:00:05], next run at: 2026-08-19 14:26:37 UTC)" executed successfully
2026-08-19 19:26:37,713 | INFO | apscheduler.executors.default | Running job "GameEngine.registration_watchdog (trigger: interval[0:00:05], next run at: 2026-08-19 14:26:42 UTC)" (scheduled at 2026-08-19 14:26:37.702445+00:00)
2026-08-19 19:26:37,717 | INFO | apscheduler.executors.default | Job "GameEngine.registration_watchdog (trigger: interval[0:00:05], next run at: 2026-08-19 14:26:42 UTC)" executed successfully
2026-08-19 19:26:42,708 | INFO | apscheduler.executors.default | Running job "GameEngine.registration_watchdog (trigger: interval[0:00:05], next run at: 2026-08-19 14:26:47 UTC)" (scheduled at 2026-08-19 14:26:42.702445+00:00)
2026-08-19 19:26:42,714 | INFO | apscheduler.executors.default | Job "GameEngine.registration_watchdog (trigger: interval[0:00:05], next run at: 2026-08-19 14:26:47 UTC)" executed successfully
2026-08-19 19:26:47,710 | INFO | apscheduler.executors.default | Running job "GameEngine.registration_watchdog (trigger: interval[0:00:05], next run at: 2026-08-19 14:26:52 UTC)" (scheduled at 2026-08-19 14:26:47.702445+00:00)
2026-08-19 19:26:47,716 | INFO | apscheduler.executors.default | Running job "GameEngine.send_pending_diamond_logs (trigger: interval[0:00:30], next run at: 2026-08-19 14:27:17 UTC)" (scheduled at 2026-08-19 14:26:47.708289+00:00)
2026-08-19 19:26:47,716 | INFO | apscheduler.executors.default | Job "GameEngine.registration_watchdog (trigger: interval[0:00:05], next run at: 2026-08-19 14:26:52 UTC)" executed successfully
2026-08-19 19:26:47,726 | INFO | apscheduler.executors.default | Job "GameEngine.send_pending_diamond_logs (trigger: interval[0:00:30], next run at: 2026-08-19 14:27:17 UTC)" executed successfully
2026-08-19 19:26:52,714 | INFO | apscheduler.executors.default | Running job "GameEngine.registration_watchdog (trigger: interval[0:00:05], next run at: 2026-08-19 14:26:57 UTC)" (scheduled at 2026-08-19 14:26:52.702445+00:00)
2026-08-19 19:26:52,715 | INFO | apscheduler.executors.default | Job "GameEngine.registration_watchdog (trigger: interval[0:00:05], next run at: 2026-08-19 14:26:57 UTC)" executed successfully
2026-08-19 19:26:57,715 | INFO | apscheduler.executors.default | Running job "GameEngine.registration_watchdog (trigger: interval[0:00:05], next run at: 2026-08-19 14:27:02 UTC)" (scheduled at 2026-08-19 14:26:57.702445+00:00)
2026-08-19 19:26:57,721 | INFO | apscheduler.executors.default | Job "GameEngine.registration_watchdog (trigger: interval[0:00:05], next run at: 2026-08-19 14:27:02 UTC)" executed successfully
2026-08-19 19:27:02,712 | INFO | apscheduler.executors.default | Running job "GameEngine.registration_watchdog (trigger: interval[0:00:05], next run at: 2026-08-19 14:27:07 UTC)" (scheduled at 2026-08-19 14:27:02.702445+00:00)
2026-08-19 19:27:02,718 | INFO | apscheduler.executors.default | Job "GameEngine.registration_watchdog (trigger: interval[0:00:05], next run at: 2026-08-19 14:27:07 UTC)" executed successfully
2026-08-19 19:27:07,708 | INFO | apscheduler.executors.default | Running job "GameEngine.registration_watchdog (trigger: interval[0:00:05], next run at: 2026-08-19 14:27:12 UTC)" (scheduled at 2026-08-19 14:27:07.702445+00:00)
2026-08-19 19:27:07,714 | INFO | apscheduler.executors.default | Job "GameEngine.registration_watchdog (trigger: interval[0:00:05], next run at: 2026-08-19 14:27:12 UTC)" executed successfully
2026-08-19 19:27:12,715 | INFO | apscheduler.executors.default | Running job "GameEngine.registration_watchdog (trigger: interval[0:00:05], next run at: 2026-08-19 14:27:17 UTC)" (scheduled at 2026-08-19 14:27:12.702445+00:00)
2026-08-19 19:27:12,721 | INFO | apscheduler.executors.default | Job "GameEngine.registration_watchdog (trigger: interval[0:00:05], next run at: 2026-08-19 14:27:17 UTC)" executed successfully
2026-08-19 19:27:17,722 | INFO | apscheduler.executors.default | Running job "GameEngine.registration_watchdog (trigger: interval[0:00:05], next run at: 2026-08-19 14:27:22 UTC)" (scheduled at 2026-08-19 14:27:17.702445+00:00)
2026-08-19 19:27:17,728 | INFO | apscheduler.executors.default | Running job "GameEngine.send_pending_diamond_logs (trigger: interval[0:00:30], next run at: 2026-08-19 14:27:47 UTC)" (scheduled at 2026-08-19 14:27:17.708289+00:00)
2026-08-19 19:27:17,728 | INFO | apscheduler.executors.default | Running job "GameEngine.premium_reset_watchdog (trigger: interval[0:01:00], next run at: 2026-08-19 14:28:17 UTC)" (scheduled at 2026-08-19 14:27:17.708289+00:00)
2026-08-19 19:27:17,738 | INFO | apscheduler.executors.default | Job "GameEngine.registration_watchdog (trigger: interval[0:00:05], next run at: 2026-08-19 14:27:22 UTC)" executed successfully
2026-08-19 19:27:17,738 | INFO | apscheduler.executors.default | Job "GameEngine.premium_reset_watchdog (trigger: interval[0:01:00], next run at: 2026-08-19 14:28:17 UTC)" executed successfully
2026-08-19 19:27:17,738 | INFO | apscheduler.executors.default | Job "GameEngine.send_pending_diamond_logs (trigger: interval[0:00:30], next run at: 2026-08-19 14:27:47 UTC)" executed successfully
2026-08-19 19:27:22,710 | INFO | apscheduler.executors.default | Running job "GameEngine.registration_watchdog (trigger: interval[0:00:05], next run at: 2026-08-19 14:27:27 UTC)" (scheduled at 2026-08-19 14:27:22.702445+00:00)
2026-08-19 19:27:22,716 | INFO | apscheduler.executors.default | Job "GameEngine.registration_watchdog (trigger: interval[0:00:05], next run at: 2026-08-19 14:27:27 UTC)" executed successfully
2026-08-19 19:27:27,713 | INFO | apscheduler.executors.default | Running job "GameEngine.registration_watchdog (trigger: interval[0:00:05], next run at: 2026-08-19 14:27:32 UTC)" (scheduled at 2026-08-19 14:27:27.702445+00:00)
2026-08-19 19:27:27,719 | INFO | apscheduler.executors.default | Job "GameEngine.registration_watchdog (trigger: interval[0:00:05], next run at: 2026-08-19 14:27:32 UTC)" executed successfully
2026-08-19 19:27:32,706 | INFO | apscheduler.executors.default | Running job "GameEngine.registration_watchdog (trigger: interval[0:00:05], next run at: 2026-08-19 14:27:37 UTC)" (scheduled at 2026-08-19 14:27:32.702445+00:00)
2026-08-19 19:27:32,712 | INFO | apscheduler.executors.default | Job "GameEngine.registration_watchdog (trigger: interval[0:00:05], next run at: 2026-08-19 14:27:37 UTC)" executed successfully
2026-08-19 19:27:37,711 | INFO | apscheduler.executors.default | Running job "GameEngine.registration_watchdog (trigger: interval[0:00:05], next run at: 2026-08-19 14:27:42 UTC)" (scheduled at 2026-08-19 14:27:37.702445+00:00)
2026-08-19 19:27:37,717 | INFO | apscheduler.executors.default | Job "GameEngine.registration_watchdog (trigger: interval[0:00:05], next run at: 2026-08-19 14:27:42 UTC)" executed successfully
2026-08-19 19:27:42,703 | INFO | apscheduler.executors.default | Running job "GameEngine.registration_watchdog (trigger: interval[0:00:05], next run at: 2026-08-19 14:27:47 UTC)" (scheduled at 2026-08-19 14:27:42.702445+00:00)
2026-08-19 19:27:42,709 | INFO | apscheduler.executors.default | Job "GameEngine.registration_watchdog (trigger: interval[0:00:05], next run at: 2026-08-19 14:27:47 UTC)" executed successfully
2026-08-19 19:27:47,714 | INFO | apscheduler.executors.default | Running job "GameEngine.registration_watchdog (trigger: interval[0:00:05], next run at: 2026-08-19 14:27:52 UTC)" (scheduled at 2026-08-19 14:27:47.702445+00:00)
2026-08-19 19:27:47,721 | INFO | apscheduler.executors.default | Running job "GameEngine.send_pending_diamond_logs (trigger: interval[0:00:30], next run at: 2026-08-19 14:28:17 UTC)" (scheduled at 2026-08-19 14:27:47.708289+00:00)
2026-08-19 19:27:47,721 | INFO | apscheduler.executors.default | Job "GameEngine.registration_watchdog (trigger: interval[0:00:05], next run at: 2026-08-19 14:27:52 UTC)" executed successfully
2026-08-19 19:27:47,730 | INFO | apscheduler.executors.default | Job "GameEngine.send_pending_diamond_logs (trigger: interval[0:00:30], next run at: 2026-08-19 14:28:17 UTC)" executed successfully
2026-08-19 19:27:52,722 | INFO | apscheduler.executors.default | Running job "GameEngine.registration_watchdog (trigger: interval[0:00:05], next run at: 2026-08-19 14:27:57 UTC)" (scheduled at 2026-08-19 14:27:52.702445+00:00)
2026-08-19 19:27:52,722 | INFO | apscheduler.executors.default | Job "GameEngine.registration_watchdog (trigger: interval[0:00:05], next run at: 2026-08-19 14:27:57 UTC)" executed successfully
2026-08-19 19:27:57,715 | INFO | apscheduler.executors.default | Running job "GameEngine.registration_watchdog (trigger: interval[0:00:05], next run at: 2026-08-19 14:28:02 UTC)" (scheduled at 2026-08-19 14:27:57.702445+00:00)
2026-08-19 19:27:57,715 | INFO | apscheduler.executors.default | Job "GameEngine.registration_watchdog (trigger: interval[0:00:05], next run at: 2026-08-19 14:28:02 UTC)" executed successfully
2026-08-19 19:28:02,721 | INFO | apscheduler.executors.default | Running job "GameEngine.registration_watchdog (trigger: interval[0:00:05], next run at: 2026-08-19 14:28:07 UTC)" (scheduled at 2026-08-19 14:28:02.702445+00:00)
2026-08-19 19:28:02,727 | INFO | apscheduler.executors.default | Job "GameEngine.registration_watchdog (trigger: interval[0:00:05], next run at: 2026-08-19 14:28:07 UTC)" executed successfully
2026-08-19 19:28:07,711 | INFO | apscheduler.executors.default | Running job "GameEngine.registration_watchdog (trigger: interval[0:00:05], next run at: 2026-08-19 14:28:12 UTC)" (scheduled at 2026-08-19 14:28:07.702445+00:00)
2026-08-19 19:28:07,718 | INFO | apscheduler.executors.default | Job "GameEngine.registration_watchdog (trigger: interval[0:00:05], next run at: 2026-08-19 14:28:12 UTC)" executed successfully
2026-08-19 19:28:12,706 | INFO | apscheduler.executors.default | Running job "GameEngine.registration_watchdog (trigger: interval[0:00:05], next run at: 2026-08-19 14:28:17 UTC)" (scheduled at 2026-08-19 14:28:12.702445+00:00)
2026-08-19 19:28:12,712 | INFO | apscheduler.executors.default | Job "GameEngine.registration_watchdog (trigger: interval[0:00:05], next run at: 2026-08-19 14:28:17 UTC)" executed successfully
2026-08-19 19:28:17,714 | INFO | apscheduler.executors.default | Running job "GameEngine.registration_watchdog (trigger: interval[0:00:05], next run at: 2026-08-19 14:28:22 UTC)" (scheduled at 2026-08-19 14:28:17.702445+00:00)
2026-08-19 19:28:17,720 | INFO | apscheduler.executors.default | Running job "GameEngine.send_pending_diamond_logs (trigger: interval[0:00:30], next run at: 2026-08-19 14:28:47 UTC)" (scheduled at 2026-08-19 14:28:17.708289+00:00)
2026-08-19 19:28:17,720 | INFO | apscheduler.executors.default | Running job "GameEngine.premium_reset_watchdog (trigger: interval[0:01:00], next run at: 2026-08-19 14:29:17 UTC)" (scheduled at 2026-08-19 14:28:17.708289+00:00)
2026-08-19 19:28:17,730 | INFO | apscheduler.executors.default | Job "GameEngine.registration_watchdog (trigger: interval[0:00:05], next run at: 2026-08-19 14:28:22 UTC)" executed successfully
2026-08-19 19:28:17,746 | INFO | apscheduler.executors.default | Job "GameEngine.premium_reset_watchdog (trigger: interval[0:01:00], next run at: 2026-08-19 14:29:17 UTC)" executed successfully
2026-08-19 19:28:17,746 | INFO | apscheduler.executors.default | Job "GameEngine.send_pending_diamond_logs (trigger: interval[0:00:30], next run at: 2026-08-19 14:28:47 UTC)" executed successfully
2026-08-19 19:28:22,720 | INFO | apscheduler.executors.default | Running job "GameEngine.registration_watchdog (trigger: interval[0:00:05], next run at: 2026-08-19 14:28:27 UTC)" (scheduled at 2026-08-19 14:28:22.702445+00:00)
2026-08-19 19:28:22,720 | INFO | apscheduler.executors.default | Job "GameEngine.registration_watchdog (trigger: interval[0:00:05], next run at: 2026-08-19 14:28:27 UTC)" executed successfully
2026-08-19 19:28:27,707 | INFO | apscheduler.executors.default | Running job "GameEngine.registration_watchdog (trigger: interval[0:00:05], next run at: 2026-08-19 14:28:32 UTC)" (scheduled at 2026-08-19 14:28:27.702445+00:00)
2026-08-19 19:28:27,714 | INFO | apscheduler.executors.default | Job "GameEngine.registration_watchdog (trigger: interval[0:00:05], next run at: 2026-08-19 14:28:32 UTC)" executed successfully
2026-08-19 19:28:32,715 | INFO | apscheduler.executors.default | Running job "GameEngine.registration_watchdog (trigger: interval[0:00:05], next run at: 2026-08-19 14:28:37 UTC)" (scheduled at 2026-08-19 14:28:32.702445+00:00)
2026-08-19 19:28:32,721 | INFO | apscheduler.executors.default | Job "GameEngine.registration_watchdog (trigger: interval[0:00:05], next run at: 2026-08-19 14:28:37 UTC)" executed successfully
2026-08-19 19:28:37,715 | INFO | apscheduler.executors.default | Running job "GameEngine.registration_watchdog (trigger: interval[0:00:05], next run at: 2026-08-19 14:28:42 UTC)" (scheduled at 2026-08-19 14:28:37.702445+00:00)
2026-08-19 19:28:37,715 | INFO | apscheduler.executors.default | Job "GameEngine.registration_watchdog (trigger: interval[0:00:05], next run at: 2026-08-19 14:28:42 UTC)" executed successfully
2026-08-19 19:28:42,705 | INFO | apscheduler.executors.default | Running job "GameEngine.registration_watchdog (trigger: interval[0:00:05], next run at: 2026-08-19 14:28:47 UTC)" (scheduled at 2026-08-19 14:28:42.702445+00:00)
2026-08-19 19:28:42,711 | INFO | apscheduler.executors.default | Job "GameEngine.registration_watchdog (trigger: interval[0:00:05], next run at: 2026-08-19 14:28:47 UTC)" executed successfully
2026-08-19 19:28:47,714 | INFO | apscheduler.executors.default | Running job "GameEngine.registration_watchdog (trigger: interval[0:00:05], next run at: 2026-08-19 14:28:52 UTC)" (scheduled at 2026-08-19 14:28:47.702445+00:00)
2026-08-19 19:28:47,722 | INFO | apscheduler.executors.default | Running job "GameEngine.send_pending_diamond_logs (trigger: interval[0:00:30], next run at: 2026-08-19 14:29:17 UTC)" (scheduled at 2026-08-19 14:28:47.708289+00:00)
2026-08-19 19:28:47,722 | INFO | apscheduler.executors.default | Job "GameEngine.registration_watchdog (trigger: interval[0:00:05], next run at: 2026-08-19 14:28:52 UTC)" executed successfully
2026-08-19 19:28:47,730 | INFO | apscheduler.executors.default | Job "GameEngine.send_pending_diamond_logs (trigger: interval[0:00:30], next run at: 2026-08-19 14:29:17 UTC)" executed successfully
2026-08-19 19:28:52,706 | INFO | apscheduler.executors.default | Running job "GameEngine.registration_watchdog (trigger: interval[0:00:05], next run at: 2026-08-19 14:28:57 UTC)" (scheduled at 2026-08-19 14:28:52.702445+00:00)
2026-08-19 19:28:52,712 | INFO | apscheduler.executors.default | Job "GameEngine.registration_watchdog (trigger: interval[0:00:05], next run at: 2026-08-19 14:28:57 UTC)" executed successfully
2026-08-19 19:28:57,715 | INFO | apscheduler.executors.default | Running job "GameEngine.registration_watchdog (trigger: interval[0:00:05], next run at: 2026-08-19 14:29:02 UTC)" (scheduled at 2026-08-19 14:28:57.702445+00:00)
2026-08-19 19:28:57,720 | INFO | apscheduler.executors.default | Job "GameEngine.registration_watchdog (trigger: interval[0:00:05], next run at: 2026-08-19 14:29:02 UTC)" executed successfully
2026-08-19 19:29:02,707 | INFO | apscheduler.executors.default | Running job "GameEngine.registration_watchdog (trigger: interval[0:00:05], next run at: 2026-08-19 14:29:07 UTC)" (scheduled at 2026-08-19 14:29:02.702445+00:00)
2026-08-19 19:29:02,710 | INFO | apscheduler.executors.default | Job "GameEngine.registration_watchdog (trigger: interval[0:00:05], next run at: 2026-08-19 14:29:07 UTC)" executed successfully
2026-08-19 19:29:07,711 | INFO | apscheduler.executors.default | Running job "GameEngine.registration_watchdog (trigger: interval[0:00:05], next run at: 2026-08-19 14:29:12 UTC)" (scheduled at 2026-08-19 14:29:07.702445+00:00)
2026-08-19 19:29:07,717 | INFO | apscheduler.executors.default | Job "GameEngine.registration_watchdog (trigger: interval[0:00:05], next run at: 2026-08-19 14:29:12 UTC)" executed successfully
2026-08-19 19:29:12,711 | INFO | apscheduler.executors.default | Running job "GameEngine.registration_watchdog (trigger: interval[0:00:05], next run at: 2026-08-19 14:29:17 UTC)" (scheduled at 2026-08-19 14:29:12.702445+00:00)
2026-08-19 19:29:12,714 | INFO | apscheduler.executors.default | Job "GameEngine.registration_watchdog (trigger: interval[0:00:05], next run at: 2026-08-19 14:29:17 UTC)" executed successfully
2026-08-19 19:29:17,712 | INFO | apscheduler.executors.default | Running job "GameEngine.registration_watchdog (trigger: interval[0:00:05], next run at: 2026-08-19 14:29:22 UTC)" (scheduled at 2026-08-19 14:29:17.702445+00:00)
2026-08-19 19:29:17,718 | INFO | apscheduler.executors.default | Running job "GameEngine.send_pending_diamond_logs (trigger: interval[0:00:30], next run at: 2026-08-19 14:29:47 UTC)" (scheduled at 2026-08-19 14:29:17.708289+00:00)
2026-08-19 19:29:17,718 | INFO | apscheduler.executors.default | Running job "GameEngine.premium_reset_watchdog (trigger: interval[0:01:00], next run at: 2026-08-19 14:30:17 UTC)" (scheduled at 2026-08-19 14:29:17.708289+00:00)
2026-08-19 19:29:17,743 | INFO | apscheduler.executors.default | Job "GameEngine.registration_watchdog (trigger: interval[0:00:05], next run at: 2026-08-19 14:29:22 UTC)" executed successfully
2026-08-19 19:29:17,743 | INFO | apscheduler.executors.default | Job "GameEngine.premium_reset_watchdog (trigger: interval[0:01:00], next run at: 2026-08-19 14:30:17 UTC)" executed successfully
2026-08-19 19:29:17,743 | INFO | apscheduler.executors.default | Job "GameEngine.send_pending_diamond_logs (trigger: interval[0:00:30], next run at: 2026-08-19 14:29:47 UTC)" executed successfully
2026-08-19 19:29:22,707 | INFO | apscheduler.executors.default | Running job "GameEngine.registration_watchdog (trigger: interval[0:00:05], next run at: 2026-08-19 14:29:27 UTC)" (scheduled at 2026-08-19 14:29:22.702445+00:00)
2026-08-19 19:29:22,707 | INFO | apscheduler.executors.default | Job "GameEngine.registration_watchdog (trigger: interval[0:00:05], next run at: 2026-08-19 14:29:27 UTC)" executed successfully
2026-08-19 19:29:27,710 | INFO | apscheduler.executors.default | Running job "GameEngine.registration_watchdog (trigger: interval[0:00:05], next run at: 2026-08-19 14:29:32 UTC)" (scheduled at 2026-08-19 14:29:27.702445+00:00)
2026-08-19 19:29:27,717 | INFO | apscheduler.executors.default | Job "GameEngine.registration_watchdog (trigger: interval[0:00:05], next run at: 2026-08-19 14:29:32 UTC)" executed successfully
2026-08-19 19:29:32,707 | INFO | apscheduler.executors.default | Running job "GameEngine.registration_watchdog (trigger: interval[0:00:05], next run at: 2026-08-19 14:29:37 UTC)" (scheduled at 2026-08-19 14:29:32.702445+00:00)
2026-08-19 19:29:32,714 | INFO | apscheduler.executors.default | Job "GameEngine.registration_watchdog (trigger: interval[0:00:05], next run at: 2026-08-19 14:29:37 UTC)" executed successfully
2026-08-19 19:29:37,707 | INFO | apscheduler.executors.default | Running job "GameEngine.registration_watchdog (trigger: interval[0:00:05], next run at: 2026-08-19 14:29:42 UTC)" (scheduled at 2026-08-19 14:29:37.702445+00:00)
2026-08-19 19:29:37,719 | INFO | apscheduler.executors.default | Job "GameEngine.registration_watchdog (trigger: interval[0:00:05], next run at: 2026-08-19 14:29:42 UTC)" executed successfully
2026-08-19 19:29:42,703 | INFO | apscheduler.executors.default | Running job "GameEngine.registration_watchdog (trigger: interval[0:00:05], next run at: 2026-08-19 14:29:47 UTC)" (scheduled at 2026-08-19 14:29:42.702445+00:00)
2026-08-19 19:29:42,714 | INFO | apscheduler.executors.default | Job "GameEngine.registration_watchdog (trigger: interval[0:00:05], next run at: 2026-08-19 14:29:47 UTC)" executed successfully
2026-08-19 19:29:47,712 | INFO | apscheduler.executors.default | Running job "GameEngine.registration_watchdog (trigger: interval[0:00:05], next run at: 2026-08-19 14:29:52 UTC)" (scheduled at 2026-08-19 14:29:47.702445+00:00)
2026-08-19 19:29:47,718 | INFO | apscheduler.executors.default | Running job "GameEngine.send_pending_diamond_logs (trigger: interval[0:00:30], next run at: 2026-08-19 14:30:17 UTC)" (scheduled at 2026-08-19 14:29:47.708289+00:00)
2026-08-19 19:29:47,718 | INFO | apscheduler.executors.default | Job "GameEngine.registration_watchdog (trigger: interval[0:00:05], next run at: 2026-08-19 14:29:52 UTC)" executed successfully
2026-08-19 19:29:47,728 | INFO | apscheduler.executors.default | Job "GameEngine.send_pending_diamond_logs (trigger: interval[0:00:30], next run at: 2026-08-19 14:30:17 UTC)" executed successfully
2026-08-19 19:29:52,707 | INFO | apscheduler.executors.default | Running job "GameEngine.registration_watchdog (trigger: interval[0:00:05], next run at: 2026-08-19 14:29:57 UTC)" (scheduled at 2026-08-19 14:29:52.702445+00:00)
2026-08-19 19:29:52,714 | INFO | apscheduler.executors.default | Job "GameEngine.registration_watchdog (trigger: interval[0:00:05], next run at: 2026-08-19 14:29:57 UTC)" executed successfully
2026-08-19 19:29:57,717 | INFO | apscheduler.executors.default | Running job "GameEngine.registration_watchdog (trigger: interval[0:00:05], next run at: 2026-08-19 14:30:02 UTC)" (scheduled at 2026-08-19 14:29:57.702445+00:00)
2026-08-19 19:29:57,723 | INFO | apscheduler.executors.default | Job "GameEngine.registration_watchdog (trigger: interval[0:00:05], next run at: 2026-08-19 14:30:02 UTC)" executed successfully
2026-08-19 19:30:02,724 | INFO | apscheduler.executors.default | Running job "GameEngine.registration_watchdog (trigger: interval[0:00:05], next run at: 2026-08-19 14:30:07 UTC)" (scheduled at 2026-08-19 14:30:02.702445+00:00)
2026-08-19 19:30:02,730 | INFO | apscheduler.executors.default | Job "GameEngine.registration_watchdog (trigger: interval[0:00:05], next run at: 2026-08-19 14:30:07 UTC)" executed successfully
2026-08-19 19:30:07,705 | INFO | apscheduler.executors.default | Running job "GameEngine.registration_watchdog (trigger: interval[0:00:05], next run at: 2026-08-19 14:30:12 UTC)" (scheduled at 2026-08-19 14:30:07.702445+00:00)
2026-08-19 19:30:07,707 | INFO | apscheduler.executors.default | Job "GameEngine.registration_watchdog (trigger: interval[0:00:05], next run at: 2026-08-19 14:30:12 UTC)" executed successfully
2026-08-19 19:30:12,713 | INFO | apscheduler.executors.default | Running job "GameEngine.registration_watchdog (trigger: interval[0:00:05], next run at: 2026-08-19 14:30:17 UTC)" (scheduled at 2026-08-19 14:30:12.702445+00:00)
2026-08-19 19:30:12,720 | INFO | apscheduler.executors.default | Job "GameEngine.registration_watchdog (trigger: interval[0:00:05], next run at: 2026-08-19 14:30:17 UTC)" executed successfully
2026-08-19 19:30:17,710 | INFO | apscheduler.executors.default | Running job "GameEngine.registration_watchdog (trigger: interval[0:00:05], next run at: 2026-08-19 14:30:22 UTC)" (scheduled at 2026-08-19 14:30:17.702445+00:00)
2026-08-19 19:30:17,710 | INFO | apscheduler.executors.default | Running job "GameEngine.send_pending_diamond_logs (trigger: interval[0:00:30], next run at: 2026-08-19 14:30:47 UTC)" (scheduled at 2026-08-19 14:30:17.708289+00:00)
2026-08-19 19:30:17,710 | INFO | apscheduler.executors.default | Running job "GameEngine.premium_reset_watchdog (trigger: interval[0:01:00], next run at: 2026-08-19 14:31:17 UTC)" (scheduled at 2026-08-19 14:30:17.708289+00:00)
2026-08-19 19:30:17,710 | INFO | apscheduler.executors.default | Job "GameEngine.registration_watchdog (trigger: interval[0:00:05], next run at: 2026-08-19 14:30:22 UTC)" executed successfully
2026-08-19 19:30:17,710 | INFO | apscheduler.executors.default | Job "GameEngine.premium_reset_watchdog (trigger: interval[0:01:00], next run at: 2026-08-19 14:31:17 UTC)" executed successfully
2026-08-19 19:30:17,726 | INFO | apscheduler.executors.default | Job "GameEngine.send_pending_diamond_logs (trigger: interval[0:00:30], next run at: 2026-08-19 14:30:47 UTC)" executed successfully
2026-08-19 19:30:22,719 | INFO | apscheduler.executors.default | Running job "GameEngine.registration_watchdog (trigger: interval[0:00:05], next run at: 2026-08-19 14:30:27 UTC)" (scheduled at 2026-08-19 14:30:22.702445+00:00)
2026-08-19 19:30:22,725 | INFO | apscheduler.executors.default | Job "GameEngine.registration_watchdog (trigger: interval[0:00:05], next run at: 2026-08-19 14:30:27 UTC)" executed successfully
2026-08-19 19:30:27,714 | INFO | apscheduler.executors.default | Running job "GameEngine.registration_watchdog (trigger: interval[0:00:05], next run at: 2026-08-19 14:30:32 UTC)" (scheduled at 2026-08-19 14:30:27.702445+00:00)
2026-08-19 19:30:27,725 | INFO | apscheduler.executors.default | Job "GameEngine.registration_watchdog (trigger: interval[0:00:05], next run at: 2026-08-19 14:30:32 UTC)" executed successfully
2026-08-19 19:30:32,711 | INFO | apscheduler.executors.default | Running job "GameEngine.registration_watchdog (trigger: interval[0:00:05], next run at: 2026-08-19 14:30:37 UTC)" (scheduled at 2026-08-19 14:30:32.702445+00:00)
2026-08-19 19:30:32,716 | INFO | apscheduler.executors.default | Job "GameEngine.registration_watchdog (trigger: interval[0:00:05], next run at: 2026-08-19 14:30:37 UTC)" executed successfully
2026-08-19 19:30:37,714 | INFO | apscheduler.executors.default | Running job "GameEngine.registration_watchdog (trigger: interval[0:00:05], next run at: 2026-08-19 14:30:42 UTC)" (scheduled at 2026-08-19 14:30:37.702445+00:00)
2026-08-19 19:30:37,728 | INFO | apscheduler.executors.default | Job "GameEngine.registration_watchdog (trigger: interval[0:00:05], next run at: 2026-08-19 14:30:42 UTC)" executed successfully
2026-08-19 19:30:42,724 | INFO | apscheduler.executors.default | Running job "GameEngine.registration_watchdog (trigger: interval[0:00:05], next run at: 2026-08-19 14:30:47 UTC)" (scheduled at 2026-08-19 14:30:42.702445+00:00)
2026-08-19 19:30:42,732 | INFO | apscheduler.executors.default | Job "GameEngine.registration_watchdog (trigger: interval[0:00:05], next run at: 2026-08-19 14:30:47 UTC)" executed successfully
2026-08-19 19:30:47,714 | INFO | apscheduler.executors.default | Running job "GameEngine.registration_watchdog (trigger: interval[0:00:05], next run at: 2026-08-19 14:30:52 UTC)" (scheduled at 2026-08-19 14:30:47.702445+00:00)
2026-08-19 19:30:47,714 | INFO | apscheduler.executors.default | Running job "GameEngine.send_pending_diamond_logs (trigger: interval[0:00:30], next run at: 2026-08-19 14:31:17 UTC)" (scheduled at 2026-08-19 14:30:47.708289+00:00)
2026-08-19 19:30:47,735 | INFO | apscheduler.executors.default | Job "GameEngine.registration_watchdog (trigger: interval[0:00:05], next run at: 2026-08-19 14:30:52 UTC)" executed successfully
2026-08-19 19:30:47,743 | INFO | apscheduler.executors.default | Job "GameEngine.send_pending_diamond_logs (trigger: interval[0:00:30], next run at: 2026-08-19 14:31:17 UTC)" executed successfully
2026-08-19 19:30:52,719 | INFO | apscheduler.executors.default | Running job "GameEngine.registration_watchdog (trigger: interval[0:00:05], next run at: 2026-08-19 14:30:57 UTC)" (scheduled at 2026-08-19 14:30:52.702445+00:00)
2026-08-19 19:30:52,725 | INFO | apscheduler.executors.default | Job "GameEngine.registration_watchdog (trigger: interval[0:00:05], next run at: 2026-08-19 14:30:57 UTC)" executed successfully
2026-08-19 19:30:57,703 | INFO | apscheduler.executors.default | Running job "GameEngine.registration_watchdog (trigger: interval[0:00:05], next run at: 2026-08-19 14:31:02 UTC)" (scheduled at 2026-08-19 14:30:57.702445+00:00)
2026-08-19 19:30:57,707 | INFO | apscheduler.executors.default | Job "GameEngine.registration_watchdog (trigger: interval[0:00:05], next run at: 2026-08-19 14:31:02 UTC)" executed successfully
2026-08-19 19:31:02,711 | INFO | apscheduler.executors.default | Running job "GameEngine.registration_watchdog (trigger: interval[0:00:05], next run at: 2026-08-19 14:31:07 UTC)" (scheduled at 2026-08-19 14:31:02.702445+00:00)
2026-08-19 19:31:02,722 | INFO | apscheduler.executors.default | Job "GameEngine.registration_watchdog (trigger: interval[0:00:05], next run at: 2026-08-19 14:31:07 UTC)" executed successfully
2026-08-19 19:31:07,711 | INFO | apscheduler.executors.default | Running job "GameEngine.registration_watchdog (trigger: interval[0:00:05], next run at: 2026-08-19 14:31:12 UTC)" (scheduled at 2026-08-19 14:31:07.702445+00:00)
2026-08-19 19:31:07,721 | INFO | apscheduler.executors.default | Job "GameEngine.registration_watchdog (trigger: interval[0:00:05], next run at: 2026-08-19 14:31:12 UTC)" executed successfully
2026-08-19 19:31:12,717 | INFO | apscheduler.executors.default | Running job "GameEngine.registration_watchdog (trigger: interval[0:00:05], next run at: 2026-08-19 14:31:17 UTC)" (scheduled at 2026-08-19 14:31:12.702445+00:00)
2026-08-19 19:31:12,721 | INFO | apscheduler.executors.default | Job "GameEngine.registration_watchdog (trigger: interval[0:00:05], next run at: 2026-08-19 14:31:17 UTC)" executed successfully
2026-08-19 19:31:17,714 | INFO | apscheduler.executors.default | Running job "GameEngine.registration_watchdog (trigger: interval[0:00:05], next run at: 2026-08-19 14:31:22 UTC)" (scheduled at 2026-08-19 14:31:17.702445+00:00)
2026-08-19 19:31:17,714 | INFO | apscheduler.executors.default | Running job "GameEngine.send_pending_diamond_logs (trigger: interval[0:00:30], next run at: 2026-08-19 14:31:47 UTC)" (scheduled at 2026-08-19 14:31:17.708289+00:00)
2026-08-19 19:31:17,714 | INFO | apscheduler.executors.default | Running job "GameEngine.premium_reset_watchdog (trigger: interval[0:01:00], next run at: 2026-08-19 14:32:17 UTC)" (scheduled at 2026-08-19 14:31:17.708289+00:00)
2026-08-19 19:31:17,724 | INFO | apscheduler.executors.default | Job "GameEngine.registration_watchdog (trigger: interval[0:00:05], next run at: 2026-08-19 14:31:22 UTC)" executed successfully
2026-08-19 19:31:17,750 | INFO | apscheduler.executors.default | Job "GameEngine.premium_reset_watchdog (trigger: interval[0:01:00], next run at: 2026-08-19 14:32:17 UTC)" executed successfully
2026-08-19 19:31:17,756 | INFO | apscheduler.executors.default | Job "GameEngine.send_pending_diamond_logs (trigger: interval[0:00:30], next run at: 2026-08-19 14:31:47 UTC)" executed successfully
2026-08-19 19:31:22,709 | INFO | apscheduler.executors.default | Running job "GameEngine.registration_watchdog (trigger: interval[0:00:05], next run at: 2026-08-19 14:31:27 UTC)" (scheduled at 2026-08-19 14:31:22.702445+00:00)
2026-08-19 19:31:22,717 | INFO | apscheduler.executors.default | Job "GameEngine.registration_watchdog (trigger: interval[0:00:05], next run at: 2026-08-19 14:31:27 UTC)" executed successfully
2026-08-19 19:31:26,895 | INFO | root | DEBUG_INCOMING Message from=915624842 payload=Oynashni bilsak keyin ochamizmi ?
2026-08-19 19:31:26,924 | INFO | aiogram.event | Update id=466217639 is handled. Duration 45 ms by bot id=8894100649
2026-08-19 19:31:27,713 | INFO | apscheduler.executors.default | Running job "GameEngine.registration_watchdog (trigger: interval[0:00:05], next run at: 2026-08-19 14:31:32 UTC)" (scheduled at 2026-08-19 14:31:27.702445+00:00)
2026-08-19 19:31:27,723 | INFO | apscheduler.executors.default | Job "GameEngine.registration_watchdog (trigger: interval[0:00:05], next run at: 2026-08-19 14:31:32 UTC)" executed successfully
2026-08-19 19:31:32,707 | INFO | apscheduler.executors.default | Running job "GameEngine.registration_watchdog (trigger: interval[0:00:05], next run at: 2026-08-19 14:31:37 UTC)" (scheduled at 2026-08-19 14:31:32.702445+00:00)
2026-08-19 19:31:32,714 | INFO | apscheduler.executors.default | Job "GameEngine.registration_watchdog (trigger: interval[0:00:05], next run at: 2026-08-19 14:31:37 UTC)" executed successfully
2026-08-19 19:31:37,710 | INFO | apscheduler.executors.default | Running job "GameEngine.registration_watchdog (trigger: interval[0:00:05], next run at: 2026-08-19 14:31:42 UTC)" (scheduled at 2026-08-19 14:31:37.702445+00:00)
2026-08-19 19:31:37,713 | INFO | apscheduler.executors.default | Job "GameEngine.registration_watchdog (trigger: interval[0:00:05], next run at: 2026-08-19 14:31:42 UTC)" executed successfully
2026-08-19 19:31:42,712 | INFO | apscheduler.executors.default | Running job "GameEngine.registration_watchdog (trigger: interval[0:00:05], next run at: 2026-08-19 14:31:47 UTC)" (scheduled at 2026-08-19 14:31:42.702445+00:00)
2026-08-19 19:31:42,718 | INFO | apscheduler.executors.default | Job "GameEngine.registration_watchdog (trigger: interval[0:00:05], next run at: 2026-08-19 14:31:47 UTC)" executed successfully
2026-08-19 19:31:47,709 | INFO | apscheduler.executors.default | Running job "GameEngine.registration_watchdog (trigger: interval[0:00:05], next run at: 2026-08-19 14:31:52 UTC)" (scheduled at 2026-08-19 14:31:47.702445+00:00)
2026-08-19 19:31:47,716 | INFO | apscheduler.executors.default | Running job "GameEngine.send_pending_diamond_logs (trigger: interval[0:00:30], next run at: 2026-08-19 14:32:17 UTC)" (scheduled at 2026-08-19 14:31:47.708289+00:00)
2026-08-19 19:31:47,723 | INFO | apscheduler.executors.default | Job "GameEngine.registration_watchdog (trigger: interval[0:00:05], next run at: 2026-08-19 14:31:52 UTC)" executed successfully
2026-08-19 19:31:47,730 | INFO | apscheduler.executors.default | Job "GameEngine.send_pending_diamond_logs (trigger: interval[0:00:30], next run at: 2026-08-19 14:32:17 UTC)" executed successfully
2026-08-19 19:31:52,715 | INFO | apscheduler.executors.default | Running job "GameEngine.registration_watchdog (trigger: interval[0:00:05], next run at: 2026-08-19 14:31:57 UTC)" (scheduled at 2026-08-19 14:31:52.702445+00:00)
2026-08-19 19:31:52,725 | INFO | apscheduler.executors.default | Job "GameEngine.registration_watchdog (trigger: interval[0:00:05], next run at: 2026-08-19 14:31:57 UTC)" executed successfully
2026-08-19 19:31:57,725 | INFO | apscheduler.executors.default | Running job "GameEngine.registration_watchdog (trigger: interval[0:00:05], next run at: 2026-08-19 14:32:02 UTC)" (scheduled at 2026-08-19 14:31:57.702445+00:00)
2026-08-19 19:31:57,731 | INFO | apscheduler.executors.default | Job "GameEngine.registration_watchdog (trigger: interval[0:00:05], next run at: 2026-08-19 14:32:02 UTC)" executed successfully
2026-08-19 19:32:02,703 | INFO | apscheduler.executors.default | Running job "GameEngine.registration_watchdog (trigger: interval[0:00:05], next run at: 2026-08-19 14:32:07 UTC)" (scheduled at 2026-08-19 14:32:02.702445+00:00)
2026-08-19 19:32:02,709 | INFO | apscheduler.executors.default | Job "GameEngine.registration_watchdog (trigger: interval[0:00:05], next run at: 2026-08-19 14:32:07 UTC)" executed successfully
2026-08-19 19:32:07,712 | INFO | apscheduler.executors.default | Running job "GameEngine.registration_watchdog (trigger: interval[0:00:05], next run at: 2026-08-19 14:32:12 UTC)" (scheduled at 2026-08-19 14:32:07.702445+00:00)
2026-08-19 19:32:07,712 | INFO | apscheduler.executors.default | Job "GameEngine.registration_watchdog (trigger: interval[0:00:05], next run at: 2026-08-19 14:32:12 UTC)" executed successfully
2026-08-19 19:32:12,714 | INFO | apscheduler.executors.default | Running job "GameEngine.registration_watchdog (trigger: interval[0:00:05], next run at: 2026-08-19 14:32:17 UTC)" (scheduled at 2026-08-19 14:32:12.702445+00:00)
2026-08-19 19:32:12,721 | INFO | apscheduler.executors.default | Job "GameEngine.registration_watchdog (trigger: interval[0:00:05], next run at: 2026-08-19 14:32:17 UTC)" executed successfully
2026-08-19 19:32:17,721 | INFO | apscheduler.executors.default | Running job "GameEngine.registration_watchdog (trigger: interval[0:00:05], next run at: 2026-08-19 14:32:22 UTC)" (scheduled at 2026-08-19 14:32:17.702445+00:00)
2026-08-19 19:32:17,728 | INFO | apscheduler.executors.default | Running job "GameEngine.send_pending_diamond_logs (trigger: interval[0:00:30], next run at: 2026-08-19 14:32:47 UTC)" (scheduled at 2026-08-19 14:32:17.708289+00:00)
2026-08-19 19:32:17,728 | INFO | apscheduler.executors.default | Running job "GameEngine.premium_reset_watchdog (trigger: interval[0:01:00], next run at: 2026-08-19 14:33:17 UTC)" (scheduled at 2026-08-19 14:32:17.708289+00:00)
2026-08-19 19:32:17,735 | INFO | apscheduler.executors.default | Job "GameEngine.registration_watchdog (trigger: interval[0:00:05], next run at: 2026-08-19 14:32:22 UTC)" executed successfully
2026-08-19 19:32:17,735 | INFO | apscheduler.executors.default | Job "GameEngine.premium_reset_watchdog (trigger: interval[0:01:00], next run at: 2026-08-19 14:33:17 UTC)" executed successfully
2026-08-19 19:32:17,735 | INFO | apscheduler.executors.default | Job "GameEngine.send_pending_diamond_logs (trigger: interval[0:00:30], next run at: 2026-08-19 14:32:47 UTC)" executed successfully
2026-08-19 19:32:22,716 | INFO | apscheduler.executors.default | Running job "GameEngine.registration_watchdog (trigger: interval[0:00:05], next run at: 2026-08-19 14:32:27 UTC)" (scheduled at 2026-08-19 14:32:22.702445+00:00)
2026-08-19 19:32:22,716 | INFO | apscheduler.executors.default | Job "GameEngine.registration_watchdog (trigger: interval[0:00:05], next run at: 2026-08-19 14:32:27 UTC)" executed successfully
2026-08-19 19:32:27,703 | INFO | apscheduler.executors.default | Running job "GameEngine.registration_watchdog (trigger: interval[0:00:05], next run at: 2026-08-19 14:32:32 UTC)" (scheduled at 2026-08-19 14:32:27.702445+00:00)
2026-08-19 19:32:27,715 | INFO | apscheduler.executors.default | Job "GameEngine.registration_watchdog (trigger: interval[0:00:05], next run at: 2026-08-19 14:32:32 UTC)" executed successfully
2026-08-19 19:32:32,704 | INFO | apscheduler.executors.default | Running job "GameEngine.registration_watchdog (trigger: interval[0:00:05], next run at: 2026-08-19 14:32:37 UTC)" (scheduled at 2026-08-19 14:32:32.702445+00:00)
2026-08-19 19:32:32,710 | INFO | apscheduler.executors.default | Job "GameEngine.registration_watchdog (trigger: interval[0:00:05], next run at: 2026-08-19 14:32:37 UTC)" executed successfully
2026-08-19 19:32:37,712 | INFO | apscheduler.executors.default | Running job "GameEngine.registration_watchdog (trigger: interval[0:00:05], next run at: 2026-08-19 14:32:42 UTC)" (scheduled at 2026-08-19 14:32:37.702445+00:00)
2026-08-19 19:32:37,719 | INFO | apscheduler.executors.default | Job "GameEngine.registration_watchdog (trigger: interval[0:00:05], next run at: 2026-08-19 14:32:42 UTC)" executed successfully
2026-08-19 19:32:38,326 | INFO | root | DEBUG_INCOMING Message from=1087968824 payload=1 2 oynasen tuwnvolasa qzq oyin
2026-08-19 19:32:38,341 | INFO | aiogram.event | Update id=466217640 is handled. Duration 15 ms by bot id=8894100649
2026-08-19 19:32:42,704 | INFO | apscheduler.executors.default | Running job "GameEngine.registration_watchdog (trigger: interval[0:00:05], next run at: 2026-08-19 14:32:47 UTC)" (scheduled at 2026-08-19 14:32:42.702445+00:00)
2026-08-19 19:32:42,710 | INFO | apscheduler.executors.default | Job "GameEngine.registration_watchdog (trigger: interval[0:00:05], next run at: 2026-08-19 14:32:47 UTC)" executed successfully
2026-08-19 19:32:47,719 | INFO | apscheduler.executors.default | Running job "GameEngine.registration_watchdog (trigger: interval[0:00:05], next run at: 2026-08-19 14:32:52 UTC)" (scheduled at 2026-08-19 14:32:47.702445+00:00)
2026-08-19 19:32:47,725 | INFO | apscheduler.executors.default | Running job "GameEngine.send_pending_diamond_logs (trigger: interval[0:00:30], next run at: 2026-08-19 14:33:17 UTC)" (scheduled at 2026-08-19 14:32:47.708289+00:00)
2026-08-19 19:32:47,725 | INFO | apscheduler.executors.default | Job "GameEngine.registration_watchdog (trigger: interval[0:00:05], next run at: 2026-08-19 14:32:52 UTC)" executed successfully
2026-08-19 19:32:47,735 | INFO | apscheduler.executors.default | Job "GameEngine.send_pending_diamond_logs (trigger: interval[0:00:30], next run at: 2026-08-19 14:33:17 UTC)" executed successfully
2026-08-19 19:32:52,711 | INFO | apscheduler.executors.default | Running job "GameEngine.registration_watchdog (trigger: interval[0:00:05], next run at: 2026-08-19 14:32:57 UTC)" (scheduled at 2026-08-19 14:32:52.702445+00:00)
2026-08-19 19:32:52,717 | INFO | apscheduler.executors.default | Job "GameEngine.registration_watchdog (trigger: interval[0:00:05], next run at: 2026-08-19 14:32:57 UTC)" executed successfully
2026-08-19 19:32:57,705 | INFO | apscheduler.executors.default | Running job "GameEngine.registration_watchdog (trigger: interval[0:00:05], next run at: 2026-08-19 14:33:02 UTC)" (scheduled at 2026-08-19 14:32:57.702445+00:00)
2026-08-19 19:32:57,711 | INFO | apscheduler.executors.default | Job "GameEngine.registration_watchdog (trigger: interval[0:00:05], next run at: 2026-08-19 14:33:02 UTC)" executed successfully
2026-08-19 19:33:02,709 | INFO | apscheduler.executors.default | Running job "GameEngine.registration_watchdog (trigger: interval[0:00:05], next run at: 2026-08-19 14:33:07 UTC)" (scheduled at 2026-08-19 14:33:02.702445+00:00)
2026-08-19 19:33:02,709 | INFO | apscheduler.executors.default | Job "GameEngine.registration_watchdog (trigger: interval[0:00:05], next run at: 2026-08-19 14:33:07 UTC)" executed successfully
2026-08-19 19:33:07,707 | INFO | apscheduler.executors.default | Running job "GameEngine.registration_watchdog (trigger: interval[0:00:05], next run at: 2026-08-19 14:33:12 UTC)" (scheduled at 2026-08-19 14:33:07.702445+00:00)
2026-08-19 19:33:07,714 | INFO | apscheduler.executors.default | Job "GameEngine.registration_watchdog (trigger: interval[0:00:05], next run at: 2026-08-19 14:33:12 UTC)" executed successfully
2026-08-19 19:33:12,713 | INFO | apscheduler.executors.default | Running job "GameEngine.registration_watchdog (trigger: interval[0:00:05], next run at: 2026-08-19 14:33:17 UTC)" (scheduled at 2026-08-19 14:33:12.702445+00:00)
2026-08-19 19:33:12,719 | INFO | apscheduler.executors.default | Job "GameEngine.registration_watchdog (trigger: interval[0:00:05], next run at: 2026-08-19 14:33:17 UTC)" executed successfully
2026-08-19 19:33:17,710 | INFO | apscheduler.executors.default | Running job "GameEngine.registration_watchdog (trigger: interval[0:00:05], next run at: 2026-08-19 14:33:22 UTC)" (scheduled at 2026-08-19 14:33:17.702445+00:00)
2026-08-19 19:33:17,716 | INFO | apscheduler.executors.default | Running job "GameEngine.send_pending_diamond_logs (trigger: interval[0:00:30], next run at: 2026-08-19 14:33:47 UTC)" (scheduled at 2026-08-19 14:33:17.708289+00:00)
2026-08-19 19:33:17,716 | INFO | apscheduler.executors.default | Running job "GameEngine.premium_reset_watchdog (trigger: interval[0:01:00], next run at: 2026-08-19 14:34:17 UTC)" (scheduled at 2026-08-19 14:33:17.708289+00:00)
2026-08-19 19:33:17,757 | INFO | apscheduler.executors.default | Job "GameEngine.registration_watchdog (trigger: interval[0:00:05], next run at: 2026-08-19 14:33:22 UTC)" executed successfully
2026-08-19 19:33:17,757 | INFO | apscheduler.executors.default | Job "GameEngine.premium_reset_watchdog (trigger: interval[0:01:00], next run at: 2026-08-19 14:34:17 UTC)" executed successfully
2026-08-19 19:33:17,757 | INFO | apscheduler.executors.default | Job "GameEngine.send_pending_diamond_logs (trigger: interval[0:00:30], next run at: 2026-08-19 14:33:47 UTC)" executed successfully
2026-08-19 19:33:22,717 | INFO | apscheduler.executors.default | Running job "GameEngine.registration_watchdog (trigger: interval[0:00:05], next run at: 2026-08-19 14:33:27 UTC)" (scheduled at 2026-08-19 14:33:22.702445+00:00)
2026-08-19 19:33:22,717 | INFO | apscheduler.executors.default | Job "GameEngine.registration_watchdog (trigger: interval[0:00:05], next run at: 2026-08-19 14:33:27 UTC)" executed successfully
2026-08-19 19:33:27,709 | INFO | apscheduler.executors.default | Running job "GameEngine.registration_watchdog (trigger: interval[0:00:05], next run at: 2026-08-19 14:33:32 UTC)" (scheduled at 2026-08-19 14:33:27.702445+00:00)
2026-08-19 19:33:27,709 | INFO | apscheduler.executors.default | Job "GameEngine.registration_watchdog (trigger: interval[0:00:05], next run at: 2026-08-19 14:33:32 UTC)" executed successfully
2026-08-19 19:33:32,708 | INFO | apscheduler.executors.default | Running job "GameEngine.registration_watchdog (trigger: interval[0:00:05], next run at: 2026-08-19 14:33:37 UTC)" (scheduled at 2026-08-19 14:33:32.702445+00:00)
2026-08-19 19:33:32,716 | INFO | apscheduler.executors.default | Job "GameEngine.registration_watchdog (trigger: interval[0:00:05], next run at: 2026-08-19 14:33:37 UTC)" executed successfully
2026-08-19 19:33:37,708 | INFO | apscheduler.executors.default | Running job "GameEngine.registration_watchdog (trigger: interval[0:00:05], next run at: 2026-08-19 14:33:42 UTC)" (scheduled at 2026-08-19 14:33:37.702445+00:00)
2026-08-19 19:33:37,714 | INFO | apscheduler.executors.default | Job "GameEngine.registration_watchdog (trigger: interval[0:00:05], next run at: 2026-08-19 14:33:42 UTC)" executed successfully
2026-08-19 19:33:42,708 | INFO | apscheduler.executors.default | Running job "GameEngine.registration_watchdog (trigger: interval[0:00:05], next run at: 2026-08-19 14:33:47 UTC)" (scheduled at 2026-08-19 14:33:42.702445+00:00)
2026-08-19 19:33:42,714 | INFO | apscheduler.executors.default | Job "GameEngine.registration_watchdog (trigger: interval[0:00:05], next run at: 2026-08-19 14:33:47 UTC)" executed successfully
2026-08-19 19:33:47,711 | INFO | apscheduler.executors.default | Running job "GameEngine.registration_watchdog (trigger: interval[0:00:05], next run at: 2026-08-19 14:33:52 UTC)" (scheduled at 2026-08-19 14:33:47.702445+00:00)
2026-08-19 19:33:47,713 | INFO | apscheduler.executors.default | Running job "GameEngine.send_pending_diamond_logs (trigger: interval[0:00:30], next run at: 2026-08-19 14:34:17 UTC)" (scheduled at 2026-08-19 14:33:47.708289+00:00)
2026-08-19 19:33:47,713 | INFO | apscheduler.executors.default | Job "GameEngine.registration_watchdog (trigger: interval[0:00:05], next run at: 2026-08-19 14:33:52 UTC)" executed successfully
2026-08-19 19:33:47,713 | INFO | apscheduler.executors.default | Job "GameEngine.send_pending_diamond_logs (trigger: interval[0:00:30], next run at: 2026-08-19 14:34:17 UTC)" executed successfully
2026-08-19 19:33:52,705 | INFO | apscheduler.executors.default | Running job "GameEngine.registration_watchdog (trigger: interval[0:00:05], next run at: 2026-08-19 14:33:57 UTC)" (scheduled at 2026-08-19 14:33:52.702445+00:00)
2026-08-19 19:33:52,711 | INFO | apscheduler.executors.default | Job "GameEngine.registration_watchdog (trigger: interval[0:00:05], next run at: 2026-08-19 14:33:57 UTC)" executed successfully
2026-08-19 19:33:57,714 | INFO | apscheduler.executors.default | Running job "GameEngine.registration_watchdog (trigger: interval[0:00:05], next run at: 2026-08-19 14:34:02 UTC)" (scheduled at 2026-08-19 14:33:57.702445+00:00)
2026-08-19 19:33:57,714 | INFO | apscheduler.executors.default | Job "GameEngine.registration_watchdog (trigger: interval[0:00:05], next run at: 2026-08-19 14:34:02 UTC)" executed successfully
2026-08-19 19:34:02,712 | INFO | apscheduler.executors.default | Running job "GameEngine.registration_watchdog (trigger: interval[0:00:05], next run at: 2026-08-19 14:34:07 UTC)" (scheduled at 2026-08-19 14:34:02.702445+00:00)
2026-08-19 19:34:02,712 | INFO | apscheduler.executors.default | Job "GameEngine.registration_watchdog (trigger: interval[0:00:05], next run at: 2026-08-19 14:34:07 UTC)" executed successfully
2026-08-19 19:34:07,709 | INFO | apscheduler.executors.default | Running job "GameEngine.registration_watchdog (trigger: interval[0:00:05], next run at: 2026-08-19 14:34:12 UTC)" (scheduled at 2026-08-19 14:34:07.702445+00:00)
2026-08-19 19:34:07,717 | INFO | apscheduler.executors.default | Job "GameEngine.registration_watchdog (trigger: interval[0:00:05], next run at: 2026-08-19 14:34:12 UTC)" executed successfully
2026-08-19 19:34:12,716 | INFO | apscheduler.executors.default | Running job "GameEngine.registration_watchdog (trigger: interval[0:00:05], next run at: 2026-08-19 14:34:17 UTC)" (scheduled at 2026-08-19 14:34:12.702445+00:00)
2026-08-19 19:34:12,723 | INFO | apscheduler.executors.default | Job "GameEngine.registration_watchdog (trigger: interval[0:00:05], next run at: 2026-08-19 14:34:17 UTC)" executed successfully
2026-08-19 19:34:17,715 | INFO | apscheduler.executors.default | Running job "GameEngine.registration_watchdog (trigger: interval[0:00:05], next run at: 2026-08-19 14:34:22 UTC)" (scheduled at 2026-08-19 14:34:17.702445+00:00)
2026-08-19 19:34:17,723 | INFO | apscheduler.executors.default | Running job "GameEngine.send_pending_diamond_logs (trigger: interval[0:00:30], next run at: 2026-08-19 14:34:47 UTC)" (scheduled at 2026-08-19 14:34:17.708289+00:00)
2026-08-19 19:34:17,723 | INFO | apscheduler.executors.default | Running job "GameEngine.premium_reset_watchdog (trigger: interval[0:01:00], next run at: 2026-08-19 14:35:17 UTC)" (scheduled at 2026-08-19 14:34:17.708289+00:00)
2026-08-19 19:34:17,731 | INFO | apscheduler.executors.default | Job "GameEngine.registration_watchdog (trigger: interval[0:00:05], next run at: 2026-08-19 14:34:22 UTC)" executed successfully
2026-08-19 19:34:17,749 | INFO | apscheduler.executors.default | Job "GameEngine.premium_reset_watchdog (trigger: interval[0:01:00], next run at: 2026-08-19 14:35:17 UTC)" executed successfully
2026-08-19 19:34:17,749 | INFO | apscheduler.executors.default | Job "GameEngine.send_pending_diamond_logs (trigger: interval[0:00:30], next run at: 2026-08-19 14:34:47 UTC)" executed successfully
2026-08-19 19:34:22,708 | INFO | apscheduler.executors.default | Running job "GameEngine.registration_watchdog (trigger: interval[0:00:05], next run at: 2026-08-19 14:34:27 UTC)" (scheduled at 2026-08-19 14:34:22.702445+00:00)
2026-08-19 19:34:22,718 | INFO | apscheduler.executors.default | Job "GameEngine.registration_watchdog (trigger: interval[0:00:05], next run at: 2026-08-19 14:34:27 UTC)" executed successfully
2026-08-19 19:34:27,715 | INFO | apscheduler.executors.default | Running job "GameEngine.registration_watchdog (trigger: interval[0:00:05], next run at: 2026-08-19 14:34:32 UTC)" (scheduled at 2026-08-19 14:34:27.702445+00:00)
2026-08-19 19:34:27,726 | INFO | apscheduler.executors.default | Job "GameEngine.registration_watchdog (trigger: interval[0:00:05], next run at: 2026-08-19 14:34:32 UTC)" executed successfully
2026-08-19 19:34:32,718 | INFO | apscheduler.executors.default | Running job "GameEngine.registration_watchdog (trigger: interval[0:00:05], next run at: 2026-08-19 14:34:37 UTC)" (scheduled at 2026-08-19 14:34:32.702445+00:00)
2026-08-19 19:34:32,725 | INFO | apscheduler.executors.default | Job "GameEngine.registration_watchdog (trigger: interval[0:00:05], next run at: 2026-08-19 14:34:37 UTC)" executed successfully
2026-08-19 19:34:37,720 | INFO | apscheduler.executors.default | Running job "GameEngine.registration_watchdog (trigger: interval[0:00:05], next run at: 2026-08-19 14:34:42 UTC)" (scheduled at 2026-08-19 14:34:37.702445+00:00)
2026-08-19 19:34:37,726 | INFO | apscheduler.executors.default | Job "GameEngine.registration_watchdog (trigger: interval[0:00:05], next run at: 2026-08-19 14:34:42 UTC)" executed successfully
2026-08-19 19:34:42,719 | INFO | apscheduler.executors.default | Running job "GameEngine.registration_watchdog (trigger: interval[0:00:05], next run at: 2026-08-19 14:34:47 UTC)" (scheduled at 2026-08-19 14:34:42.702445+00:00)
2026-08-19 19:34:42,725 | INFO | apscheduler.executors.default | Job "GameEngine.registration_watchdog (trigger: interval[0:00:05], next run at: 2026-08-19 14:34:47 UTC)" executed successfully
2026-08-19 19:34:47,717 | INFO | apscheduler.executors.default | Running job "GameEngine.registration_watchdog (trigger: interval[0:00:05], next run at: 2026-08-19 14:34:52 UTC)" (scheduled at 2026-08-19 14:34:47.702445+00:00)
2026-08-19 19:34:47,719 | INFO | apscheduler.executors.default | Running job "GameEngine.send_pending_diamond_logs (trigger: interval[0:00:30], next run at: 2026-08-19 14:35:17 UTC)" (scheduled at 2026-08-19 14:34:47.708289+00:00)
2026-08-19 19:34:47,743 | INFO | apscheduler.executors.default | Job "GameEngine.registration_watchdog (trigger: interval[0:00:05], next run at: 2026-08-19 14:34:52 UTC)" executed successfully
2026-08-19 19:34:47,747 | INFO | apscheduler.executors.default | Job "GameEngine.send_pending_diamond_logs (trigger: interval[0:00:30], next run at: 2026-08-19 14:35:17 UTC)" executed successfully
2026-08-19 19:34:50,647 | INFO | root | DEBUG_INCOMING Message from=5980920530 payload=yigishtirish kerak tembola bilmasang
2026-08-19 19:34:50,666 | INFO | aiogram.event | Update id=466217641 is handled. Duration 15 ms by bot id=8894100649
2026-08-19 19:34:52,715 | INFO | apscheduler.executors.default | Running job "GameEngine.registration_watchdog (trigger: interval[0:00:05], next run at: 2026-08-19 14:34:57 UTC)" (scheduled at 2026-08-19 14:34:52.702445+00:00)
2026-08-19 19:34:52,722 | INFO | apscheduler.executors.default | Job "GameEngine.registration_watchdog (trigger: interval[0:00:05], next run at: 2026-08-19 14:34:57 UTC)" executed successfully
2026-08-19 19:34:57,715 | INFO | apscheduler.executors.default | Running job "GameEngine.registration_watchdog (trigger: interval[0:00:05], next run at: 2026-08-19 14:35:02 UTC)" (scheduled at 2026-08-19 14:34:57.702445+00:00)
2026-08-19 19:34:57,726 | INFO | apscheduler.executors.default | Job "GameEngine.registration_watchdog (trigger: interval[0:00:05], next run at: 2026-08-19 14:35:02 UTC)" executed successfully
2026-08-19 19:35:02,715 | INFO | apscheduler.executors.default | Running job "GameEngine.registration_watchdog (trigger: interval[0:00:05], next run at: 2026-08-19 14:35:07 UTC)" (scheduled at 2026-08-19 14:35:02.702445+00:00)
2026-08-19 19:35:02,721 | INFO | apscheduler.executors.default | Job "GameEngine.registration_watchdog (trigger: interval[0:00:05], next run at: 2026-08-19 14:35:07 UTC)" executed successfully
2026-08-19 19:35:04,459 | INFO | root | DEBUG_INCOMING Message from=5980920530 payload=\U0001f44e\U0001f3fb
2026-08-19 19:35:04,475 | INFO | aiogram.event | Update id=466217642 is handled. Duration 15 ms by bot id=8894100649
2026-08-19 19:35:07,729 | INFO | apscheduler.executors.default | Running job "GameEngine.registration_watchdog (trigger: interval[0:00:05], next run at: 2026-08-19 14:35:12 UTC)" (scheduled at 2026-08-19 14:35:07.702445+00:00)
2026-08-19 19:35:07,736 | INFO | apscheduler.executors.default | Job "GameEngine.registration_watchdog (trigger: interval[0:00:05], next run at: 2026-08-19 14:35:12 UTC)" executed successfully
2026-08-19 19:35:10,598 | INFO | root | DEBUG_INCOMING Message from=5980920530 payload=Kim bu uzi ?
2026-08-19 19:35:10,619 | INFO | aiogram.event | Update id=466217643 is handled. Duration 16 ms by bot id=8894100649
2026-08-19 19:35:12,703 | INFO | apscheduler.executors.default | Running job "GameEngine.registration_watchdog (trigger: interval[0:00:05], next run at: 2026-08-19 14:35:17 UTC)" (scheduled at 2026-08-19 14:35:12.702445+00:00)
2026-08-19 19:35:12,720 | INFO | apscheduler.executors.default | Job "GameEngine.registration_watchdog (trigger: interval[0:00:05], next run at: 2026-08-19 14:35:17 UTC)" executed successfully
2026-08-19 19:35:17,708 | INFO | apscheduler.executors.default | Running job "GameEngine.registration_watchdog (trigger: interval[0:00:05], next run at: 2026-08-19 14:35:22 UTC)" (scheduled at 2026-08-19 14:35:17.702445+00:00)
2026-08-19 19:35:17,709 | INFO | apscheduler.executors.default | Running job "GameEngine.send_pending_diamond_logs (trigger: interval[0:00:30], next run at: 2026-08-19 14:35:47 UTC)" (scheduled at 2026-08-19 14:35:17.708289+00:00)
2026-08-19 19:35:17,709 | INFO | apscheduler.executors.default | Running job "GameEngine.premium_reset_watchdog (trigger: interval[0:01:00], next run at: 2026-08-19 14:36:17 UTC)" (scheduled at 2026-08-19 14:35:17.708289+00:00)
2026-08-19 19:35:17,716 | INFO | apscheduler.executors.default | Job "GameEngine.registration_watchdog (trigger: interval[0:00:05], next run at: 2026-08-19 14:35:22 UTC)" executed successfully
2026-08-19 19:35:17,721 | INFO | apscheduler.executors.default | Job "GameEngine.premium_reset_watchdog (trigger: interval[0:01:00], next run at: 2026-08-19 14:36:17 UTC)" executed successfully
2026-08-19 19:35:17,723 | INFO | apscheduler.executors.default | Job "GameEngine.send_pending_diamond_logs (trigger: interval[0:00:30], next run at: 2026-08-19 14:35:47 UTC)" executed successfully
2026-08-19 19:35:22,703 | INFO | apscheduler.executors.default | Running job "GameEngine.registration_watchdog (trigger: interval[0:00:05], next run at: 2026-08-19 14:35:27 UTC)" (scheduled at 2026-08-19 14:35:22.702445+00:00)
2026-08-19 19:35:22,710 | INFO | apscheduler.executors.default | Job "GameEngine.registration_watchdog (trigger: interval[0:00:05], next run at: 2026-08-19 14:35:27 UTC)" executed successfully
2026-08-19 19:35:27,715 | INFO | apscheduler.executors.default | Running job "GameEngine.registration_watchdog (trigger: interval[0:00:05], next run at: 2026-08-19 14:35:32 UTC)" (scheduled at 2026-08-19 14:35:27.702445+00:00)
2026-08-19 19:35:27,722 | INFO | apscheduler.executors.default | Job "GameEngine.registration_watchdog (trigger: interval[0:00:05], next run at: 2026-08-19 14:35:32 UTC)" executed successfully
2026-08-19 19:35:27,812 | INFO | root | DEBUG_INCOMING Message from=1087968824 payload=Ajal \U0001f602
2026-08-19 19:35:27,833 | INFO | aiogram.event | Update id=466217644 is handled. Duration 15 ms by bot id=8894100649
2026-08-19 19:35:32,715 | INFO | apscheduler.executors.default | Running job "GameEngine.registration_watchdog (trigger: interval[0:00:05], next run at: 2026-08-19 14:35:37 UTC)" (scheduled at 2026-08-19 14:35:32.702445+00:00)
2026-08-19 19:35:32,722 | INFO | apscheduler.executors.default | Job "GameEngine.registration_watchdog (trigger: interval[0:00:05], next run at: 2026-08-19 14:35:37 UTC)" executed successfully
2026-08-19 19:35:37,716 | INFO | apscheduler.executors.default | Running job "GameEngine.registration_watchdog (trigger: interval[0:00:05], next run at: 2026-08-19 14:35:42 UTC)" (scheduled at 2026-08-19 14:35:37.702445+00:00)
2026-08-19 19:35:37,722 | INFO | apscheduler.executors.default | Job "GameEngine.registration_watchdog (trigger: interval[0:00:05], next run at: 2026-08-19 14:35:42 UTC)" executed successfully
2026-08-19 19:35:42,708 | INFO | apscheduler.executors.default | Running job "GameEngine.registration_watchdog (trigger: interval[0:00:05], next run at: 2026-08-19 14:35:47 UTC)" (scheduled at 2026-08-19 14:35:42.702445+00:00)
2026-08-19 19:35:42,708 | INFO | apscheduler.executors.default | Job "GameEngine.registration_watchdog (trigger: interval[0:00:05], next run at: 2026-08-19 14:35:47 UTC)" executed successfully
2026-08-19 19:35:47,706 | INFO | apscheduler.executors.default | Running job "GameEngine.registration_watchdog (trigger: interval[0:00:05], next run at: 2026-08-19 14:35:52 UTC)" (scheduled at 2026-08-19 14:35:47.702445+00:00)
2026-08-19 19:35:47,712 | INFO | apscheduler.executors.default | Running job "GameEngine.send_pending_diamond_logs (trigger: interval[0:00:30], next run at: 2026-08-19 14:36:17 UTC)" (scheduled at 2026-08-19 14:35:47.708289+00:00)
2026-08-19 19:35:47,712 | INFO | apscheduler.executors.default | Job "GameEngine.registration_watchdog (trigger: interval[0:00:05], next run at: 2026-08-19 14:35:52 UTC)" executed successfully
2026-08-19 19:35:47,722 | INFO | apscheduler.executors.default | Job "GameEngine.send_pending_diamond_logs (trigger: interval[0:00:30], next run at: 2026-08-19 14:36:17 UTC)" executed successfully
2026-08-19 19:35:52,710 | INFO | apscheduler.executors.default | Running job "GameEngine.registration_watchdog (trigger: interval[0:00:05], next run at: 2026-08-19 14:35:57 UTC)" (scheduled at 2026-08-19 14:35:52.702445+00:00)
2026-08-19 19:35:52,712 | INFO | apscheduler.executors.default | Job "GameEngine.registration_watchdog (trigger: interval[0:00:05], next run at: 2026-08-19 14:35:57 UTC)" executed successfully
2026-08-19 19:35:57,708 | INFO | apscheduler.executors.default | Running job "GameEngine.registration_watchdog (trigger: interval[0:00:05], next run at: 2026-08-19 14:36:02 UTC)" (scheduled at 2026-08-19 14:35:57.702445+00:00)
2026-08-19 19:35:57,713 | INFO | apscheduler.executors.default | Job "GameEngine.registration_watchdog (trigger: interval[0:00:05], next run at: 2026-08-19 14:36:02 UTC)" executed successfully
2026-08-19 19:36:02,723 | INFO | apscheduler.executors.default | Running job "GameEngine.registration_watchdog (trigger: interval[0:00:05], next run at: 2026-08-19 14:36:07 UTC)" (scheduled at 2026-08-19 14:36:02.702445+00:00)
2026-08-19 19:36:02,729 | INFO | apscheduler.executors.default | Job "GameEngine.registration_watchdog (trigger: interval[0:00:05], next run at: 2026-08-19 14:36:07 UTC)" executed successfully
2026-08-19 19:36:07,715 | INFO | apscheduler.executors.default | Running job "GameEngine.registration_watchdog (trigger: interval[0:00:05], next run at: 2026-08-19 14:36:12 UTC)" (scheduled at 2026-08-19 14:36:07.702445+00:00)
2026-08-19 19:36:07,723 | INFO | apscheduler.executors.default | Job "GameEngine.registration_watchdog (trigger: interval[0:00:05], next run at: 2026-08-19 14:36:12 UTC)" executed successfully
2026-08-19 19:36:12,711 | INFO | apscheduler.executors.default | Running job "GameEngine.registration_watchdog (trigger: interval[0:00:05], next run at: 2026-08-19 14:36:17 UTC)" (scheduled at 2026-08-19 14:36:12.702445+00:00)
2026-08-19 19:36:12,711 | INFO | apscheduler.executors.default | Job "GameEngine.registration_watchdog (trigger: interval[0:00:05], next run at: 2026-08-19 14:36:17 UTC)" executed successfully
2026-08-19 19:36:17,707 | INFO | apscheduler.executors.default | Running job "GameEngine.registration_watchdog (trigger: interval[0:00:05], next run at: 2026-08-19 14:36:22 UTC)" (scheduled at 2026-08-19 14:36:17.702445+00:00)
2026-08-19 19:36:17,713 | INFO | apscheduler.executors.default | Running job "GameEngine.send_pending_diamond_logs (trigger: interval[0:00:30], next run at: 2026-08-19 14:36:47 UTC)" (scheduled at 2026-08-19 14:36:17.708289+00:00)
2026-08-19 19:36:17,713 | INFO | apscheduler.executors.default | Running job "GameEngine.premium_reset_watchdog (trigger: interval[0:01:00], next run at: 2026-08-19 14:37:17 UTC)" (scheduled at 2026-08-19 14:36:17.708289+00:00)
2026-08-19 19:36:17,723 | INFO | apscheduler.executors.default | Job "GameEngine.registration_watchdog (trigger: interval[0:00:05], next run at: 2026-08-19 14:36:22 UTC)" executed successfully
2026-08-19 19:36:17,723 | INFO | apscheduler.executors.default | Job "GameEngine.premium_reset_watchdog (trigger: interval[0:01:00], next run at: 2026-08-19 14:37:17 UTC)" executed successfully
2026-08-19 19:36:17,723 | INFO | apscheduler.executors.default | Job "GameEngine.send_pending_diamond_logs (trigger: interval[0:00:30], next run at: 2026-08-19 14:36:47 UTC)" executed successfully
2026-08-19 19:36:22,709 | INFO | apscheduler.executors.default | Running job "GameEngine.registration_watchdog (trigger: interval[0:00:05], next run at: 2026-08-19 14:36:27 UTC)" (scheduled at 2026-08-19 14:36:22.702445+00:00)
2026-08-19 19:36:22,709 | INFO | apscheduler.executors.default | Job "GameEngine.registration_watchdog (trigger: interval[0:00:05], next run at: 2026-08-19 14:36:27 UTC)" executed successfully
2026-08-19 19:36:27,704 | INFO | apscheduler.executors.default | Running job "GameEngine.registration_watchdog (trigger: interval[0:00:05], next run at: 2026-08-19 14:36:32 UTC)" (scheduled at 2026-08-19 14:36:27.702445+00:00)
2026-08-19 19:36:27,704 | INFO | apscheduler.executors.default | Job "GameEngine.registration_watchdog (trigger: interval[0:00:05], next run at: 2026-08-19 14:36:32 UTC)" executed successfully
2026-08-19 19:36:32,721 | INFO | apscheduler.executors.default | Running job "GameEngine.registration_watchdog (trigger: interval[0:00:05], next run at: 2026-08-19 14:36:37 UTC)" (scheduled at 2026-08-19 14:36:32.702445+00:00)
2026-08-19 19:36:32,733 | INFO | apscheduler.executors.default | Job "GameEngine.registration_watchdog (trigger: interval[0:00:05], next run at: 2026-08-19 14:36:37 UTC)" executed successfully
2026-08-19 19:36:37,708 | INFO | apscheduler.executors.default | Running job "GameEngine.registration_watchdog (trigger: interval[0:00:05], next run at: 2026-08-19 14:36:42 UTC)" (scheduled at 2026-08-19 14:36:37.702445+00:00)
2026-08-19 19:36:37,714 | INFO | apscheduler.executors.default | Job "GameEngine.registration_watchdog (trigger: interval[0:00:05], next run at: 2026-08-19 14:36:42 UTC)" executed successfully
2026-08-19 19:36:42,705 | INFO | apscheduler.executors.default | Running job "GameEngine.registration_watchdog (trigger: interval[0:00:05], next run at: 2026-08-19 14:36:47 UTC)" (scheduled at 2026-08-19 14:36:42.702445+00:00)
2026-08-19 19:36:42,705 | INFO | apscheduler.executors.default | Job "GameEngine.registration_watchdog (trigger: interval[0:00:05], next run at: 2026-08-19 14:36:47 UTC)" executed successfully
2026-08-19 19:36:47,713 | INFO | apscheduler.executors.default | Running job "GameEngine.registration_watchdog (trigger: interval[0:00:05], next run at: 2026-08-19 14:36:52 UTC)" (scheduled at 2026-08-19 14:36:47.702445+00:00)
2026-08-19 19:36:47,722 | INFO | apscheduler.executors.default | Running job "GameEngine.send_pending_diamond_logs (trigger: interval[0:00:30], next run at: 2026-08-19 14:37:17 UTC)" (scheduled at 2026-08-19 14:36:47.708289+00:00)
2026-08-19 19:36:47,729 | INFO | apscheduler.executors.default | Job "GameEngine.registration_watchdog (trigger: interval[0:00:05], next run at: 2026-08-19 14:36:52 UTC)" executed successfully
2026-08-19 19:36:47,736 | INFO | apscheduler.executors.default | Job "GameEngine.send_pending_diamond_logs (trigger: interval[0:00:30], next run at: 2026-08-19 14:37:17 UTC)" executed successfully
2026-08-19 19:36:51,650 | INFO | root | DEBUG_INCOMING Message from=2012037095 payload=/game@ProMafiyaBot
2026-08-19 19:36:51,868 | INFO | aiogram.event | Update id=466217645 is handled. Duration 219 ms by bot id=8894100649
2026-08-19 19:36:52,706 | INFO | apscheduler.executors.default | Running job "GameEngine.registration_watchdog (trigger: interval[0:00:05], next run at: 2026-08-19 14:36:57 UTC)" (scheduled at 2026-08-19 14:36:52.702445+00:00)
2026-08-19 19:36:52,748 | INFO | apscheduler.executors.default | Job "GameEngine.registration_watchdog (trigger: interval[0:00:05], next run at: 2026-08-19 14:36:57 UTC)" executed successfully
2026-08-19 19:36:57,708 | INFO | apscheduler.executors.default | Running job "GameEngine.registration_watchdog (trigger: interval[0:00:05], next run at: 2026-08-19 14:37:02 UTC)" (scheduled at 2026-08-19 14:36:57.702445+00:00)
2026-08-19 19:36:57,708 | INFO | apscheduler.executors.default | Job "GameEngine.registration_watchdog (trigger: interval[0:00:05], next run at: 2026-08-19 14:37:02 UTC)" executed successfully
2026-08-19 19:37:02,708 | INFO | apscheduler.executors.default | Running job "GameEngine.registration_watchdog (trigger: interval[0:00:05], next run at: 2026-08-19 14:37:07 UTC)" (scheduled at 2026-08-19 14:37:02.702445+00:00)
2026-08-19 19:37:02,713 | INFO | apscheduler.executors.default | Job "GameEngine.registration_watchdog (trigger: interval[0:00:05], next run at: 2026-08-19 14:37:07 UTC)" executed successfully
2026-08-19 19:37:04,194 | INFO | root | DEBUG_INCOMING Message from=2012037095 payload=/extend 7262552
2026-08-19 19:37:04,444 | INFO | apscheduler.scheduler | Added job "GameEngine.close_registration" to job store "default"
2026-08-19 19:37:04,802 | INFO | aiogram.event | Update id=466217646 is handled. Duration 608 ms by bot id=8894100649
2026-08-19 19:37:07,715 | INFO | apscheduler.executors.default | Running job "GameEngine.registration_watchdog (trigger: interval[0:00:05], next run at: 2026-08-19 14:37:12 UTC)" (scheduled at 2026-08-19 14:37:07.702445+00:00)
2026-08-19 19:37:07,717 | INFO | apscheduler.executors.default | Job "GameEngine.registration_watchdog (trigger: interval[0:00:05], next run at: 2026-08-19 14:37:12 UTC)" executed successfully
2026-08-19 19:37:12,716 | INFO | apscheduler.executors.default | Running job "GameEngine.registration_watchdog (trigger: interval[0:00:05], next run at: 2026-08-19 14:37:17 UTC)" (scheduled at 2026-08-19 14:37:12.702445+00:00)
2026-08-19 19:37:12,719 | INFO | apscheduler.executors.default | Job "GameEngine.registration_watchdog (trigger: interval[0:00:05], next run at: 2026-08-19 14:37:17 UTC)" executed successfully
2026-08-19 19:37:17,722 | INFO | apscheduler.executors.default | Running job "GameEngine.registration_watchdog (trigger: interval[0:00:05], next run at: 2026-08-19 14:37:22 UTC)" (scheduled at 2026-08-19 14:37:17.702445+00:00)
2026-08-19 19:37:17,730 | INFO | apscheduler.executors.default | Running job "GameEngine.send_pending_diamond_logs (trigger: interval[0:00:30], next run at: 2026-08-19 14:37:47 UTC)" (scheduled at 2026-08-19 14:37:17.708289+00:00)
2026-08-19 19:37:17,730 | INFO | apscheduler.executors.default | Running job "GameEngine.premium_reset_watchdog (trigger: interval[0:01:00], next run at: 2026-08-19 14:38:17 UTC)" (scheduled at 2026-08-19 14:37:17.708289+00:00)
2026-08-19 19:37:17,737 | INFO | apscheduler.executors.default | Job "GameEngine.registration_watchdog (trigger: interval[0:00:05], next run at: 2026-08-19 14:37:22 UTC)" executed successfully
2026-08-19 19:37:17,743 | INFO | apscheduler.executors.default | Job "GameEngine.premium_reset_watchdog (trigger: interval[0:01:00], next run at: 2026-08-19 14:38:17 UTC)" executed successfully
2026-08-19 19:37:17,745 | INFO | apscheduler.executors.default | Job "GameEngine.send_pending_diamond_logs (trigger: interval[0:00:30], next run at: 2026-08-19 14:37:47 UTC)" executed successfully
2026-08-19 19:37:22,709 | INFO | apscheduler.executors.default | Running job "GameEngine.registration_watchdog (trigger: interval[0:00:05], next run at: 2026-08-19 14:37:27 UTC)" (scheduled at 2026-08-19 14:37:22.702445+00:00)
2026-08-19 19:37:22,709 | INFO | apscheduler.executors.default | Job "GameEngine.registration_watchdog (trigger: interval[0:00:05], next run at: 2026-08-19 14:37:27 UTC)" executed successfully
2026-08-19 19:37:27,715 | INFO | apscheduler.executors.default | Running job "GameEngine.registration_watchdog (trigger: interval[0:00:05], next run at: 2026-08-19 14:37:32 UTC)" (scheduled at 2026-08-19 14:37:27.702445+00:00)
2026-08-19 19:37:27,717 | INFO | apscheduler.executors.default | Job "GameEngine.registration_watchdog (trigger: interval[0:00:05], next run at: 2026-08-19 14:37:32 UTC)" executed successfully
2026-08-19 19:37:32,723 | INFO | apscheduler.executors.default | Running job "GameEngine.registration_watchdog (trigger: interval[0:00:05], next run at: 2026-08-19 14:37:37 UTC)" (scheduled at 2026-08-19 14:37:32.702445+00:00)
2026-08-19 19:37:32,730 | INFO | apscheduler.executors.default | Job "GameEngine.registration_watchdog (trigger: interval[0:00:05], next run at: 2026-08-19 14:37:37 UTC)" executed successfully
2026-08-19 19:37:34,416 | INFO | apscheduler.scheduler | Removed job reg_close_2166
2026-08-19 19:37:34,418 | INFO | apscheduler.executors.default | Running job "GameEngine.close_registration (trigger: date[2026-08-19 14:37:34 UTC], next run at: 2026-08-19 14:37:34 UTC)" (scheduled at 2026-08-19 14:37:34.410130+00:00)
2026-08-19 19:37:34,790 | INFO | apscheduler.executors.default | Job "GameEngine.close_registration (trigger: date[2026-08-19 14:37:34 UTC], next run at: 2026-08-19 14:37:34 UTC)" executed successfully
2026-08-19 19:37:37,718 | INFO | apscheduler.executors.default | Running job "GameEngine.registration_watchdog (trigger: interval[0:00:05], next run at: 2026-08-19 14:37:42 UTC)" (scheduled at 2026-08-19 14:37:37.702445+00:00)
2026-08-19 19:37:37,726 | INFO | apscheduler.executors.default | Job "GameEngine.registration_watchdog (trigger: interval[0:00:05], next run at: 2026-08-19 14:37:42 UTC)" executed successfully
2026-08-19 19:37:42,719 | INFO | apscheduler.executors.default | Running job "GameEngine.registration_watchdog (trigger: interval[0:00:05], next run at: 2026-08-19 14:37:47 UTC)" (scheduled at 2026-08-19 14:37:42.702445+00:00)
2026-08-19 19:37:42,719 | INFO | apscheduler.executors.default | Job "GameEngine.registration_watchdog (trigger: interval[0:00:05], next run at: 2026-08-19 14:37:47 UTC)" executed successfully
2026-08-19 19:37:47,711 | INFO | apscheduler.executors.default | Running job "GameEngine.registration_watchdog (trigger: interval[0:00:05], next run at: 2026-08-19 14:37:52 UTC)" (scheduled at 2026-08-19 14:37:47.702445+00:00)
2026-08-19 19:37:47,720 | INFO | apscheduler.executors.default | Running job "GameEngine.send_pending_diamond_logs (trigger: interval[0:00:30], next run at: 2026-08-19 14:38:17 UTC)" (scheduled at 2026-08-19 14:37:47.708289+00:00)
2026-08-19 19:37:47,722 | INFO | apscheduler.executors.default | Job "GameEngine.registration_watchdog (trigger: interval[0:00:05], next run at: 2026-08-19 14:37:52 UTC)" executed successfully
2026-08-19 19:37:47,738 | INFO | apscheduler.executors.default | Job "GameEngine.send_pending_diamond_logs (trigger: interval[0:00:30], next run at: 2026-08-19 14:38:17 UTC)" executed successfully
2026-08-19 19:37:52,710 | INFO | apscheduler.executors.default | Running job "GameEngine.registration_watchdog (trigger: interval[0:00:05], next run at: 2026-08-19 14:37:57 UTC)" (scheduled at 2026-08-19 14:37:52.702445+00:00)
2026-08-19 19:37:52,717 | INFO | apscheduler.executors.default | Job "GameEngine.registration_watchdog (trigger: interval[0:00:05], next run at: 2026-08-19 14:37:57 UTC)" executed successfully
2026-08-19 19:37:57,709 | INFO | apscheduler.executors.default | Running job "GameEngine.registration_watchdog (trigger: interval[0:00:05], next run at: 2026-08-19 14:38:02 UTC)" (scheduled at 2026-08-19 14:37:57.702445+00:00)
2026-08-19 19:37:57,709 | INFO | apscheduler.executors.default | Job "GameEngine.registration_watchdog (trigger: interval[0:00:05], next run at: 2026-08-19 14:38:02 UTC)" executed successfully
2026-08-19 19:38:02,711 | INFO | apscheduler.executors.default | Running job "GameEngine.registration_watchdog (trigger: interval[0:00:05], next run at: 2026-08-19 14:38:07 UTC)" (scheduled at 2026-08-19 14:38:02.702445+00:00)
2026-08-19 19:38:02,719 | INFO | apscheduler.executors.default | Job "GameEngine.registration_watchdog (trigger: interval[0:00:05], next run at: 2026-08-19 14:38:07 UTC)" executed successfully
2026-08-19 19:38:07,710 | INFO | apscheduler.executors.default | Running job "GameEngine.registration_watchdog (trigger: interval[0:00:05], next run at: 2026-08-19 14:38:12 UTC)" (scheduled at 2026-08-19 14:38:07.702445+00:00)
2026-08-19 19:38:07,719 | INFO | apscheduler.executors.default | Job "GameEngine.registration_watchdog (trigger: interval[0:00:05], next run at: 2026-08-19 14:38:12 UTC)" executed successfully
2026-08-19 19:38:12,704 | INFO | apscheduler.executors.default | Running job "GameEngine.registration_watchdog (trigger: interval[0:00:05], next run at: 2026-08-19 14:38:17 UTC)" (scheduled at 2026-08-19 14:38:12.702445+00:00)
2026-08-19 19:38:12,712 | INFO | apscheduler.executors.default | Job "GameEngine.registration_watchdog (trigger: interval[0:00:05], next run at: 2026-08-19 14:38:17 UTC)" executed successfully
2026-08-19 19:38:17,714 | INFO | apscheduler.executors.default | Running job "GameEngine.registration_watchdog (trigger: interval[0:00:05], next run at: 2026-08-19 14:38:22 UTC)" (scheduled at 2026-08-19 14:38:17.702445+00:00)
2026-08-19 19:38:17,723 | INFO | apscheduler.executors.default | Running job "GameEngine.send_pending_diamond_logs (trigger: interval[0:00:30], next run at: 2026-08-19 14:38:47 UTC)" (scheduled at 2026-08-19 14:38:17.708289+00:00)
2026-08-19 19:38:17,723 | INFO | apscheduler.executors.default | Running job "GameEngine.premium_reset_watchdog (trigger: interval[0:01:00], next run at: 2026-08-19 14:39:17 UTC)" (scheduled at 2026-08-19 14:38:17.708289+00:00)
2026-08-19 19:38:17,731 | INFO | apscheduler.executors.default | Job "GameEngine.registration_watchdog (trigger: interval[0:00:05], next run at: 2026-08-19 14:38:22 UTC)" executed successfully
2026-08-19 19:38:17,731 | INFO | apscheduler.executors.default | Job "GameEngine.premium_reset_watchdog (trigger: interval[0:01:00], next run at: 2026-08-19 14:39:17 UTC)" executed successfully
2026-08-19 19:38:17,739 | INFO | apscheduler.executors.default | Job "GameEngine.send_pending_diamond_logs (trigger: interval[0:00:30], next run at: 2026-08-19 14:38:47 UTC)" executed successfully
2026-08-19 19:38:22,713 | INFO | apscheduler.executors.default | Running job "GameEngine.registration_watchdog (trigger: interval[0:00:05], next run at: 2026-08-19 14:38:27 UTC)" (scheduled at 2026-08-19 14:38:22.702445+00:00)
2026-08-19 19:38:22,715 | INFO | apscheduler.executors.default | Job "GameEngine.registration_watchdog (trigger: interval[0:00:05], next run at: 2026-08-19 14:38:27 UTC)" executed successfully
2026-08-19 19:38:27,704 | INFO | apscheduler.executors.default | Running job "GameEngine.registration_watchdog (trigger: interval[0:00:05], next run at: 2026-08-19 14:38:32 UTC)" (scheduled at 2026-08-19 14:38:27.702445+00:00)
2026-08-19 19:38:27,704 | INFO | apscheduler.executors.default | Job "GameEngine.registration_watchdog (trigger: interval[0:00:05], next run at: 2026-08-19 14:38:32 UTC)" executed successfully
2026-08-19 19:38:32,716 | INFO | apscheduler.executors.default | Running job "GameEngine.registration_watchdog (trigger: interval[0:00:05], next run at: 2026-08-19 14:38:37 UTC)" (scheduled at 2026-08-19 14:38:32.702445+00:00)
2026-08-19 19:38:32,725 | INFO | apscheduler.executors.default | Job "GameEngine.registration_watchdog (trigger: interval[0:00:05], next run at: 2026-08-19 14:38:37 UTC)" executed successfully
2026-08-19 19:38:37,718 | INFO | apscheduler.executors.default | Running job "GameEngine.registration_watchdog (trigger: interval[0:00:05], next run at: 2026-08-19 14:38:42 UTC)" (scheduled at 2026-08-19 14:38:37.702445+00:00)
2026-08-19 19:38:37,718 | INFO | apscheduler.executors.default | Job "GameEngine.registration_watchdog (trigger: interval[0:00:05], next run at: 2026-08-19 14:38:42 UTC)" executed successfully
2026-08-19 19:38:42,710 | INFO | apscheduler.executors.default | Running job "GameEngine.registration_watchdog (trigger: interval[0:00:05], next run at: 2026-08-19 14:38:47 UTC)" (scheduled at 2026-08-19 14:38:42.702445+00:00)
2026-08-19 19:38:42,710 | INFO | apscheduler.executors.default | Job "GameEngine.registration_watchdog (trigger: interval[0:00:05], next run at: 2026-08-19 14:38:47 UTC)" executed successfully
2026-08-19 19:38:47,711 | INFO | apscheduler.executors.default | Running job "GameEngine.registration_watchdog (trigger: interval[0:00:05], next run at: 2026-08-19 14:38:52 UTC)" (scheduled at 2026-08-19 14:38:47.702445+00:00)
2026-08-19 19:38:47,720 | INFO | apscheduler.executors.default | Running job "GameEngine.send_pending_diamond_logs (trigger: interval[0:00:30], next run at: 2026-08-19 14:39:17 UTC)" (scheduled at 2026-08-19 14:38:47.708289+00:00)
2026-08-19 19:38:47,728 | INFO | apscheduler.executors.default | Job "GameEngine.registration_watchdog (trigger: interval[0:00:05], next run at: 2026-08-19 14:38:52 UTC)" executed successfully
2026-08-19 19:38:47,736 | INFO | apscheduler.executors.default | Job "GameEngine.send_pending_diamond_logs (trigger: interval[0:00:30], next run at: 2026-08-19 14:39:17 UTC)" executed successfully
2026-08-19 19:38:52,702 | INFO | apscheduler.executors.default | Running job "GameEngine.registration_watchdog (trigger: interval[0:00:05], next run at: 2026-08-19 14:38:57 UTC)" (scheduled at 2026-08-19 14:38:52.702445+00:00)
2026-08-19 19:38:52,702 | INFO | apscheduler.executors.default | Job "GameEngine.registration_watchdog (trigger: interval[0:00:05], next run at: 2026-08-19 14:38:57 UTC)" executed successfully
2026-08-19 19:38:57,721 | INFO | apscheduler.executors.default | Running job "GameEngine.registration_watchdog (trigger: interval[0:00:05], next run at: 2026-08-19 14:39:02 UTC)" (scheduled at 2026-08-19 14:38:57.702445+00:00)
2026-08-19 19:38:57,721 | INFO | apscheduler.executors.default | Job "GameEngine.registration_watchdog (trigger: interval[0:00:05], next run at: 2026-08-19 14:39:02 UTC)" executed successfully
2026-08-19 19:39:02,706 | INFO | apscheduler.executors.default | Running job "GameEngine.registration_watchdog (trigger: interval[0:00:05], next run at: 2026-08-19 14:39:07 UTC)" (scheduled at 2026-08-19 14:39:02.702445+00:00)
2026-08-19 19:39:02,714 | INFO | apscheduler.executors.default | Job "GameEngine.registration_watchdog (trigger: interval[0:00:05], next run at: 2026-08-19 14:39:07 UTC)" executed successfully
2026-08-19 19:39:07,711 | INFO | apscheduler.executors.default | Running job "GameEngine.registration_watchdog (trigger: interval[0:00:05], next run at: 2026-08-19 14:39:12 UTC)" (scheduled at 2026-08-19 14:39:07.702445+00:00)
2026-08-19 19:39:07,719 | INFO | apscheduler.executors.default | Job "GameEngine.registration_watchdog (trigger: interval[0:00:05], next run at: 2026-08-19 14:39:12 UTC)" executed successfully
2026-08-19 19:39:12,703 | INFO | apscheduler.executors.default | Running job "GameEngine.registration_watchdog (trigger: interval[0:00:05], next run at: 2026-08-19 14:39:17 UTC)" (scheduled at 2026-08-19 14:39:12.702445+00:00)
2026-08-19 19:39:12,703 | INFO | apscheduler.executors.default | Job "GameEngine.registration_watchdog (trigger: interval[0:00:05], next run at: 2026-08-19 14:39:17 UTC)" executed successfully
2026-08-19 19:39:17,721 | INFO | apscheduler.executors.default | Running job "GameEngine.registration_watchdog (trigger: interval[0:00:05], next run at: 2026-08-19 14:39:22 UTC)" (scheduled at 2026-08-19 14:39:17.702445+00:00)
2026-08-19 19:39:17,729 | INFO | apscheduler.executors.default | Running job "GameEngine.send_pending_diamond_logs (trigger: interval[0:00:30], next run at: 2026-08-19 14:39:47 UTC)" (scheduled at 2026-08-19 14:39:17.708289+00:00)
2026-08-19 19:39:17,729 | INFO | apscheduler.executors.default | Running job "GameEngine.premium_reset_watchdog (trigger: interval[0:01:00], next run at: 2026-08-19 14:40:17 UTC)" (scheduled at 2026-08-19 14:39:17.708289+00:00)
2026-08-19 19:39:17,761 | INFO | apscheduler.executors.default | Job "GameEngine.registration_watchdog (trigger: interval[0:00:05], next run at: 2026-08-19 14:39:22 UTC)" executed successfully
2026-08-19 19:39:17,761 | INFO | apscheduler.executors.default | Job "GameEngine.premium_reset_watchdog (trigger: interval[0:01:00], next run at: 2026-08-19 14:40:17 UTC)" executed successfully
2026-08-19 19:39:17,761 | INFO | apscheduler.executors.default | Job "GameEngine.send_pending_diamond_logs (trigger: interval[0:00:30], next run at: 2026-08-19 14:39:47 UTC)" executed successfully
2026-08-19 19:39:22,705 | INFO | apscheduler.executors.default | Running job "GameEngine.registration_watchdog (trigger: interval[0:00:05], next run at: 2026-08-19 14:39:27 UTC)" (scheduled at 2026-08-19 14:39:22.702445+00:00)
2026-08-19 19:39:22,713 | INFO | apscheduler.executors.default | Job "GameEngine.registration_watchdog (trigger: interval[0:00:05], next run at: 2026-08-19 14:39:27 UTC)" executed successfully
2026-08-19 19:39:27,704 | INFO | apscheduler.executors.default | Running job "GameEngine.registration_watchdog (trigger: interval[0:00:05], next run at: 2026-08-19 14:39:32 UTC)" (scheduled at 2026-08-19 14:39:27.702445+00:00)
2026-08-19 19:39:27,704 | INFO | apscheduler.executors.default | Job "GameEngine.registration_watchdog (trigger: interval[0:00:05], next run at: 2026-08-19 14:39:32 UTC)" executed successfully
2026-08-19 19:39:32,706 | INFO | apscheduler.executors.default | Running job "GameEngine.registration_watchdog (trigger: interval[0:00:05], next run at: 2026-08-19 14:39:37 UTC)" (scheduled at 2026-08-19 14:39:32.702445+00:00)
2026-08-19 19:39:32,714 | INFO | apscheduler.executors.default | Job "GameEngine.registration_watchdog (trigger: interval[0:00:05], next run at: 2026-08-19 14:39:37 UTC)" executed successfully
2026-08-19 19:39:37,710 | INFO | apscheduler.executors.default | Running job "GameEngine.registration_watchdog (trigger: interval[0:00:05], next run at: 2026-08-19 14:39:42 UTC)" (scheduled at 2026-08-19 14:39:37.702445+00:00)
2026-08-19 19:39:37,718 | INFO | apscheduler.executors.default | Job "GameEngine.registration_watchdog (trigger: interval[0:00:05], next run at: 2026-08-19 14:39:42 UTC)" executed successfully
2026-08-19 19:39:42,706 | INFO | apscheduler.executors.default | Running job "GameEngine.registration_watchdog (trigger: interval[0:00:05], next run at: 2026-08-19 14:39:47 UTC)" (scheduled at 2026-08-19 14:39:42.702445+00:00)
2026-08-19 19:39:42,710 | INFO | apscheduler.executors.default | Job "GameEngine.registration_watchdog (trigger: interval[0:00:05], next run at: 2026-08-19 14:39:47 UTC)" executed successfully
2026-08-19 19:39:47,713 | INFO | apscheduler.executors.default | Running job "GameEngine.registration_watchdog (trigger: interval[0:00:05], next run at: 2026-08-19 14:39:52 UTC)" (scheduled at 2026-08-19 14:39:47.702445+00:00)
2026-08-19 19:39:47,713 | INFO | apscheduler.executors.default | Running job "GameEngine.send_pending_diamond_logs (trigger: interval[0:00:30], next run at: 2026-08-19 14:40:17 UTC)" (scheduled at 2026-08-19 14:39:47.708289+00:00)
2026-08-19 19:39:47,723 | INFO | apscheduler.executors.default | Job "GameEngine.registration_watchdog (trigger: interval[0:00:05], next run at: 2026-08-19 14:39:52 UTC)" executed successfully
2026-08-19 19:39:47,729 | INFO | apscheduler.executors.default | Job "GameEngine.send_pending_diamond_logs (trigger: interval[0:00:30], next run at: 2026-08-19 14:40:17 UTC)" executed successfully
2026-08-19 19:39:52,705 | INFO | apscheduler.executors.default | Running job "GameEngine.registration_watchdog (trigger: interval[0:00:05], next run at: 2026-08-19 14:39:57 UTC)" (scheduled at 2026-08-19 14:39:52.702445+00:00)
2026-08-19 19:39:52,713 | INFO | apscheduler.executors.default | Job "GameEngine.registration_watchdog (trigger: interval[0:00:05], next run at: 2026-08-19 14:39:57 UTC)" executed successfully
2026-08-19 19:39:57,718 | INFO | apscheduler.executors.default | Running job "GameEngine.registration_watchdog (trigger: interval[0:00:05], next run at: 2026-08-19 14:40:02 UTC)" (scheduled at 2026-08-19 14:39:57.702445+00:00)
2026-08-19 19:39:57,726 | INFO | apscheduler.executors.default | Job "GameEngine.registration_watchdog (trigger: interval[0:00:05], next run at: 2026-08-19 14:40:02 UTC)" executed successfully
2026-08-19 19:40:02,726 | INFO | apscheduler.executors.default | Running job "GameEngine.registration_watchdog (trigger: interval[0:00:05], next run at: 2026-08-19 14:40:07 UTC)" (scheduled at 2026-08-19 14:40:02.702445+00:00)
2026-08-19 19:40:02,734 | INFO | apscheduler.executors.default | Job "GameEngine.registration_watchdog (trigger: interval[0:00:05], next run at: 2026-08-19 14:40:07 UTC)" executed successfully
2026-08-19 19:40:07,705 | INFO | apscheduler.executors.default | Running job "GameEngine.registration_watchdog (trigger: interval[0:00:05], next run at: 2026-08-19 14:40:12 UTC)" (scheduled at 2026-08-19 14:40:07.702445+00:00)
2026-08-19 19:40:07,705 | INFO | apscheduler.executors.default | Job "GameEngine.registration_watchdog (trigger: interval[0:00:05], next run at: 2026-08-19 14:40:12 UTC)" executed successfully
2026-08-19 19:40:12,704 | INFO | apscheduler.executors.default | Running job "GameEngine.registration_watchdog (trigger: interval[0:00:05], next run at: 2026-08-19 14:40:17 UTC)" (scheduled at 2026-08-19 14:40:12.702445+00:00)
2026-08-19 19:40:12,706 | INFO | apscheduler.executors.default | Job "GameEngine.registration_watchdog (trigger: interval[0:00:05], next run at: 2026-08-19 14:40:17 UTC)" executed successfully
2026-08-19 19:40:17,719 | INFO | apscheduler.executors.default | Running job "GameEngine.registration_watchdog (trigger: interval[0:00:05], next run at: 2026-08-19 14:40:22 UTC)" (scheduled at 2026-08-19 14:40:17.702445+00:00)
2026-08-19 19:40:17,728 | INFO | apscheduler.executors.default | Running job "GameEngine.send_pending_diamond_logs (trigger: interval[0:00:30], next run at: 2026-08-19 14:40:47 UTC)" (scheduled at 2026-08-19 14:40:17.708289+00:00)
2026-08-19 19:40:17,728 | INFO | apscheduler.executors.default | Running job "GameEngine.premium_reset_watchdog (trigger: interval[0:01:00], next run at: 2026-08-19 14:41:17 UTC)" (scheduled at 2026-08-19 14:40:17.708289+00:00)
2026-08-19 19:40:17,784 | INFO | apscheduler.executors.default | Job "GameEngine.registration_watchdog (trigger: interval[0:00:05], next run at: 2026-08-19 14:40:22 UTC)" executed successfully
2026-08-19 19:40:17,793 | INFO | apscheduler.executors.default | Job "GameEngine.premium_reset_watchdog (trigger: interval[0:01:00], next run at: 2026-08-19 14:41:17 UTC)" executed successfully
2026-08-19 19:40:17,793 | INFO | apscheduler.executors.default | Job "GameEngine.send_pending_diamond_logs (trigger: interval[0:00:30], next run at: 2026-08-19 14:40:47 UTC)" executed successfully
2026-08-19 19:40:22,709 | INFO | apscheduler.executors.default | Running job "GameEngine.registration_watchdog (trigger: interval[0:00:05], next run at: 2026-08-19 14:40:27 UTC)" (scheduled at 2026-08-19 14:40:22.702445+00:00)
2026-08-19 19:40:22,716 | INFO | apscheduler.executors.default | Job "GameEngine.registration_watchdog (trigger: interval[0:00:05], next run at: 2026-08-19 14:40:27 UTC)" executed successfully
2026-08-19 19:40:27,707 | INFO | apscheduler.executors.default | Running job "GameEngine.registration_watchdog (trigger: interval[0:00:05], next run at: 2026-08-19 14:40:32 UTC)" (scheduled at 2026-08-19 14:40:27.702445+00:00)
2026-08-19 19:40:27,708 | INFO | apscheduler.executors.default | Job "GameEngine.registration_watchdog (trigger: interval[0:00:05], next run at: 2026-08-19 14:40:32 UTC)" executed successfully
2026-08-19 19:40:32,714 | INFO | apscheduler.executors.default | Running job "GameEngine.registration_watchdog (trigger: interval[0:00:05], next run at: 2026-08-19 14:40:37 UTC)" (scheduled at 2026-08-19 14:40:32.702445+00:00)
2026-08-19 19:40:32,716 | INFO | apscheduler.executors.default | Job "GameEngine.registration_watchdog (trigger: interval[0:00:05], next run at: 2026-08-19 14:40:37 UTC)" executed successfully
2026-08-19 19:40:37,726 | INFO | apscheduler.executors.default | Running job "GameEngine.registration_watchdog (trigger: interval[0:00:05], next run at: 2026-08-19 14:40:42 UTC)" (scheduled at 2026-08-19 14:40:37.702445+00:00)
2026-08-19 19:40:37,729 | INFO | apscheduler.executors.default | Job "GameEngine.registration_watchdog (trigger: interval[0:00:05], next run at: 2026-08-19 14:40:42 UTC)" executed successfully
2026-08-19 19:40:42,706 | INFO | apscheduler.executors.default | Running job "GameEngine.registration_watchdog (trigger: interval[0:00:05], next run at: 2026-08-19 14:40:47 UTC)" (scheduled at 2026-08-19 14:40:42.702445+00:00)
2026-08-19 19:40:42,711 | INFO | apscheduler.executors.default | Job "GameEngine.registration_watchdog (trigger: interval[0:00:05], next run at: 2026-08-19 14:40:47 UTC)" executed successfully
2026-08-19 19:40:47,713 | INFO | apscheduler.executors.default | Running job "GameEngine.registration_watchdog (trigger: interval[0:00:05], next run at: 2026-08-19 14:40:52 UTC)" (scheduled at 2026-08-19 14:40:47.702445+00:00)
2026-08-19 19:40:47,715 | INFO | apscheduler.executors.default | Running job "GameEngine.send_pending_diamond_logs (trigger: interval[0:00:30], next run at: 2026-08-19 14:41:17 UTC)" (scheduled at 2026-08-19 14:40:47.708289+00:00)
2026-08-19 19:40:47,723 | INFO | apscheduler.executors.default | Job "GameEngine.registration_watchdog (trigger: interval[0:00:05], next run at: 2026-08-19 14:40:52 UTC)" executed successfully
2026-08-19 19:40:47,729 | INFO | apscheduler.executors.default | Job "GameEngine.send_pending_diamond_logs (trigger: interval[0:00:30], next run at: 2026-08-19 14:41:17 UTC)" executed successfully
2026-08-19 19:40:52,711 | INFO | apscheduler.executors.default | Running job "GameEngine.registration_watchdog (trigger: interval[0:00:05], next run at: 2026-08-19 14:40:57 UTC)" (scheduled at 2026-08-19 14:40:52.702445+00:00)
2026-08-19 19:40:52,711 | INFO | apscheduler.executors.default | Job "GameEngine.registration_watchdog (trigger: interval[0:00:05], next run at: 2026-08-19 14:40:57 UTC)" executed successfully
2026-08-19 19:40:57,709 | INFO | apscheduler.executors.default | Running job "GameEngine.registration_watchdog (trigger: interval[0:00:05], next run at: 2026-08-19 14:41:02 UTC)" (scheduled at 2026-08-19 14:40:57.702445+00:00)
2026-08-19 19:40:57,717 | INFO | apscheduler.executors.default | Job "GameEngine.registration_watchdog (trigger: interval[0:00:05], next run at: 2026-08-19 14:41:02 UTC)" executed successfully
2026-08-19 19:41:02,718 | INFO | apscheduler.executors.default | Running job "GameEngine.registration_watchdog (trigger: interval[0:00:05], next run at: 2026-08-19 14:41:07 UTC)" (scheduled at 2026-08-19 14:41:02.702445+00:00)
2026-08-19 19:41:02,719 | INFO | apscheduler.executors.default | Job "GameEngine.registration_watchdog (trigger: interval[0:00:05], next run at: 2026-08-19 14:41:07 UTC)" executed successfully
2026-08-19 19:41:07,716 | INFO | apscheduler.executors.default | Running job "GameEngine.registration_watchdog (trigger: interval[0:00:05], next run at: 2026-08-19 14:41:12 UTC)" (scheduled at 2026-08-19 14:41:07.702445+00:00)
2026-08-19 19:41:07,718 | INFO | apscheduler.executors.default | Job "GameEngine.registration_watchdog (trigger: interval[0:00:05], next run at: 2026-08-19 14:41:12 UTC)" executed successfully
2026-08-19 19:41:12,715 | INFO | apscheduler.executors.default | Running job "GameEngine.registration_watchdog (trigger: interval[0:00:05], next run at: 2026-08-19 14:41:17 UTC)" (scheduled at 2026-08-19 14:41:12.702445+00:00)
2026-08-19 19:41:12,715 | INFO | apscheduler.executors.default | Job "GameEngine.registration_watchdog (trigger: interval[0:00:05], next run at: 2026-08-19 14:41:17 UTC)" executed successfully
2026-08-19 19:41:17,706 | INFO | apscheduler.executors.default | Running job "GameEngine.registration_watchdog (trigger: interval[0:00:05], next run at: 2026-08-19 14:41:22 UTC)" (scheduled at 2026-08-19 14:41:17.702445+00:00)
2026-08-19 19:41:17,714 | INFO | apscheduler.executors.default | Job "GameEngine.registration_watchdog (trigger: interval[0:00:05], next run at: 2026-08-19 14:41:22 UTC)" executed successfully
2026-08-19 19:41:17,714 | INFO | apscheduler.executors.default | Running job "GameEngine.send_pending_diamond_logs (trigger: interval[0:00:30], next run at: 2026-08-19 14:41:47 UTC)" (scheduled at 2026-08-19 14:41:17.708289+00:00)
2026-08-19 19:41:17,714 | INFO | apscheduler.executors.default | Running job "GameEngine.premium_reset_watchdog (trigger: interval[0:01:00], next run at: 2026-08-19 14:42:17 UTC)" (scheduled at 2026-08-19 14:41:17.708289+00:00)
2026-08-19 19:41:17,738 | INFO | apscheduler.executors.default | Job "GameEngine.premium_reset_watchdog (trigger: interval[0:01:00], next run at: 2026-08-19 14:42:17 UTC)" executed successfully
2026-08-19 19:41:17,746 | INFO | apscheduler.executors.default | Job "GameEngine.send_pending_diamond_logs (trigger: interval[0:00:30], next run at: 2026-08-19 14:41:47 UTC)" executed successfully
2026-08-19 19:41:22,706 | INFO | apscheduler.executors.default | Running job "GameEngine.registration_watchdog (trigger: interval[0:00:05], next run at: 2026-08-19 14:41:27 UTC)" (scheduled at 2026-08-19 14:41:22.702445+00:00)
2026-08-19 19:41:22,711 | INFO | apscheduler.executors.default | Job "GameEngine.registration_watchdog (trigger: interval[0:00:05], next run at: 2026-08-19 14:41:27 UTC)" executed successfully
2026-08-19 19:41:27,714 | INFO | apscheduler.executors.default | Running job "GameEngine.registration_watchdog (trigger: interval[0:00:05], next run at: 2026-08-19 14:41:32 UTC)" (scheduled at 2026-08-19 14:41:27.702445+00:00)
2026-08-19 19:41:27,725 | INFO | apscheduler.executors.default | Job "GameEngine.registration_watchdog (trigger: interval[0:00:05], next run at: 2026-08-19 14:41:32 UTC)" executed successfully
2026-08-19 19:41:32,713 | INFO | apscheduler.executors.default | Running job "GameEngine.registration_watchdog (trigger: interval[0:00:05], next run at: 2026-08-19 14:41:37 UTC)" (scheduled at 2026-08-19 14:41:32.702445+00:00)
2026-08-19 19:41:32,713 | INFO | apscheduler.executors.default | Job "GameEngine.registration_watchdog (trigger: interval[0:00:05], next run at: 2026-08-19 14:41:37 UTC)" executed successfully
2026-08-19 19:41:37,707 | INFO | apscheduler.executors.default | Running job "GameEngine.registration_watchdog (trigger: interval[0:00:05], next run at: 2026-08-19 14:41:42 UTC)" (scheduled at 2026-08-19 14:41:37.702445+00:00)
2026-08-19 19:41:37,713 | INFO | apscheduler.executors.default | Job "GameEngine.registration_watchdog (trigger: interval[0:00:05], next run at: 2026-08-19 14:41:42 UTC)" executed successfully
2026-08-19 19:41:42,714 | INFO | apscheduler.executors.default | Running job "GameEngine.registration_watchdog (trigger: interval[0:00:05], next run at: 2026-08-19 14:41:47 UTC)" (scheduled at 2026-08-19 14:41:42.702445+00:00)
2026-08-19 19:41:42,714 | INFO | apscheduler.executors.default | Job "GameEngine.registration_watchdog (trigger: interval[0:00:05], next run at: 2026-08-19 14:41:47 UTC)" executed successfully
2026-08-19 19:41:47,708 | INFO | apscheduler.executors.default | Running job "GameEngine.registration_watchdog (trigger: interval[0:00:05], next run at: 2026-08-19 14:41:52 UTC)" (scheduled at 2026-08-19 14:41:47.702445+00:00)
2026-08-19 19:41:47,708 | INFO | apscheduler.executors.default | Running job "GameEngine.send_pending_diamond_logs (trigger: interval[0:00:30], next run at: 2026-08-19 14:42:17 UTC)" (scheduled at 2026-08-19 14:41:47.708289+00:00)
2026-08-19 19:41:47,716 | INFO | apscheduler.executors.default | Job "GameEngine.registration_watchdog (trigger: interval[0:00:05], next run at: 2026-08-19 14:41:52 UTC)" executed successfully
2026-08-19 19:41:47,716 | INFO | apscheduler.executors.default | Job "GameEngine.send_pending_diamond_logs (trigger: interval[0:00:30], next run at: 2026-08-19 14:42:17 UTC)" executed successfully
2026-08-19 19:41:52,710 | INFO | apscheduler.executors.default | Running job "GameEngine.registration_watchdog (trigger: interval[0:00:05], next run at: 2026-08-19 14:41:57 UTC)" (scheduled at 2026-08-19 14:41:52.702445+00:00)
2026-08-19 19:41:52,714 | INFO | apscheduler.executors.default | Job "GameEngine.registration_watchdog (trigger: interval[0:00:05], next run at: 2026-08-19 14:41:57 UTC)" executed successfully
2026-08-19 19:41:57,707 | INFO | apscheduler.executors.default | Running job "GameEngine.registration_watchdog (trigger: interval[0:00:05], next run at: 2026-08-19 14:42:02 UTC)" (scheduled at 2026-08-19 14:41:57.702445+00:00)
2026-08-19 19:41:57,707 | INFO | apscheduler.executors.default | Job "GameEngine.registration_watchdog (trigger: interval[0:00:05], next run at: 2026-08-19 14:42:02 UTC)" executed successfully
2026-08-19 19:42:02,719 | INFO | apscheduler.executors.default | Running job "GameEngine.registration_watchdog (trigger: interval[0:00:05], next run at: 2026-08-19 14:42:07 UTC)" (scheduled at 2026-08-19 14:42:02.702445+00:00)
2026-08-19 19:42:02,719 | INFO | apscheduler.executors.default | Job "GameEngine.registration_watchdog (trigger: interval[0:00:05], next run at: 2026-08-19 14:42:07 UTC)" executed successfully
